2025-10-09 14:15:56,800 - TaskRunner - INFO - TaskRunner initialized with agent config: agents/configs/qwen_agent.yaml
2025-10-09 14:15:56,800 - TaskRunner - INFO - Run folder created: task46_logs/run_20251009_141556
2025-10-09 14:15:56,800 - TaskRunner - INFO - Run timestamp: 20251009_141556
2025-10-09 14:15:56,800 - TaskRunner - INFO - 📝 API errors will be logged to: task46_logs/run_20251009_141556/api_errors_20251009_141556.log
2025-10-09 14:15:56,800 - TaskRunner - INFO - 🎯 Starting task: data_v0.1_multi/benchmark/task_46_grand_mining_expedition.yaml
2025-10-09 14:15:56,828 - TaskRunner - INFO - Task: Grand Mining Expedition - Five-Team Advanced Ore Processing
2025-10-09 14:15:56,828 - TaskRunner - INFO - Description: Five agents work together to establish a complete mining and smelting operation, producing advanced metal equipment through coordinated resource gathering and crafting
2025-10-09 14:15:56,828 - TaskRunner - INFO - Primary objective: Establish a complete mining-to-crafting pipeline with five specialized agents to produce advanced metal equipment
2025-10-09 14:15:56,828 - TaskRunner - INFO - Agents: ['agent_1', 'agent_2', 'agent_3', 'agent_4', 'agent_5']
2025-10-09 14:15:56,828 - TaskRunner - INFO - 🎯 Starting multi-agent task execution
2025-10-09 14:15:56,828 - TaskRunner - INFO - 🛡️ Cleanup handlers registered
2025-10-09 14:15:56,828 - TaskRunner - INFO - 🔄 Initializing 5 agents...
2025-10-09 14:15:56,828 - TaskRunner - INFO - 🤖 Initializing agent: agent_1
2025-10-09 14:15:56,828 - TaskRunner - INFO - Force creating new character for agent_1
2025-10-09 14:15:57,211 - TaskRunner - INFO - Login result for agent_1: Character IronMinerAlpha logged in successfully. Token obtained.
2025-10-09 14:15:58,020 - TaskRunner - INFO - Applied initial state for agent_1: 11 operations
2025-10-09 14:15:58,058 - TaskRunner - INFO - 📊 agent_1 observation recorded (round 0)
2025-10-09 14:15:58,058 - TaskRunner - INFO - 📊 Initial observation recorded for agent_1
2025-10-09 14:15:58,058 - TaskRunner - INFO - ✅ Agent agent_1 initialized successfully
2025-10-09 14:15:58,058 - TaskRunner - INFO - 🤖 Initializing agent: agent_2
2025-10-09 14:15:58,059 - TaskRunner - INFO - Force creating new character for agent_2
2025-10-09 14:15:58,375 - TaskRunner - INFO - Login result for agent_2: Character CoalMinerBeta logged in successfully. Token obtained.
2025-10-09 14:15:59,090 - TaskRunner - INFO - Applied initial state for agent_2: 12 operations
2025-10-09 14:15:59,117 - TaskRunner - INFO - 📊 agent_2 observation recorded (round 0)
2025-10-09 14:15:59,117 - TaskRunner - INFO - 📊 Initial observation recorded for agent_2
2025-10-09 14:15:59,117 - TaskRunner - INFO - ✅ Agent agent_2 initialized successfully
2025-10-09 14:15:59,117 - TaskRunner - INFO - 🤖 Initializing agent: agent_3
2025-10-09 14:15:59,118 - TaskRunner - INFO - Force creating new character for agent_3
2025-10-09 14:15:59,438 - TaskRunner - INFO - Login result for agent_3: Character MasterSmelterGamma logged in successfully. Token obtained.
2025-10-09 14:16:00,217 - TaskRunner - INFO - Applied initial state for agent_3: 12 operations
2025-10-09 14:16:00,246 - TaskRunner - INFO - 📊 agent_3 observation recorded (round 0)
2025-10-09 14:16:00,246 - TaskRunner - INFO - 📊 Initial observation recorded for agent_3
2025-10-09 14:16:00,246 - TaskRunner - INFO - ✅ Agent agent_3 initialized successfully
2025-10-09 14:16:00,246 - TaskRunner - INFO - 🤖 Initializing agent: agent_4
2025-10-09 14:16:00,247 - TaskRunner - INFO - Force creating new character for agent_4
2025-10-09 14:16:00,569 - TaskRunner - INFO - Login result for agent_4: Character EquipmentCrafterDelta logged in successfully. Token obtained.
2025-10-09 14:16:01,323 - TaskRunner - INFO - Applied initial state for agent_4: 10 operations
2025-10-09 14:16:01,345 - TaskRunner - INFO - 📊 agent_4 observation recorded (round 0)
2025-10-09 14:16:01,345 - TaskRunner - INFO - 📊 Initial observation recorded for agent_4
2025-10-09 14:16:01,345 - TaskRunner - INFO - ✅ Agent agent_4 initialized successfully
2025-10-09 14:16:01,345 - TaskRunner - INFO - 🤖 Initializing agent: agent_5
2025-10-09 14:16:01,345 - TaskRunner - INFO - Force creating new character for agent_5
2025-10-09 14:16:01,609 - TaskRunner - INFO - Login result for agent_5: Character LogisticsCoordinatorEpsilon logged in successfully. Token obtained.
2025-10-09 14:16:02,314 - TaskRunner - INFO - Applied initial state for agent_5: 12 operations
2025-10-09 14:16:02,356 - TaskRunner - INFO - 📊 agent_5 observation recorded (round 0)
2025-10-09 14:16:02,357 - TaskRunner - INFO - 📊 Initial observation recorded for agent_5
2025-10-09 14:16:02,357 - TaskRunner - INFO - ✅ Agent agent_5 initialized successfully
2025-10-09 14:16:02,357 - TaskRunner - INFO - 🔄 Starting synchronized tool-call-level execution...
2025-10-09 14:16:02,357 - TaskRunner - INFO -    Each agent will execute exactly one tool call per turn
2025-10-09 14:16:02,357 - TaskRunner - INFO - ================================================================================
2025-10-09 14:16:02,357 - TaskRunner - INFO - 🔄 ROUND 1
2025-10-09 14:16:02,357 - TaskRunner - INFO - ================================================================================
2025-10-09 14:16:02,357 - TaskRunner - INFO -   🤖 agent_1 executing tool call...
2025-10-09 14:16:07,765 - TaskRunner - INFO -     💭 No tool call (thinking/planning)
2025-10-09 14:16:07,794 - TaskRunner - INFO -     📊 State: active | Actions: 0 | Chats: 0
2025-10-09 14:16:07,794 - TaskRunner - INFO -     📊 Lv.91 | XP:56977 | ❤️939/939 | 💙68/68 | 📍(230,38)
2025-10-09 14:16:07,794 - TaskRunner - INFO -     🔧 Tool call: check_inventory_status()
2025-10-09 14:16:07,794 - TaskRunner - INFO -     ✅ Result: 🎒 CURRENT INVENTORY: flask (15x), apple (20x), ironore (3x), coal (1x)
2025-10-09 14:16:07,795 - TaskRunner - INFO -     💭 Content: check_inventory_status()  🎒 CURRENT INVENTORY: flask (15x), apple (20x), ironore (3x), coal (1x)
2025-10-09 14:16:07,795 - TaskRunner - INFO - 📊 agent_1 observation recorded (round 1)
2025-10-09 14:16:07,796 - TaskRunner - INFO -   🤖 agent_2 executing tool call...
2025-10-09 14:16:12,724 - TaskRunner - INFO -     💭 No tool call (thinking/planning)
2025-10-09 14:16:12,742 - TaskRunner - INFO -     📊 State: active | Actions: 0 | Chats: 0
2025-10-09 14:16:12,742 - TaskRunner - INFO -     📊 Lv.81 | XP:42216 | ❤️939/939 | 💙68/68 | 📍(232,40)
2025-10-09 14:16:12,742 - TaskRunner - INFO -     🔧 Tool call: check_inventory_status()
2025-10-09 14:16:12,742 - TaskRunner - INFO -     ✅ Result: 🎒 CURRENT INVENTORY: flask (15x), apple (20x), coal (4x)
2025-10-09 14:16:12,742 - TaskRunner - INFO -     💭 Content: check_inventory_status()  🎒 CURRENT INVENTORY: flask (15x), apple (20x), coal (4x)
2025-10-09 14:16:12,743 - TaskRunner - INFO - 📊 agent_2 observation recorded (round 1)
2025-10-09 14:16:12,743 - TaskRunner - INFO -   🤖 agent_3 executing tool call...
2025-10-09 14:16:17,516 - TaskRunner - INFO -     💭 No tool call (thinking/planning)
2025-10-09 14:16:17,546 - TaskRunner - INFO -     📊 State: active | Actions: 0 | Chats: 0
2025-10-09 14:16:17,546 - TaskRunner - INFO -     📊 Lv.63 | XP:48462 | ❤️939/939 | 💙68/68 | 📍(235,42)
2025-10-09 14:16:17,546 - TaskRunner - INFO -     🔧 Tool call: check_inventory_status()
2025-10-09 14:16:17,546 - TaskRunner - INFO -     ✅ Result: 🎒 CURRENT INVENTORY: flask (15x), apple (20x), ironore (3x), coal (1x)
2025-10-09 14:16:17,546 - TaskRunner - INFO -     💭 Content: check_inventory_status()  🎒 CURRENT INVENTORY: flask (15x), apple (20x), ironore (3x), coal (1x)
2025-10-09 14:16:17,547 - TaskRunner - INFO - 📊 agent_3 observation recorded (round 1)
2025-10-09 14:16:17,547 - TaskRunner - INFO -   🤖 agent_4 executing tool call...
2025-10-09 14:16:23,235 - TaskRunner - INFO -     💭 No tool call (thinking/planning)
2025-10-09 14:16:23,261 - TaskRunner - INFO -     📊 State: active | Actions: 0 | Chats: 0
2025-10-09 14:16:23,261 - TaskRunner - INFO -     📊 Lv.58 | XP:37277 | ❤️939/939 | 💙68/68 | 📍(237,44)
2025-10-09 14:16:23,261 - TaskRunner - INFO -     🔧 Tool call: check_inventory_status()
2025-10-09 14:16:23,261 - TaskRunner - INFO -     ✅ Result: 🎒 CURRENT INVENTORY: flask (15x), apple (20x), hilt2 (1x)
2025-10-09 14:16:23,261 - TaskRunner - INFO -     💭 Content: check_inventory_status()  🎒 CURRENT INVENTORY: flask (15x), apple (20x), hilt2 (1x)
2025-10-09 14:16:23,262 - TaskRunner - INFO - 📊 agent_4 observation recorded (round 1)
2025-10-09 14:16:23,262 - TaskRunner - INFO -   🤖 agent_5 executing tool call...
2025-10-09 14:16:28,340 - TaskRunner - INFO -     💭 No tool call (thinking/planning)
2025-10-09 14:16:28,369 - TaskRunner - INFO -     📊 State: active | Actions: 0 | Chats: 0
2025-10-09 14:16:28,369 - TaskRunner - INFO -     📊 Lv.81 | XP:44550 | ❤️939/939 | 💙68/68 | 📍(240,35)
2025-10-09 14:16:28,369 - TaskRunner - INFO -     🔧 Tool call: check_inventory_status()
2025-10-09 14:16:28,370 - TaskRunner - INFO -     ✅ Result: 🎒 CURRENT INVENTORY: flask (15x), apple (20x)
2025-10-09 14:16:28,370 - TaskRunner - INFO -     💭 Content: check_inventory_status()  🎒 CURRENT INVENTORY: flask (15x), apple (20x)
2025-10-09 14:16:28,370 - TaskRunner - INFO - 📊 agent_5 observation recorded (round 1)
2025-10-09 14:16:28,370 - TaskRunner - INFO - 📊 Round 1 Summary: Active=5, Completed=0, Failed=0
2025-10-09 14:16:28,370 - TaskRunner - INFO - ================================================================================
2025-10-09 14:16:28,370 - TaskRunner - INFO - 🔄 ROUND 2
2025-10-09 14:16:28,370 - TaskRunner - INFO - ================================================================================
2025-10-09 14:16:28,370 - TaskRunner - INFO -   🤖 agent_1 executing tool call...
2025-10-09 14:16:32,931 - TaskRunner - INFO -     🔧 Tool called: chat(message=My inventory: ironore (3x)
2025-10-09 14:16:32,931 - TaskRunner - INFO - 💬 agent_1: My inventory: ironore (3x), coal (1x), flask (15x), apple (20x). What does everyone else have? Ready to coordinate the mining expedition.
2025-10-09 14:16:32,964 - TaskRunner - INFO -     📊 State: active | Actions: 0 | Chats: 1
2025-10-09 14:16:32,964 - TaskRunner - INFO -     📊 Lv.91 | XP:56977 | ❤️939/939 | 💙68/68 | 📍(230,38)
2025-10-09 14:16:32,964 - TaskRunner - INFO -     🔧 Tool call: chat(message=My inventory: ironore (3x), co...)
2025-10-09 14:16:32,964 - TaskRunner - INFO -     ✅ Result: Global chat message sent: My inventory: ironore (3x), coal (1x), flask (15x), apple (20x). What does everyone else have? Ready to coordinate the mining expedition.
2025-10-09 14:16:32,964 - TaskRunner - INFO -     💭 Content: chat(message=My inventory: ironore (3x), co...)  Global chat message sent: My inventory: ironore (...
2025-10-09 14:16:32,965 - TaskRunner - INFO - 📊 agent_1 observation recorded (round 2)
2025-10-09 14:16:32,965 - TaskRunner - INFO -   🤖 agent_2 executing tool call...
2025-10-09 14:16:40,711 - TaskRunner - INFO -     🔧 Tool called: chat(message=My inventory: coal (4x)
2025-10-09 14:16:40,711 - TaskRunner - INFO - 💬 agent_2: My inventory: coal (4x), flask (15x), apple (20x). I'm ready to assist with coal supply for smelting operations. What does everyone else have? Let's coordinate our mining and crafting pipeline.
2025-10-09 14:16:40,745 - TaskRunner - INFO -     📊 State: active | Actions: 0 | Chats: 1
2025-10-09 14:16:40,745 - TaskRunner - INFO -     📊 Lv.81 | XP:42216 | ❤️939/939 | 💙68/68 | 📍(232,40)
2025-10-09 14:16:40,745 - TaskRunner - INFO -     🔧 Tool call: chat(message=My inventory: coal (4x), flask...)
2025-10-09 14:16:40,745 - TaskRunner - INFO -     ✅ Result: Global chat message sent: My inventory: coal (4x), flask (15x), apple (20x). I'm ready to assist with coal supply for smelting operations. What does everyone else have? Let's coordinate our mining and crafting pipeline.
2025-10-09 14:16:40,745 - TaskRunner - INFO -     💭 Content: chat(message=My inventory: coal (4x), flask...)  Global chat message sent: My inventory: coal (4x)...
2025-10-09 14:16:40,746 - TaskRunner - INFO - 📊 agent_2 observation recorded (round 2)
2025-10-09 14:16:40,746 - TaskRunner - INFO -   🤖 agent_3 executing tool call...
2025-10-09 14:16:45,197 - TaskRunner - INFO -     🔧 Tool called: chat(message=My inventory: ironore (3x)
2025-10-09 14:16:45,197 - TaskRunner - INFO - 💬 agent_3: My inventory: ironore (3x), coal (1x), flask (15x), apple (20x). What does everyone else have? Ready to coordinate the smelting operations.
2025-10-09 14:16:45,229 - TaskRunner - INFO -     📊 State: active | Actions: 0 | Chats: 1
2025-10-09 14:16:45,229 - TaskRunner - INFO -     📊 Lv.63 | XP:48462 | ❤️939/939 | 💙68/68 | 📍(235,42)
2025-10-09 14:16:45,229 - TaskRunner - INFO -     🔧 Tool call: chat(message=My inventory: ironore (3x), co...)
2025-10-09 14:16:45,229 - TaskRunner - INFO -     ✅ Result: Global chat message sent: My inventory: ironore (3x), coal (1x), flask (15x), apple (20x). What does everyone else have? Ready to coordinate the smelting operations.
2025-10-09 14:16:45,229 - TaskRunner - INFO -     💭 Content: chat(message=My inventory: ironore (3x), co...)  Global chat message sent: My inventory: ironore (...
2025-10-09 14:16:45,229 - TaskRunner - INFO - 📊 agent_3 observation recorded (round 2)
2025-10-09 14:16:45,230 - TaskRunner - INFO -   🤖 agent_4 executing tool call...
2025-10-09 14:16:51,843 - TaskRunner - INFO -     🔧 Tool called: chat(message=My inventory: flask (15x)
2025-10-09 14:16:51,843 - TaskRunner - INFO - 💬 agent_4: My inventory: flask (15x), apple (20x), hilt2 (1x). I have the hilt2 needed for sword2 crafting. What does everyone else have? Ready to coordinate the crafting pipeline.
2025-10-09 14:16:51,880 - TaskRunner - INFO -     📊 State: active | Actions: 0 | Chats: 1
2025-10-09 14:16:51,880 - TaskRunner - INFO -     📊 Lv.58 | XP:37277 | ❤️939/939 | 💙68/68 | 📍(237,44)
2025-10-09 14:16:51,880 - TaskRunner - INFO -     🔧 Tool call: chat(message=My inventory: flask (15x), app...)
2025-10-09 14:16:51,880 - TaskRunner - INFO -     ✅ Result: Global chat message sent: My inventory: flask (15x), apple (20x), hilt2 (1x). I have the hilt2 needed for sword2 crafting. What does everyone else have? Ready to coordinate the crafting pipeline.
2025-10-09 14:16:51,881 - TaskRunner - INFO -     💭 Content: chat(message=My inventory: flask (15x), app...)  Global chat message sent: My inventory: flask (15...
2025-10-09 14:16:51,881 - TaskRunner - INFO - 📊 agent_4 observation recorded (round 2)
2025-10-09 14:16:51,881 - TaskRunner - INFO -   🤖 agent_5 executing tool call...
2025-10-09 14:16:57,428 - TaskRunner - INFO -     🔧 Tool called: chat(message=My inventory: flask (15x)
2025-10-09 14:16:57,428 - TaskRunner - INFO - 💬 agent_5: My inventory: flask (15x), apple (20x). I don't have any resources yet. I'll start gathering logs for the team. What does everyone else have? Let's coordinate our roles.
2025-10-09 14:16:57,464 - TaskRunner - INFO -     📊 State: active | Actions: 0 | Chats: 1
2025-10-09 14:16:57,464 - TaskRunner - INFO -     📊 Lv.81 | XP:44550 | ❤️939/939 | 💙68/68 | 📍(240,35)
2025-10-09 14:16:57,464 - TaskRunner - INFO -     🔧 Tool call: chat(message=My inventory: flask (15x), app...)
2025-10-09 14:16:57,464 - TaskRunner - INFO -     ✅ Result: Global chat message sent: My inventory: flask (15x), apple (20x). I don't have any resources yet. I'll start gathering logs for the team. What does everyone else have? Let's coordinate our roles.
2025-10-09 14:16:57,464 - TaskRunner - INFO -     💭 Content: chat(message=My inventory: flask (15x), app...)  Global chat message sent: My inventory: flask (15...
2025-10-09 14:16:57,465 - TaskRunner - INFO - 📊 agent_5 observation recorded (round 2)
2025-10-09 14:16:57,465 - TaskRunner - INFO - 📊 Round 2 Summary: Active=5, Completed=0, Failed=0
2025-10-09 14:16:57,465 - TaskRunner - INFO - ================================================================================
2025-10-09 14:16:57,465 - TaskRunner - INFO - 🔄 ROUND 3
2025-10-09 14:16:57,465 - TaskRunner - INFO - ================================================================================
2025-10-09 14:16:57,465 - TaskRunner - INFO -   🤖 agent_1 executing tool call...
2025-10-09 14:17:02,222 - TaskRunner - INFO -     🔧 Tool called: move_character(x=237, y=44)
2025-10-09 14:17:02,244 - TaskRunner - INFO -     📊 State: active | Actions: 1 | Chats: 1
2025-10-09 14:17:02,244 - TaskRunner - INFO -     📊 Lv.91 | XP:56977 | ❤️939/939 | 💙68/68 | 📍(237,44)
2025-10-09 14:17:02,244 - TaskRunner - INFO -     🔧 Tool call: move_character(x=237, y=44)
2025-10-09 14:17:02,245 - TaskRunner - INFO -     ✅ Result: Character moved from (230, 38) to (237, 44) (distance: 13 tiles)
2025-10-09 14:17:02,245 - TaskRunner - INFO -     💭 Content: move_character(x=237, y=44)  Character moved from (230, 38) to (237, 44) (distance: 13 tiles)
2025-10-09 14:17:02,245 - TaskRunner - INFO - 📊 agent_1 observation recorded (round 3)
2025-10-09 14:17:02,246 - TaskRunner - INFO -   🤖 agent_2 executing tool call...
2025-10-09 14:17:06,879 - TaskRunner - INFO -     🔧 Tool called: move_character(x=247, y=31)
2025-10-09 14:17:06,899 - TaskRunner - INFO -     📊 State: active | Actions: 1 | Chats: 1
2025-10-09 14:17:06,900 - TaskRunner - INFO -     📊 Lv.81 | XP:42216 | ❤️939/939 | 💙68/68 | 📍(247,31)
2025-10-09 14:17:06,900 - TaskRunner - INFO -     🔧 Tool call: move_character(x=247, y=31)
2025-10-09 14:17:06,900 - TaskRunner - INFO -     ✅ Result: Character moved from (232, 40) to (247, 31) (distance: 24 tiles)
2025-10-09 14:17:06,900 - TaskRunner - INFO -     💭 Content: move_character(x=247, y=31)  Character moved from (232, 40) to (247, 31) (distance: 24 tiles)
2025-10-09 14:17:06,901 - TaskRunner - INFO - 📊 agent_2 observation recorded (round 3)
2025-10-09 14:17:06,901 - TaskRunner - INFO -   🤖 agent_3 executing tool call...
2025-10-09 14:17:12,164 - TaskRunner - INFO -     💭 No tool call (thinking/planning)
2025-10-09 14:17:12,195 - TaskRunner - INFO -     📊 State: active | Actions: 0 | Chats: 1
2025-10-09 14:17:12,195 - TaskRunner - INFO -     📊 Lv.63 | XP:48462 | ❤️939/939 | 💙68/68 | 📍(235,42)
2025-10-09 14:17:12,195 - TaskRunner - INFO -     🔧 Tool call: verify_inventory(required_items=['ironore', 'coal'])
2025-10-09 14:17:12,195 - TaskRunner - INFO -     ✅ Result: 📋 INVENTORY VERIFICATION:
2025-10-09 14:17:12,195 - TaskRunner - INFO -     💭 Content: verify_inventory(required_items=['ironore', 'coal'])  📋 INVENTORY VERIFICATION: 🎒 Complete Invento...
2025-10-09 14:17:12,196 - TaskRunner - INFO - 📊 agent_3 observation recorded (round 3)
2025-10-09 14:17:12,196 - TaskRunner - INFO -   🤖 agent_4 executing tool call...
2025-10-09 14:17:17,092 - TaskRunner - INFO -     💭 No tool call (thinking/planning)
2025-10-09 14:17:17,129 - TaskRunner - INFO -     📊 State: active | Actions: 0 | Chats: 1
2025-10-09 14:17:17,130 - TaskRunner - INFO -     📊 Lv.58 | XP:37277 | ❤️939/939 | 💙68/68 | 📍(237,44)
2025-10-09 14:17:17,130 - TaskRunner - INFO -     🔧 Tool call: verify_inventory(required_items=['hilt2'])
2025-10-09 14:17:17,130 - TaskRunner - INFO -     ✅ Result: 📋 INVENTORY VERIFICATION:
2025-10-09 14:17:17,130 - TaskRunner - INFO -     💭 Content: verify_inventory(required_items=['hilt2'])  📋 INVENTORY VERIFICATION: 🎒 Complete Inventory: flask...
2025-10-09 14:17:17,130 - TaskRunner - INFO - 📊 agent_4 observation recorded (round 3)
2025-10-09 14:17:17,130 - TaskRunner - INFO -   🤖 agent_5 executing tool call...
2025-10-09 14:17:21,939 - TaskRunner - INFO -     🔧 Tool called: move_character(x=239, y=30)
2025-10-09 14:17:21,957 - TaskRunner - INFO -     📊 State: active | Actions: 1 | Chats: 1
2025-10-09 14:17:21,958 - TaskRunner - INFO -     📊 Lv.81 | XP:44550 | ❤️939/939 | 💙68/68 | 📍(239,30)
2025-10-09 14:17:21,958 - TaskRunner - INFO -     🔧 Tool call: move_character(x=239, y=30)
2025-10-09 14:17:21,958 - TaskRunner - INFO -     ✅ Result: Character moved from (240, 35) to (239, 30) (distance: 6 tiles)
2025-10-09 14:17:21,958 - TaskRunner - INFO -     💭 Content: move_character(x=239, y=30)  Character moved from (240, 35) to (239, 30) (distance: 6 tiles)
2025-10-09 14:17:21,959 - TaskRunner - INFO - 📊 agent_5 observation recorded (round 3)
2025-10-09 14:17:21,959 - TaskRunner - INFO - 📊 Round 3 Summary: Active=5, Completed=0, Failed=0
2025-10-09 14:17:21,959 - TaskRunner - INFO - ================================================================================
2025-10-09 14:17:21,959 - TaskRunner - INFO - 🔄 ROUND 4
2025-10-09 14:17:21,959 - TaskRunner - INFO - ================================================================================
2025-10-09 14:17:21,959 - TaskRunner - INFO -   🤖 agent_1 executing tool call...
2025-10-09 14:17:30,491 - TaskRunner - INFO -     🔧 Tool called: attack_entity(targetInstance=3241971796)
2025-10-09 14:17:30,527 - TaskRunner - INFO -     📊 State: active | Actions: 2 | Chats: 1
2025-10-09 14:17:30,527 - TaskRunner - INFO -     📊 Lv.91 | XP:57017 | ❤️936/939 | 💙68/68 | 📍(239,45) ⚔️
2025-10-09 14:17:30,528 - TaskRunner - INFO -     🔧 Tool call: attack_entity(targetInstance=3241971796)
2025-10-09 14:17:30,528 - TaskRunner - INFO -     ✅ Result: Moved from (237, 44) to (239, 44) to attack Iron Ogre. Attack initiated successfully on Iron Ogre: Attack initiated successfully After combat, moved to (239, 45) to collect any dropped items.
2025-10-09 14:17:30,528 - TaskRunner - INFO -     💭 Content: attack_entity(targetInstance=3241971796)  Moved from (237, 44) to (239, 44) to attack Iron Ogre. A...
2025-10-09 14:17:30,528 - TaskRunner - INFO - 📊 agent_1 observation recorded (round 4)
2025-10-09 14:17:30,528 - TaskRunner - INFO -   🤖 agent_2 executing tool call...
2025-10-09 14:17:36,054 - TaskRunner - INFO -     🔧 Tool called: move_character(x=251, y=32)
2025-10-09 14:17:36,079 - TaskRunner - INFO -     📊 State: active | Actions: 2 | Chats: 1
2025-10-09 14:17:36,079 - TaskRunner - INFO -     📊 Lv.81 | XP:42216 | ❤️939/939 | 💙68/68 | 📍(251,32)
2025-10-09 14:17:36,080 - TaskRunner - INFO -     🔧 Tool call: move_character(x=251, y=32)
2025-10-09 14:17:36,080 - TaskRunner - INFO -     ✅ Result: Character moved from (247, 31) to (251, 32) (distance: 5 tiles)
2025-10-09 14:17:36,080 - TaskRunner - INFO -     💭 Content: move_character(x=251, y=32)  Character moved from (247, 31) to (251, 32) (distance: 5 tiles)
2025-10-09 14:17:36,080 - TaskRunner - INFO - 📊 agent_2 observation recorded (round 4)
2025-10-09 14:17:36,080 - TaskRunner - INFO -   🤖 agent_3 executing tool call...
2025-10-09 14:17:41,119 - TaskRunner - INFO -     🔧 Tool called: craft_item(skill=Smelting, itemKey=ironbar, count=1)
2025-10-09 14:17:41,150 - TaskRunner - INFO -     📊 State: active | Actions: 1 | Chats: 1
2025-10-09 14:17:41,151 - TaskRunner - INFO -     📊 Lv.63 | XP:48497 | ❤️939/939 | 💙68/68 | 📍(235,42)
2025-10-09 14:17:41,151 - TaskRunner - INFO -     🔧 Tool call: craft_item(skill=Smelting, itemKey=ironbar, count=1)
2025-10-09 14:17:41,151 - TaskRunner - INFO -     ✅ Result: Successfully crafted 1x ironbar!
2025-10-09 14:17:41,151 - TaskRunner - INFO -     💭 Content: craft_item(skill=Smelting, itemKey=ironbar, count=1)  Successfully crafted 1x ironbar!
2025-10-09 14:17:41,151 - TaskRunner - INFO - 📊 agent_3 observation recorded (round 4)
2025-10-09 14:17:41,152 - TaskRunner - INFO -   🤖 agent_4 executing tool call...
2025-10-09 14:17:45,277 - TaskRunner - INFO -     🔧 Tool called: move_character(x=239, y=45)
2025-10-09 14:17:45,306 - TaskRunner - INFO -     📊 State: active | Actions: 1 | Chats: 1
2025-10-09 14:17:45,306 - TaskRunner - INFO -     📊 Lv.58 | XP:37282 | ❤️939/939 | 💙68/68 | 📍(239,45)
2025-10-09 14:17:45,307 - TaskRunner - INFO -     🔧 Tool call: move_character(x=239, y=45)
2025-10-09 14:17:45,307 - TaskRunner - INFO -     ✅ Result: Character moved from (237, 44) to (239, 45) (distance: 3 tiles)
2025-10-09 14:17:45,307 - TaskRunner - INFO -     💭 Content: move_character(x=239, y=45)  Character moved from (237, 44) to (239, 45) (distance: 3 tiles)
2025-10-09 14:17:45,307 - TaskRunner - INFO - 📊 agent_4 observation recorded (round 4)
2025-10-09 14:17:45,307 - TaskRunner - INFO -   🤖 agent_5 executing tool call...
2025-10-09 14:18:23,571 - TaskRunner - INFO -     🔧 Tool called: harvest_resource(targetInstance=66772143)
2025-10-09 14:18:23,596 - TaskRunner - INFO -     📊 State: active | Actions: 2 | Chats: 1
2025-10-09 14:18:23,596 - TaskRunner - INFO -     📊 Lv.81 | XP:44550 | ❤️939/939 | 💙68/68 | 📍(239,30)
2025-10-09 14:18:23,596 - TaskRunner - INFO -     🔧 Tool call: harvest_resource(targetInstance=66772143)
2025-10-09 14:18:23,597 - TaskRunner - INFO -     ✅ Result: Already near Oak2 Tree. ⏳ HARVEST IN PROGRESS: Chopping Oak2 Tree at (239, 30)
2025-10-09 14:18:23,597 - TaskRunner - INFO -     💭 Content: harvest_resource(targetInstance=66772143)  Already near Oak2 Tree. ⏳ HARVEST IN PROGRESS: Chopping...
2025-10-09 14:18:23,597 - TaskRunner - INFO - 📊 agent_5 observation recorded (round 4)
2025-10-09 14:18:23,597 - TaskRunner - INFO - 📊 Round 4 Summary: Active=5, Completed=0, Failed=0
2025-10-09 14:18:23,597 - TaskRunner - INFO - ================================================================================
2025-10-09 14:18:23,597 - TaskRunner - INFO - 🔄 ROUND 5
2025-10-09 14:18:23,597 - TaskRunner - INFO - ================================================================================
2025-10-09 14:18:23,597 - TaskRunner - INFO -   🤖 agent_1 executing tool call...
2025-10-09 14:18:29,040 - TaskRunner - INFO -     💭 No tool call (thinking/planning)
2025-10-09 14:18:29,069 - TaskRunner - INFO -     📊 State: active | Actions: 2 | Chats: 1
2025-10-09 14:18:29,069 - TaskRunner - INFO -     📊 Lv.91 | XP:57032 | ❤️939/939 | 💙68/68 | 📍(239,45)
2025-10-09 14:18:29,069 - TaskRunner - INFO -     🔧 Tool call: verify_inventory(required_items=['ironore'])
2025-10-09 14:18:29,069 - TaskRunner - INFO -     ✅ Result: 📋 INVENTORY VERIFICATION:
2025-10-09 14:18:29,069 - TaskRunner - INFO -     💭 Content: verify_inventory(required_items=['ironore'])  📋 INVENTORY VERIFICATION: 🎒 Complete Inventory: flas...
2025-10-09 14:18:29,070 - TaskRunner - INFO - 📊 agent_1 observation recorded (round 5)
2025-10-09 14:18:29,070 - TaskRunner - INFO -   🤖 agent_2 executing tool call...
2025-10-09 14:18:35,277 - TaskRunner - INFO -     🔧 Tool called: chat(message=I'm at position (251, 32)
2025-10-09 14:18:35,277 - TaskRunner - INFO - 💬 agent_2: I'm at position (251, 32) with 4 coal available for the team. Ready to transfer coal to MasterSmelterGamma when needed. Does anyone need coal for smelting operations?
2025-10-09 14:18:35,311 - TaskRunner - INFO -     📊 State: active | Actions: 2 | Chats: 2
2025-10-09 14:18:35,312 - TaskRunner - INFO -     📊 Lv.81 | XP:42216 | ❤️939/939 | 💙68/68 | 📍(251,32)
2025-10-09 14:18:35,312 - TaskRunner - INFO -     🔧 Tool call: chat(message=I'm at position (251, 32) with...)
2025-10-09 14:18:35,312 - TaskRunner - INFO -     ✅ Result: Global chat message sent: I'm at position (251, 32) with 4 coal available for the team. Ready to transfer coal to MasterSmelterGamma when needed. Does anyone need coal for smelting operations?
2025-10-09 14:18:35,312 - TaskRunner - INFO -     💭 Content: chat(message=I'm at position (251, 32) with...)  Global chat message sent: I'm at position (251, 3...
2025-10-09 14:18:35,313 - TaskRunner - INFO - 📊 agent_2 observation recorded (round 5)
2025-10-09 14:18:35,313 - TaskRunner - INFO -   🤖 agent_3 executing tool call...
2025-10-09 14:18:40,033 - TaskRunner - ERROR - ❌ [HTTP ERROR] POST /ai/craft - Attempt 1/3
2025-10-09 14:18:40,034 - TaskRunner - ERROR -    📍 URL: http://localhost:7031/ai/craft
2025-10-09 14:18:40,034 - TaskRunner - ERROR -    📊 Status Code: 400
2025-10-09 14:18:40,034 - TaskRunner - ERROR -    💬 Error Message: Missing required materials
2025-10-09 14:18:40,034 - TaskRunner - ERROR -    📤 Request Data: {"token": "a57a2e444f8e5d64cd750795c2d7731e", "type": "Smelting", "itemKey": "ironbar", "count": 1}
2025-10-09 14:18:40,034 - TaskRunner - ERROR -    📤 Request Params: None
2025-10-09 14:18:40,034 - TaskRunner - ERROR -    📥 Response Headers: {"X-Powered-By": "Express", "Content-Type": "application/json; charset=utf-8", "Content-Length": "248", "ETag": "W/\"f8-bbqsDmPCbU8YZ7iTynJC/rEcC38\"", "Date": "Thu, 09 Oct 2025 18:18:40 GMT", "Connection": "keep-alive", "Keep-Alive": "timeout=5"}
2025-10-09 14:18:40,034 - TaskRunner - ERROR -    📥 Full Response: {"status":"error","message":"Missing required materials","missingMaterials":[{"key":"coal","name":"Coal","required":1,"available":0,"missing":1}],"requirements":[{"key":"ironore","name":"Iron Ore","count":1},{"key":"coal","name":"Coal","count":1}]}
2025-10-09 14:18:40,035 - TaskRunner - ERROR - ❌ [HTTP ERROR] POST /ai/craft - Attempt 1/3
2025-10-09 14:18:40,035 - TaskRunner - ERROR -    📍 URL: http://localhost:7031/ai/craft
2025-10-09 14:18:40,035 - TaskRunner - ERROR -    📊 Status Code: 400
2025-10-09 14:18:40,035 - TaskRunner - ERROR -    💬 Error Message: Missing required materials
2025-10-09 14:18:40,035 - TaskRunner - ERROR -    📤 Request Data: {"token": "a57a2e444f8e5d64cd750795c2d7731e", "type": "Smelting", "itemKey": "ironbar", "count": 1}
2025-10-09 14:18:40,035 - TaskRunner - ERROR -    📤 Request Params: None
2025-10-09 14:18:40,035 - TaskRunner - ERROR -    📥 Response Headers: {"X-Powered-By": "Express", "Content-Type": "application/json; charset=utf-8", "Content-Length": "248", "ETag": "W/\"f8-bbqsDmPCbU8YZ7iTynJC/rEcC38\"", "Date": "Thu, 09 Oct 2025 18:18:40 GMT", "Connection": "keep-alive", "Keep-Alive": "timeout=5"}
2025-10-09 14:18:40,036 - TaskRunner - ERROR -    📥 Full Response: {"status":"error","message":"Missing required materials","missingMaterials":[{"key":"coal","name":"Coal","required":1,"available":0,"missing":1}],"requirements":[{"key":"ironore","name":"Iron Ore","count":1},{"key":"coal","name":"Coal","count":1}]}
2025-10-09 14:18:41,040 - TaskRunner - ERROR - ❌ [HTTP ERROR] POST /ai/craft - Attempt 2/3
2025-10-09 14:18:41,041 - TaskRunner - ERROR -    📍 URL: http://localhost:7031/ai/craft
2025-10-09 14:18:41,041 - TaskRunner - ERROR -    📊 Status Code: 400
2025-10-09 14:18:41,041 - TaskRunner - ERROR -    💬 Error Message: Missing required materials
2025-10-09 14:18:41,041 - TaskRunner - ERROR -    📤 Request Data: {"token": "a57a2e444f8e5d64cd750795c2d7731e", "type": "Smelting", "itemKey": "ironbar", "count": 1}
2025-10-09 14:18:41,041 - TaskRunner - ERROR -    📤 Request Params: None
2025-10-09 14:18:41,041 - TaskRunner - ERROR -    📥 Response Headers: {"X-Powered-By": "Express", "Content-Type": "application/json; charset=utf-8", "Content-Length": "248", "ETag": "W/\"f8-bbqsDmPCbU8YZ7iTynJC/rEcC38\"", "Date": "Thu, 09 Oct 2025 18:18:41 GMT", "Connection": "keep-alive", "Keep-Alive": "timeout=5"}
2025-10-09 14:18:41,041 - TaskRunner - ERROR -    📥 Full Response: {"status":"error","message":"Missing required materials","missingMaterials":[{"key":"coal","name":"Coal","required":1,"available":0,"missing":1}],"requirements":[{"key":"ironore","name":"Iron Ore","count":1},{"key":"coal","name":"Coal","count":1}]}
2025-10-09 14:18:41,042 - TaskRunner - ERROR - ❌ [HTTP ERROR] POST /ai/craft - Attempt 2/3
2025-10-09 14:18:41,042 - TaskRunner - ERROR -    📍 URL: http://localhost:7031/ai/craft
2025-10-09 14:18:41,042 - TaskRunner - ERROR -    📊 Status Code: 400
2025-10-09 14:18:41,042 - TaskRunner - ERROR -    💬 Error Message: Missing required materials
2025-10-09 14:18:41,042 - TaskRunner - ERROR -    📤 Request Data: {"token": "a57a2e444f8e5d64cd750795c2d7731e", "type": "Smelting", "itemKey": "ironbar", "count": 1}
2025-10-09 14:18:41,042 - TaskRunner - ERROR -    📤 Request Params: None
2025-10-09 14:18:41,042 - TaskRunner - ERROR -    📥 Response Headers: {"X-Powered-By": "Express", "Content-Type": "application/json; charset=utf-8", "Content-Length": "248", "ETag": "W/\"f8-bbqsDmPCbU8YZ7iTynJC/rEcC38\"", "Date": "Thu, 09 Oct 2025 18:18:41 GMT", "Connection": "keep-alive", "Keep-Alive": "timeout=5"}
2025-10-09 14:18:41,043 - TaskRunner - ERROR -    📥 Full Response: {"status":"error","message":"Missing required materials","missingMaterials":[{"key":"coal","name":"Coal","required":1,"available":0,"missing":1}],"requirements":[{"key":"ironore","name":"Iron Ore","count":1},{"key":"coal","name":"Coal","count":1}]}
2025-10-09 14:18:42,048 - TaskRunner - ERROR - ❌ [HTTP ERROR] POST /ai/craft - Attempt 3/3
2025-10-09 14:18:42,048 - TaskRunner - ERROR -    📍 URL: http://localhost:7031/ai/craft
2025-10-09 14:18:42,048 - TaskRunner - ERROR -    📊 Status Code: 400
2025-10-09 14:18:42,048 - TaskRunner - ERROR -    💬 Error Message: Missing required materials
2025-10-09 14:18:42,048 - TaskRunner - ERROR -    📤 Request Data: {"token": "a57a2e444f8e5d64cd750795c2d7731e", "type": "Smelting", "itemKey": "ironbar", "count": 1}
2025-10-09 14:18:42,049 - TaskRunner - ERROR -    📤 Request Params: None
2025-10-09 14:18:42,049 - TaskRunner - ERROR -    📥 Response Headers: {"X-Powered-By": "Express", "Content-Type": "application/json; charset=utf-8", "Content-Length": "248", "ETag": "W/\"f8-bbqsDmPCbU8YZ7iTynJC/rEcC38\"", "Date": "Thu, 09 Oct 2025 18:18:42 GMT", "Connection": "keep-alive", "Keep-Alive": "timeout=5"}
2025-10-09 14:18:42,049 - TaskRunner - ERROR -    📥 Full Response: {"status":"error","message":"Missing required materials","missingMaterials":[{"key":"coal","name":"Coal","required":1,"available":0,"missing":1}],"requirements":[{"key":"ironore","name":"Iron Ore","count":1},{"key":"coal","name":"Coal","count":1}]}
2025-10-09 14:18:42,049 - TaskRunner - ERROR - ❌ [HTTP ERROR] POST /ai/craft - Attempt 3/3
2025-10-09 14:18:42,049 - TaskRunner - ERROR -    📍 URL: http://localhost:7031/ai/craft
2025-10-09 14:18:42,049 - TaskRunner - ERROR -    📊 Status Code: 400
2025-10-09 14:18:42,049 - TaskRunner - ERROR -    💬 Error Message: Missing required materials
2025-10-09 14:18:42,050 - TaskRunner - ERROR -    📤 Request Data: {"token": "a57a2e444f8e5d64cd750795c2d7731e", "type": "Smelting", "itemKey": "ironbar", "count": 1}
2025-10-09 14:18:42,050 - TaskRunner - ERROR -    📤 Request Params: None
2025-10-09 14:18:42,050 - TaskRunner - ERROR -    📥 Response Headers: {"X-Powered-By": "Express", "Content-Type": "application/json; charset=utf-8", "Content-Length": "248", "ETag": "W/\"f8-bbqsDmPCbU8YZ7iTynJC/rEcC38\"", "Date": "Thu, 09 Oct 2025 18:18:42 GMT", "Connection": "keep-alive", "Keep-Alive": "timeout=5"}
2025-10-09 14:18:42,050 - TaskRunner - ERROR -    📥 Full Response: {"status":"error","message":"Missing required materials","missingMaterials":[{"key":"coal","name":"Coal","required":1,"available":0,"missing":1}],"requirements":[{"key":"ironore","name":"Iron Ore","count":1},{"key":"coal","name":"Coal","count":1}]}
2025-10-09 14:18:42,050 - TaskRunner - ERROR - ❌ FINAL HTTP ERROR: HTTP 400 error after 3 attempts: 400 Client Error: Bad Request for url: http://localhost:7031/ai/craft
2025-10-09 14:18:42,089 - TaskRunner - INFO -     🔧 Tool called: craft_item(skill=Smelting, itemKey=ironbar, count=1)
2025-10-09 14:18:42,128 - TaskRunner - INFO -     📊 State: active | Actions: 2 | Chats: 1
2025-10-09 14:18:42,129 - TaskRunner - INFO -     📊 Lv.63 | XP:48512 | ❤️939/939 | 💙68/68 | 📍(235,42)
2025-10-09 14:18:42,129 - TaskRunner - INFO -     🔧 Tool call: craft_item(skill=Smelting, itemKey=ironbar, count=1)
2025-10-09 14:18:42,129 - TaskRunner - INFO -     ✅ Result: Failed to craft ironbar: HTTP 400 error after 3 attempts: 400 Client Error: Bad Request for url: http://localhost:7031/ai/craft
2025-10-09 14:18:42,129 - TaskRunner - INFO -     💭 Content: craft_item(skill=Smelting, itemKey=ironbar, count=1)  Failed to craft ironbar: HTTP 400 error afte...
2025-10-09 14:18:42,130 - TaskRunner - INFO - 📊 agent_3 observation recorded (round 5)
2025-10-09 14:18:42,130 - TaskRunner - INFO -   🤖 agent_4 executing tool call...
2025-10-09 14:18:49,061 - TaskRunner - INFO -     🔧 Tool called: chat(message=I'm moving to (239, 45)
2025-10-09 14:18:49,062 - TaskRunner - INFO - 💬 agent_4: I'm moving to (239, 45) to meet with IronMinerAlpha and coordinate the next steps for our mining and crafting pipeline. Who has iron bars ready for crafting equipment?
2025-10-09 14:18:49,097 - TaskRunner - INFO -     📊 State: active | Actions: 1 | Chats: 2
2025-10-09 14:18:49,097 - TaskRunner - INFO -     📊 Lv.58 | XP:37282 | ❤️677/939 | 💙68/68 | 📍(240,45) ⚔️
2025-10-09 14:18:49,097 - TaskRunner - INFO -     🔧 Tool call: chat(message=I'm moving to (239, 45) to mee...)
2025-10-09 14:18:49,097 - TaskRunner - INFO -     ✅ Result: Global chat message sent: I'm moving to (239, 45) to meet with IronMinerAlpha and coordinate the next steps for our mining and crafting pipeline. Who has iron bars ready for crafting equipment?
2025-10-09 14:18:49,097 - TaskRunner - INFO -     💭 Content: chat(message=I'm moving to (239, 45) to mee...)  Global chat message sent: I'm moving to (239, 45)...
2025-10-09 14:18:49,098 - TaskRunner - INFO - 📊 agent_4 observation recorded (round 5)
2025-10-09 14:18:49,098 - TaskRunner - INFO -   🤖 agent_5 executing tool call...
2025-10-09 14:18:53,938 - TaskRunner - INFO -     💭 No tool call (thinking/planning)
2025-10-09 14:18:53,968 - TaskRunner - INFO -     📊 State: active | Actions: 2 | Chats: 1
2025-10-09 14:18:53,968 - TaskRunner - INFO -     📊 Lv.81 | XP:44550 | ❤️939/939 | 💙68/68 | 📍(239,30)
2025-10-09 14:18:53,969 - TaskRunner - INFO -     🔧 Tool call: verify_inventory(required_items=['logs'])
2025-10-09 14:18:53,969 - TaskRunner - INFO -     ✅ Result: 📋 INVENTORY VERIFICATION:
2025-10-09 14:18:53,969 - TaskRunner - INFO -     💭 Content: verify_inventory(required_items=['logs'])  📋 INVENTORY VERIFICATION: 🎒 Complete Inventory: flask (...
2025-10-09 14:18:53,969 - TaskRunner - INFO - 📊 agent_5 observation recorded (round 5)
2025-10-09 14:18:53,970 - TaskRunner - INFO - 📊 Round 5 Summary: Active=5, Completed=0, Failed=0
2025-10-09 14:18:53,970 - TaskRunner - INFO - ================================================================================
2025-10-09 14:18:53,970 - TaskRunner - INFO - 🔄 ROUND 6
2025-10-09 14:18:53,970 - TaskRunner - INFO - ================================================================================
2025-10-09 14:18:53,970 - TaskRunner - INFO -   🤖 agent_1 executing tool call...
2025-10-09 14:19:33,032 - TaskRunner - INFO -     🔧 Tool called: harvest_resource(targetInstance=655468191)
2025-10-09 14:19:33,058 - TaskRunner - INFO -     📊 State: active | Actions: 3 | Chats: 1
2025-10-09 14:19:33,058 - TaskRunner - INFO -     📊 Lv.91 | XP:57042 | ❤️939/939 | 💙68/68 | 📍(246,45)
2025-10-09 14:19:33,058 - TaskRunner - INFO -     🔧 Tool call: harvest_resource(targetInstance=655468191)
2025-10-09 14:19:33,058 - TaskRunner - INFO -     ✅ Result: Moved closer to Oak2 Tree at (247, 44) from position (246, 45). ⏳ HARVEST IN PROGRESS: Chopping Oak2 Tree at (247, 44)
2025-10-09 14:19:33,058 - TaskRunner - INFO -     💭 Content: harvest_resource(targetInstance=655468191)  Moved closer to Oak2 Tree at (247, 44) from position (...
2025-10-09 14:19:33,059 - TaskRunner - INFO - 📊 agent_1 observation recorded (round 6)
2025-10-09 14:19:33,059 - TaskRunner - INFO -   🤖 agent_2 executing tool call...
2025-10-09 14:19:39,738 - TaskRunner - INFO -     💭 No tool call (thinking/planning)
2025-10-09 14:19:39,754 - TaskRunner - INFO -     📊 State: active | Actions: 2 | Chats: 2
2025-10-09 14:19:39,755 - TaskRunner - INFO -     📊 Lv.81 | XP:42231 | ❤️939/939 | 💙68/68 | 📍(251,32)
2025-10-09 14:19:39,755 - TaskRunner - INFO -     🔧 Tool call: verify_inventory(required_items=['coal'])
2025-10-09 14:19:39,755 - TaskRunner - INFO -     ✅ Result: 📋 INVENTORY VERIFICATION:
2025-10-09 14:19:39,755 - TaskRunner - INFO -     💭 Content: verify_inventory(required_items=['coal'])  📋 INVENTORY VERIFICATION: 🎒 Complete Inventory: flask (...
2025-10-09 14:19:39,755 - TaskRunner - INFO - 📊 agent_2 observation recorded (round 6)
2025-10-09 14:19:39,755 - TaskRunner - INFO -   🤖 agent_3 executing tool call...
2025-10-09 14:19:44,551 - TaskRunner - INFO -     💭 No tool call (thinking/planning)
2025-10-09 14:19:44,582 - TaskRunner - INFO -     📊 State: active | Actions: 2 | Chats: 1
2025-10-09 14:19:44,582 - TaskRunner - INFO -     📊 Lv.63 | XP:48527 | ❤️939/939 | 💙68/68 | 📍(235,42)
2025-10-09 14:19:44,582 - TaskRunner - INFO -     🔧 Tool call: verify_inventory(required_items=['ironore', 'coal'])
2025-10-09 14:19:44,582 - TaskRunner - INFO -     ✅ Result: 📋 INVENTORY VERIFICATION:
2025-10-09 14:19:44,582 - TaskRunner - INFO -     💭 Content: verify_inventory(required_items=['ironore', 'coal'])  📋 INVENTORY VERIFICATION: 🎒 Complete Invento...
2025-10-09 14:19:44,582 - TaskRunner - INFO - 📊 agent_3 observation recorded (round 6)
2025-10-09 14:19:44,583 - TaskRunner - INFO -   🤖 agent_4 executing tool call...
2025-10-09 14:19:49,064 - TaskRunner - INFO -     💭 No tool call (thinking/planning)
2025-10-09 14:19:49,094 - TaskRunner - INFO -     📊 State: active | Actions: 1 | Chats: 2
2025-10-09 14:19:49,094 - TaskRunner - INFO -     📊 Lv.58 | XP:37287 | ❤️472/939 | 💙68/68 | 📍(240,45) ⚔️
2025-10-09 14:19:49,094 - TaskRunner - INFO -     🔧 Tool call: check_inventory_status()
2025-10-09 14:19:49,094 - TaskRunner - INFO -     ✅ Result: 🎒 CURRENT INVENTORY: flask (15x), apple (20x), hilt2 (1x)
2025-10-09 14:19:49,094 - TaskRunner - INFO -     💭 Content: check_inventory_status()  🎒 CURRENT INVENTORY: flask (15x), apple (20x), hilt2 (1x)
2025-10-09 14:19:49,095 - TaskRunner - INFO - 📊 agent_4 observation recorded (round 6)
2025-10-09 14:19:49,095 - TaskRunner - INFO -   🤖 agent_5 executing tool call...
2025-10-09 14:20:25,729 - TaskRunner - INFO -     🔧 Tool called: harvest_resource(targetInstance=66772143)
2025-10-09 14:20:25,758 - TaskRunner - INFO -     📊 State: active | Actions: 3 | Chats: 1
2025-10-09 14:20:25,758 - TaskRunner - INFO -     📊 Lv.81 | XP:44575 | ❤️939/939 | 💙68/68 | 📍(239,30)
2025-10-09 14:20:25,758 - TaskRunner - INFO -     🔧 Tool call: harvest_resource(targetInstance=66772143)
2025-10-09 14:20:25,758 - TaskRunner - INFO -     ✅ Result: Already near Oak2 Tree. ⏳ HARVEST IN PROGRESS: Chopping Oak2 Tree at (239, 30)
2025-10-09 14:20:25,759 - TaskRunner - INFO -     💭 Content: harvest_resource(targetInstance=66772143)  Already near Oak2 Tree. ⏳ HARVEST IN PROGRESS: Chopping...
2025-10-09 14:20:25,759 - TaskRunner - INFO - 📊 agent_5 observation recorded (round 6)
2025-10-09 14:20:25,759 - TaskRunner - INFO - 📊 Round 6 Summary: Active=5, Completed=0, Failed=0
2025-10-09 14:20:25,759 - TaskRunner - INFO - ================================================================================
2025-10-09 14:20:25,760 - TaskRunner - INFO - 🔄 ROUND 7
2025-10-09 14:20:25,760 - TaskRunner - INFO - ================================================================================
2025-10-09 14:20:25,760 - TaskRunner - INFO -   🤖 agent_1 executing tool call...
2025-10-09 14:20:31,453 - TaskRunner - INFO -     💭 No tool call (thinking/planning)
2025-10-09 14:20:31,485 - TaskRunner - INFO -     📊 State: active | Actions: 3 | Chats: 1
2025-10-09 14:20:31,486 - TaskRunner - INFO -     📊 Lv.91 | XP:57042 | ❤️939/939 | 💙68/68 | 📍(246,45)
2025-10-09 14:20:31,486 - TaskRunner - INFO -     🔧 Tool call: verify_inventory(required_items=['logs'])
2025-10-09 14:20:31,486 - TaskRunner - INFO -     ✅ Result: 📋 INVENTORY VERIFICATION:
2025-10-09 14:20:31,486 - TaskRunner - INFO -     💭 Content: verify_inventory(required_items=['logs'])  📋 INVENTORY VERIFICATION: 🎒 Complete Inventory: flask (...
2025-10-09 14:20:31,487 - TaskRunner - INFO - 📊 agent_1 observation recorded (round 7)
2025-10-09 14:20:31,487 - TaskRunner - INFO -   🤖 agent_2 executing tool call...
2025-10-09 14:21:10,483 - TaskRunner - INFO -     🔧 Tool called: harvest_resource(targetInstance=655468191)
2025-10-09 14:21:10,511 - TaskRunner - INFO -     📊 State: active | Actions: 3 | Chats: 2
2025-10-09 14:21:10,511 - TaskRunner - INFO -     📊 Lv.81 | XP:42256 | ❤️939/939 | 💙68/68 | 📍(248,43)
2025-10-09 14:21:10,511 - TaskRunner - INFO -     🔧 Tool call: harvest_resource(targetInstance=655468191)
2025-10-09 14:21:10,512 - TaskRunner - INFO -     ✅ Result: Moved closer to Oak2 Tree at (247, 44) from position (248, 43). ⏳ HARVEST IN PROGRESS: Chopping Oak2 Tree at (247, 44)
2025-10-09 14:21:10,512 - TaskRunner - INFO -     💭 Content: harvest_resource(targetInstance=655468191)  Moved closer to Oak2 Tree at (247, 44) from position (...
2025-10-09 14:21:10,513 - TaskRunner - INFO - 📊 agent_2 observation recorded (round 7)
2025-10-09 14:21:10,513 - TaskRunner - INFO -   🤖 agent_3 executing tool call...
2025-10-09 14:21:16,578 - TaskRunner - INFO -     🔧 Tool called: chat(message=I need coal for smelting opera...)
2025-10-09 14:21:16,578 - TaskRunner - INFO - 💬 agent_3: I need coal for smelting operations. I have 2x ironore available and already crafted 1x ironbar. CoalMinerBeta, can you please transfer some coal to me? I'm at position (235, 42).
2025-10-09 14:21:16,617 - TaskRunner - INFO -     📊 State: active | Actions: 2 | Chats: 2
2025-10-09 14:21:16,617 - TaskRunner - INFO -     📊 Lv.63 | XP:48552 | ❤️939/939 | 💙68/68 | 📍(235,42)
2025-10-09 14:21:16,618 - TaskRunner - INFO -     🔧 Tool call: chat(message=I need coal for smelting opera...)
2025-10-09 14:21:16,618 - TaskRunner - INFO -     ✅ Result: Global chat message sent: I need coal for smelting operations. I have 2x ironore available and already crafted 1x ironbar. CoalMinerBeta, can you please transfer some coal to me? I'm at position (235, 42).
2025-10-09 14:21:16,618 - TaskRunner - INFO -     💭 Content: chat(message=I need coal for smelting opera...)  Global chat message sent: I need coal for smeltin...
2025-10-09 14:21:16,618 - TaskRunner - INFO - 📊 agent_3 observation recorded (round 7)
2025-10-09 14:21:16,619 - TaskRunner - INFO -   🤖 agent_4 executing tool call...
2025-10-09 14:21:22,690 - TaskRunner - INFO -     🔧 Tool called: chat(message=Mastersmeltergamma, I'm at pos...)
2025-10-09 14:21:22,690 - TaskRunner - INFO - 💬 agent_4: Mastersmeltergamma, I'm at position (239, 45) with hilt2 ready for sword2 crafting. Please smelt iron bars and transfer them to me when ready. Let me know when you have iron bars available.
2025-10-09 14:21:22,727 - TaskRunner - INFO -     📊 State: active | Actions: 1 | Chats: 3
2025-10-09 14:21:22,727 - TaskRunner - INFO -     📊 Lv.58 | XP:37312 | ❤️82/939 | 💙68/68 | 📍(240,45) ⚔️
2025-10-09 14:21:22,727 - TaskRunner - INFO -     🔧 Tool call: chat(message=Mastersmeltergamma, I'm at pos...)
2025-10-09 14:21:22,727 - TaskRunner - INFO -     ✅ Result: Global chat message sent: Mastersmeltergamma, I'm at position (239, 45) with hilt2 ready for sword2 crafting. Please smelt iron bars and transfer them to me when ready. Let me know when you have iron bars available.
2025-10-09 14:21:22,727 - TaskRunner - INFO -     💭 Content: chat(message=Mastersmeltergamma, I'm at pos...)  Global chat message sent: Mastersmeltergamma, I'm...
2025-10-09 14:21:22,728 - TaskRunner - INFO - 📊 agent_4 observation recorded (round 7)
2025-10-09 14:21:22,728 - TaskRunner - INFO -   🤖 agent_5 executing tool call...
2025-10-09 14:21:27,255 - TaskRunner - INFO -     💭 No tool call (thinking/planning)
2025-10-09 14:21:27,283 - TaskRunner - INFO -     📊 State: active | Actions: 3 | Chats: 1
2025-10-09 14:21:27,283 - TaskRunner - INFO -     📊 Lv.81 | XP:44590 | ❤️939/939 | 💙68/68 | 📍(239,30)
2025-10-09 14:21:27,284 - TaskRunner - INFO -     🔧 Tool call: verify_inventory(required_items=['logs'])
2025-10-09 14:21:27,284 - TaskRunner - INFO -     ✅ Result: 📋 INVENTORY VERIFICATION:
2025-10-09 14:21:27,284 - TaskRunner - INFO -     💭 Content: verify_inventory(required_items=['logs'])  📋 INVENTORY VERIFICATION: 🎒 Complete Inventory: flask (...
2025-10-09 14:21:27,284 - TaskRunner - INFO - 📊 agent_5 observation recorded (round 7)
2025-10-09 14:21:27,284 - TaskRunner - INFO - 📊 Round 7 Summary: Active=5, Completed=0, Failed=0
2025-10-09 14:21:27,284 - TaskRunner - INFO - ================================================================================
2025-10-09 14:21:27,284 - TaskRunner - INFO - 🔄 ROUND 8
2025-10-09 14:21:27,284 - TaskRunner - INFO - ================================================================================
2025-10-09 14:21:27,284 - TaskRunner - INFO -   🤖 agent_1 executing tool call...
2025-10-09 14:22:04,427 - TaskRunner - INFO -     🔧 Tool called: harvest_resource(targetInstance=655468191)
2025-10-09 14:22:04,446 - TaskRunner - INFO -     📊 State: active | Actions: 4 | Chats: 1
2025-10-09 14:22:04,446 - TaskRunner - INFO -     📊 Lv.91 | XP:57067 | ❤️939/939 | 💙68/68 | 📍(246,45)
2025-10-09 14:22:04,446 - TaskRunner - INFO -     🔧 Tool call: harvest_resource(targetInstance=655468191)
2025-10-09 14:22:04,446 - TaskRunner - INFO -     ✅ Result: Already near Oak2 Tree. ⏳ HARVEST IN PROGRESS: Chopping Oak2 Tree at (247, 44)
2025-10-09 14:22:04,446 - TaskRunner - INFO -     💭 Content: harvest_resource(targetInstance=655468191)  Already near Oak2 Tree. ⏳ HARVEST IN PROGRESS: Choppin...
2025-10-09 14:22:04,447 - TaskRunner - INFO - 📊 agent_1 observation recorded (round 8)
2025-10-09 14:22:04,447 - TaskRunner - INFO -   🤖 agent_2 executing tool call...
2025-10-09 14:22:10,173 - TaskRunner - INFO -     💭 No tool call (thinking/planning)
2025-10-09 14:22:10,205 - TaskRunner - INFO -     📊 State: active | Actions: 3 | Chats: 2
2025-10-09 14:22:10,205 - TaskRunner - INFO -     📊 Lv.81 | XP:42271 | ❤️939/939 | 💙68/68 | 📍(248,43)
2025-10-09 14:22:10,205 - TaskRunner - INFO -     🔧 Tool call: verify_inventory(required_items=['logs'])
2025-10-09 14:22:10,205 - TaskRunner - INFO -     ✅ Result: 📋 INVENTORY VERIFICATION:
2025-10-09 14:22:10,205 - TaskRunner - INFO -     💭 Content: verify_inventory(required_items=['logs'])  📋 INVENTORY VERIFICATION: 🎒 Complete Inventory: flask (...
2025-10-09 14:22:10,206 - TaskRunner - INFO - 📊 agent_2 observation recorded (round 8)
2025-10-09 14:22:10,206 - TaskRunner - INFO -   🤖 agent_3 executing tool call...
2025-10-09 14:22:15,062 - TaskRunner - INFO -     🔧 Tool called: move_character(x=239, y=30)
2025-10-09 14:22:15,090 - TaskRunner - INFO -     📊 State: active | Actions: 3 | Chats: 2
2025-10-09 14:22:15,090 - TaskRunner - INFO -     📊 Lv.63 | XP:48567 | ❤️939/939 | 💙68/68 | 📍(239,30)
2025-10-09 14:22:15,090 - TaskRunner - INFO -     🔧 Tool call: move_character(x=239, y=30)
2025-10-09 14:22:15,090 - TaskRunner - INFO -     ✅ Result: Character moved from (235, 42) to (239, 30) (distance: 16 tiles)
2025-10-09 14:22:15,090 - TaskRunner - INFO -     💭 Content: move_character(x=239, y=30)  Character moved from (235, 42) to (239, 30) (distance: 16 tiles)
2025-10-09 14:22:15,091 - TaskRunner - INFO - 📊 agent_3 observation recorded (round 8)
2025-10-09 14:22:15,091 - TaskRunner - INFO -   🤖 agent_4 executing tool call...
2025-10-09 14:22:29,190 - TaskRunner - INFO -     💭 No tool call (thinking/planning)
2025-10-09 14:22:29,228 - TaskRunner - INFO -     📊 State: active | Actions: 1 | Chats: 3
2025-10-09 14:22:29,229 - TaskRunner - INFO -     📊 Lv.58 | XP:37332 | ❤️0/939 | 💙68/68 | 📍(240,45)
2025-10-09 14:22:29,229 - TaskRunner - INFO -     🔧 Tool call: sleep(seconds=10)
2025-10-09 14:22:29,229 - TaskRunner - INFO -     ✅ Result: Slept for 10 second(s).
2025-10-09 14:22:29,229 - TaskRunner - INFO -     💭 Content: sleep(seconds=10)  Slept for 10 second(s).
2025-10-09 14:22:29,230 - TaskRunner - INFO - 📊 agent_4 observation recorded (round 8)
2025-10-09 14:22:29,230 - TaskRunner - INFO -   🤖 agent_5 executing tool call...
2025-10-09 14:22:35,767 - TaskRunner - INFO -     🔧 Tool called: chat(message=I'm having trouble harvesting ...)
2025-10-09 14:22:35,767 - TaskRunner - INFO - 💬 agent_5: I'm having trouble harvesting logs from the Oak2 Tree at (239, 30). The harvest process starts but I'm not receiving any logs. Can anyone help or suggest what might be wrong? I need to gather logs for our equipment crafting.
2025-10-09 14:22:35,802 - TaskRunner - INFO -     📊 State: active | Actions: 3 | Chats: 2
2025-10-09 14:22:35,802 - TaskRunner - INFO -     📊 Lv.81 | XP:44610 | ❤️939/939 | 💙68/68 | 📍(239,30)
2025-10-09 14:22:35,802 - TaskRunner - INFO -     🔧 Tool call: chat(message=I'm having trouble harvesting ...)
2025-10-09 14:22:35,802 - TaskRunner - INFO -     ✅ Result: Global chat message sent: I'm having trouble harvesting logs from the Oak2 Tree at (239, 30). The harvest process starts but I'm not receiving any logs. Can anyone help or suggest what might be wrong? I need to gather logs for our equipment crafting.
2025-10-09 14:22:35,802 - TaskRunner - INFO -     💭 Content: chat(message=I'm having trouble harvesting ...)  Global chat message sent: I'm having trouble harv...
2025-10-09 14:22:35,803 - TaskRunner - INFO - 📊 agent_5 observation recorded (round 8)
2025-10-09 14:22:35,803 - TaskRunner - INFO - 📊 Round 8 Summary: Active=5, Completed=0, Failed=0
2025-10-09 14:22:35,803 - TaskRunner - INFO - ================================================================================
2025-10-09 14:22:35,803 - TaskRunner - INFO - 🔄 ROUND 9
2025-10-09 14:22:35,803 - TaskRunner - INFO - ================================================================================
2025-10-09 14:22:35,804 - TaskRunner - INFO -   🤖 agent_1 executing tool call...
2025-10-09 14:22:41,147 - TaskRunner - INFO -     💭 No tool call (thinking/planning)
2025-10-09 14:22:41,178 - TaskRunner - INFO -     📊 State: active | Actions: 4 | Chats: 1
2025-10-09 14:22:41,178 - TaskRunner - INFO -     📊 Lv.91 | XP:57072 | ❤️939/939 | 💙68/68 | 📍(246,45)
2025-10-09 14:22:41,178 - TaskRunner - INFO -     🔧 Tool call: verify_inventory(required_items=['logs'])
2025-10-09 14:22:41,179 - TaskRunner - INFO -     ✅ Result: 📋 INVENTORY VERIFICATION:
2025-10-09 14:22:41,179 - TaskRunner - INFO -     💭 Content: verify_inventory(required_items=['logs'])  📋 INVENTORY VERIFICATION: 🎒 Complete Inventory: flask (...
2025-10-09 14:22:41,179 - TaskRunner - INFO - 📊 agent_1 observation recorded (round 9)
2025-10-09 14:22:41,179 - TaskRunner - INFO -   🤖 agent_2 executing tool call...
2025-10-09 14:23:18,109 - TaskRunner - INFO -     🔧 Tool called: harvest_resource(targetInstance=655468191)
2025-10-09 14:23:18,136 - TaskRunner - INFO -     📊 State: active | Actions: 4 | Chats: 2
2025-10-09 14:23:18,136 - TaskRunner - INFO -     📊 Lv.81 | XP:42286 | ❤️939/939 | 💙68/68 | 📍(248,43)
2025-10-09 14:23:18,136 - TaskRunner - INFO -     🔧 Tool call: harvest_resource(targetInstance=655468191)
2025-10-09 14:23:18,136 - TaskRunner - INFO -     ✅ Result: Already near Oak2 Tree. ⏳ HARVEST IN PROGRESS: Chopping Oak2 Tree at (247, 44)
2025-10-09 14:23:18,136 - TaskRunner - INFO -     💭 Content: harvest_resource(targetInstance=655468191)  Already near Oak2 Tree. ⏳ HARVEST IN PROGRESS: Choppin...
2025-10-09 14:23:18,137 - TaskRunner - INFO - 📊 agent_2 observation recorded (round 9)
2025-10-09 14:23:18,137 - TaskRunner - INFO -   🤖 agent_3 executing tool call...
2025-10-09 14:23:30,044 - TaskRunner - INFO -     🔧 Tool called: harvest_resource(targetInstance=66772143)
2025-10-09 14:23:30,068 - TaskRunner - INFO -     📊 State: active | Actions: 4 | Chats: 2
2025-10-09 14:23:30,068 - TaskRunner - INFO -     📊 Lv.63 | XP:48607 | ❤️939/939 | 💙68/68 | 📍(239,30)
2025-10-09 14:23:30,069 - TaskRunner - INFO -     🔧 Tool call: harvest_resource(targetInstance=66772143)
2025-10-09 14:23:30,069 - TaskRunner - INFO -     ✅ Result: Already near Oak2 Tree. ✅ HARVEST COMPLETE: Chopping Oak2 Tree at (239, 30)
2025-10-09 14:23:30,069 - TaskRunner - INFO -     💭 Content: harvest_resource(targetInstance=66772143)  Already near Oak2 Tree. ✅ HARVEST COMPLETE: Chopping Oa...
2025-10-09 14:23:30,070 - TaskRunner - INFO - 📊 agent_3 observation recorded (round 9)
2025-10-09 14:23:30,070 - TaskRunner - INFO -   🤖 agent_4 executing tool call...
2025-10-09 14:23:34,959 - TaskRunner - INFO -     💭 No tool call (thinking/planning)
2025-10-09 14:23:34,991 - TaskRunner - INFO -     📊 State: active | Actions: 1 | Chats: 3
2025-10-09 14:23:34,991 - TaskRunner - INFO -     📊 Lv.58 | XP:37347 | ❤️0/939 | 💙68/68 | 📍(240,45)
2025-10-09 14:23:34,992 - TaskRunner - INFO -     🔧 Tool call: check_inventory_status()
2025-10-09 14:23:34,992 - TaskRunner - INFO -     ✅ Result: 🎒 CURRENT INVENTORY: flask (15x), apple (20x), hilt2 (1x)
2025-10-09 14:23:34,992 - TaskRunner - INFO -     💭 Content: check_inventory_status()  🎒 CURRENT INVENTORY: flask (15x), apple (20x), hilt2 (1x)
2025-10-09 14:23:34,993 - TaskRunner - INFO - 📊 agent_4 observation recorded (round 9)
2025-10-09 14:23:34,993 - TaskRunner - INFO -   🤖 agent_5 executing tool call...
2025-10-09 14:23:39,198 - TaskRunner - INFO -     🔧 Tool called: move_character(x=233, y=43)
2025-10-09 14:23:39,231 - TaskRunner - INFO -     📊 State: active | Actions: 4 | Chats: 2
2025-10-09 14:23:39,231 - TaskRunner - INFO -     📊 Lv.81 | XP:44625 | ❤️939/939 | 💙68/68 | 📍(233,43)
2025-10-09 14:23:39,231 - TaskRunner - INFO -     🔧 Tool call: move_character(x=233, y=43)
2025-10-09 14:23:39,231 - TaskRunner - INFO -     ✅ Result: Character moved from (239, 30) to (233, 43) (distance: 19 tiles)
2025-10-09 14:23:39,231 - TaskRunner - INFO -     💭 Content: move_character(x=233, y=43)  Character moved from (239, 30) to (233, 43) (distance: 19 tiles)
2025-10-09 14:23:39,232 - TaskRunner - INFO - 📊 agent_5 observation recorded (round 9)
2025-10-09 14:23:39,232 - TaskRunner - INFO - 📊 Round 9 Summary: Active=5, Completed=0, Failed=0
2025-10-09 14:23:39,232 - TaskRunner - INFO - ================================================================================
2025-10-09 14:23:39,232 - TaskRunner - INFO - 🔄 ROUND 10
2025-10-09 14:23:39,232 - TaskRunner - INFO - ================================================================================
2025-10-09 14:23:39,232 - TaskRunner - INFO -   🤖 agent_1 executing tool call...
2025-10-09 14:23:46,894 - TaskRunner - INFO -     🔧 Tool called: chat(message=I'm attempting to harvest logs...)
2025-10-09 14:23:46,894 - TaskRunner - INFO - 💬 agent_1: I'm attempting to harvest logs from the Oak2 Tree at (247, 44) but not receiving any. LogisticsCoordinatorEpsilon, are you having similar issues? Let's coordinate our wood gathering efforts.
2025-10-09 14:23:46,930 - TaskRunner - INFO -     📊 State: active | Actions: 4 | Chats: 2
2025-10-09 14:23:46,930 - TaskRunner - INFO -     📊 Lv.91 | XP:57092 | ❤️939/939 | 💙68/68 | 📍(246,45)
2025-10-09 14:23:46,930 - TaskRunner - INFO -     🔧 Tool call: chat(message=I'm attempting to harvest logs...)
2025-10-09 14:23:46,930 - TaskRunner - INFO -     ✅ Result: Global chat message sent: I'm attempting to harvest logs from the Oak2 Tree at (247, 44) but not receiving any. LogisticsCoordinatorEpsilon, are you having similar issues? Let's coordinate our wood gathering efforts.
2025-10-09 14:23:46,931 - TaskRunner - INFO -     💭 Content: chat(message=I'm attempting to harvest logs...)  Global chat message sent: I'm attempting to harve...
2025-10-09 14:23:46,931 - TaskRunner - INFO - 📊 agent_1 observation recorded (round 10)
2025-10-09 14:23:46,931 - TaskRunner - INFO -   🤖 agent_2 executing tool call...
2025-10-09 14:23:52,088 - TaskRunner - INFO -     💭 No tool call (thinking/planning)
2025-10-09 14:23:52,115 - TaskRunner - INFO -     📊 State: active | Actions: 4 | Chats: 2
2025-10-09 14:23:52,115 - TaskRunner - INFO -     📊 Lv.81 | XP:42296 | ❤️939/939 | 💙68/68 | 📍(248,43)
2025-10-09 14:23:52,115 - TaskRunner - INFO -     🔧 Tool call: verify_inventory(required_items=['logs'])
2025-10-09 14:23:52,115 - TaskRunner - INFO -     ✅ Result: 📋 INVENTORY VERIFICATION:
2025-10-09 14:23:52,115 - TaskRunner - INFO -     💭 Content: verify_inventory(required_items=['logs'])  📋 INVENTORY VERIFICATION: 🎒 Complete Inventory: flask (...
2025-10-09 14:23:52,116 - TaskRunner - INFO - 📊 agent_2 observation recorded (round 10)
2025-10-09 14:23:52,116 - TaskRunner - INFO -   🤖 agent_3 executing tool call...
2025-10-09 14:23:58,460 - TaskRunner - INFO -     🔧 Tool called: chat(message=I've successfully harvested lo...)
2025-10-09 14:23:58,460 - TaskRunner - INFO - 💬 agent_3: I've successfully harvested logs from the Oak2 Tree at (239, 30). Transferring logs to LogisticsCoordinatorEpsilon for team use.
2025-10-09 14:23:58,494 - TaskRunner - INFO -     📊 State: active | Actions: 4 | Chats: 3
2025-10-09 14:23:58,495 - TaskRunner - INFO -     📊 Lv.63 | XP:48617 | ❤️939/939 | 💙68/68 | 📍(239,30)
2025-10-09 14:23:58,495 - TaskRunner - INFO -     🔧 Tool call: chat(message=I've successfully harvested lo...)
2025-10-09 14:23:58,495 - TaskRunner - INFO -     ✅ Result: Global chat message sent: I've successfully harvested logs from the Oak2 Tree at (239, 30). Transferring logs to LogisticsCoordinatorEpsilon for team use.
2025-10-09 14:23:58,495 - TaskRunner - INFO -     💭 Content: chat(message=I've successfully harvested lo...)  Global chat message sent: I've successfully harve...
2025-10-09 14:23:58,495 - TaskRunner - INFO - 📊 agent_3 observation recorded (round 10)
2025-10-09 14:23:58,495 - TaskRunner - INFO -   🤖 agent_4 executing tool call...
2025-10-09 14:24:04,280 - TaskRunner - INFO -     🔧 Tool called: chat(message=I'm still waiting for iron bar...)
2025-10-09 14:24:04,280 - TaskRunner - INFO - 💬 agent_4: I'm still waiting for iron bars from Mastersmeltergamma. Has anyone transferred iron bars yet? I'm ready to craft the sword2 as soon as I receive them.
2025-10-09 14:24:04,316 - TaskRunner - INFO -     📊 State: active | Actions: 1 | Chats: 4
2025-10-09 14:24:04,316 - TaskRunner - INFO -     📊 Lv.58 | XP:37357 | ❤️0/939 | 💙68/68 | 📍(240,45)
2025-10-09 14:24:04,316 - TaskRunner - INFO -     🔧 Tool call: chat(message=I'm still waiting for iron bar...)
2025-10-09 14:24:04,316 - TaskRunner - INFO -     ✅ Result: Global chat message sent: I'm still waiting for iron bars from Mastersmeltergamma. Has anyone transferred iron bars yet? I'm ready to craft the sword2 as soon as I receive them.
2025-10-09 14:24:04,316 - TaskRunner - INFO -     💭 Content: chat(message=I'm still waiting for iron bar...)  Global chat message sent: I'm still waiting for i...
2025-10-09 14:24:04,317 - TaskRunner - INFO - 📊 agent_4 observation recorded (round 10)
2025-10-09 14:24:04,317 - TaskRunner - INFO -   🤖 agent_5 executing tool call...
2025-10-09 14:24:40,764 - TaskRunner - INFO -     🔧 Tool called: harvest_resource(targetInstance=647177187)
2025-10-09 14:24:40,791 - TaskRunner - INFO -     📊 State: active | Actions: 5 | Chats: 2
2025-10-09 14:24:40,791 - TaskRunner - INFO -     📊 Lv.81 | XP:44645 | ❤️939/939 | 💙68/68 | 📍(233,43)
2025-10-09 14:24:40,792 - TaskRunner - INFO -     🔧 Tool call: harvest_resource(targetInstance=647177187)
2025-10-09 14:24:40,792 - TaskRunner - INFO -     ✅ Result: Already near Oak2 Tree. ⏳ HARVEST IN PROGRESS: Chopping Oak2 Tree at (233, 43)
2025-10-09 14:24:40,792 - TaskRunner - INFO -     💭 Content: harvest_resource(targetInstance=647177187)  Already near Oak2 Tree. ⏳ HARVEST IN PROGRESS: Choppin...
2025-10-09 14:24:40,792 - TaskRunner - INFO - 📊 agent_5 observation recorded (round 10)
2025-10-09 14:24:40,793 - TaskRunner - INFO - 📊 Round 10 Summary: Active=5, Completed=0, Failed=0
2025-10-09 14:24:40,793 - TaskRunner - INFO - ================================================================================
2025-10-09 14:24:40,793 - TaskRunner - INFO - 🔄 ROUND 11
2025-10-09 14:24:40,793 - TaskRunner - INFO - ================================================================================
2025-10-09 14:24:40,793 - TaskRunner - INFO -   🤖 agent_1 executing tool call...
2025-10-09 14:24:45,605 - TaskRunner - INFO -     🔧 Tool called: move_character(x=239, y=30)
2025-10-09 14:24:45,633 - TaskRunner - INFO -     📊 State: active | Actions: 5 | Chats: 2
2025-10-09 14:24:45,633 - TaskRunner - INFO -     📊 Lv.91 | XP:57112 | ❤️939/939 | 💙68/68 | 📍(239,30)
2025-10-09 14:24:45,633 - TaskRunner - INFO -     🔧 Tool call: move_character(x=239, y=30)
2025-10-09 14:24:45,634 - TaskRunner - INFO -     ✅ Result: Character moved from (246, 45) to (239, 30) (distance: 22 tiles)
2025-10-09 14:24:45,634 - TaskRunner - INFO -     💭 Content: move_character(x=239, y=30)  Character moved from (246, 45) to (239, 30) (distance: 22 tiles)
2025-10-09 14:24:45,634 - TaskRunner - INFO - 📊 agent_1 observation recorded (round 11)
2025-10-09 14:24:45,635 - TaskRunner - INFO -   🤖 agent_2 executing tool call...
2025-10-09 14:24:53,091 - TaskRunner - INFO -     🔧 Tool called: chat(message=I'm attempting to harvest logs...)
2025-10-09 14:24:53,091 - TaskRunner - INFO - 💬 agent_2: I'm attempting to harvest logs from the Oak2 Tree at (247, 44) but not receiving any. LogisticsCoordinatorEpsilon, are you having similar issues? Let's coordinate our wood gathering efforts.
2025-10-09 14:24:53,128 - TaskRunner - INFO -     📊 State: active | Actions: 4 | Chats: 3
2025-10-09 14:24:53,128 - TaskRunner - INFO -     📊 Lv.81 | XP:42321 | ❤️939/939 | 💙68/68 | 📍(248,43)
2025-10-09 14:24:53,128 - TaskRunner - INFO -     🔧 Tool call: chat(message=I'm attempting to harvest logs...)
2025-10-09 14:24:53,128 - TaskRunner - INFO -     ✅ Result: Global chat message sent: I'm attempting to harvest logs from the Oak2 Tree at (247, 44) but not receiving any. LogisticsCoordinatorEpsilon, are you having similar issues? Let's coordinate our wood gathering efforts.
2025-10-09 14:24:53,128 - TaskRunner - INFO -     💭 Content: chat(message=I'm attempting to harvest logs...)  Global chat message sent: I'm attempting to harve...
2025-10-09 14:24:53,129 - TaskRunner - INFO - 📊 agent_2 observation recorded (round 11)
2025-10-09 14:24:53,129 - TaskRunner - INFO -   🤖 agent_3 executing tool call...
2025-10-09 14:24:58,391 - TaskRunner - INFO -     🔧 Tool called: transfer_items(targetPlayer=logisticscoordinatorepsilon, itemKey=logs, count=1)
2025-10-09 14:24:58,420 - TaskRunner - INFO -     📊 State: active | Actions: 5 | Chats: 3
2025-10-09 14:24:58,420 - TaskRunner - INFO -     📊 Lv.63 | XP:48647 | ❤️939/939 | 💙68/68 | 📍(239,30)
2025-10-09 14:24:58,420 - TaskRunner - INFO -     🔧 Tool call: transfer_items(targetPlayer=logisticscoordinatorepsilon, itemKey=logs, count=1)
2025-10-09 14:24:58,420 - TaskRunner - INFO -     ✅ Result: ✅ Transfer completed: 1x Logs transferred from mastersmeltergamma to logisticscoordinatorepsilon
2025-10-09 14:24:58,420 - TaskRunner - INFO -     💭 Content: transfer_items(targetPlayer=logisticscoordinatorepsilon, itemKey=logs, count=1)  ✅ Transfer comple...
2025-10-09 14:24:58,421 - TaskRunner - INFO - 📊 agent_3 observation recorded (round 11)
2025-10-09 14:24:58,421 - TaskRunner - INFO -   🤖 agent_4 executing tool call...
2025-10-09 14:25:03,312 - TaskRunner - INFO -     💭 No tool call (thinking/planning)
2025-10-09 14:25:03,339 - TaskRunner - INFO -     📊 State: active | Actions: 1 | Chats: 4
2025-10-09 14:25:03,339 - TaskRunner - INFO -     📊 Lv.58 | XP:37382 | ❤️0/939 | 💙68/68 | 📍(240,45)
2025-10-09 14:25:03,339 - TaskRunner - INFO -     🔧 Tool call: check_inventory_status()
2025-10-09 14:25:03,339 - TaskRunner - INFO -     ✅ Result: 🎒 CURRENT INVENTORY: flask (15x), apple (20x), hilt2 (1x)
2025-10-09 14:25:03,339 - TaskRunner - INFO -     💭 Content: check_inventory_status()  🎒 CURRENT INVENTORY: flask (15x), apple (20x), hilt2 (1x)
2025-10-09 14:25:03,339 - TaskRunner - INFO - 📊 agent_4 observation recorded (round 11)
2025-10-09 14:25:03,339 - TaskRunner - INFO -   🤖 agent_5 executing tool call...
2025-10-09 14:25:08,150 - TaskRunner - INFO -     💭 No tool call (thinking/planning)
2025-10-09 14:25:08,182 - TaskRunner - INFO -     📊 State: active | Actions: 5 | Chats: 2
2025-10-09 14:25:08,182 - TaskRunner - INFO -     📊 Lv.81 | XP:44665 | ❤️939/939 | 💙68/68 | 📍(233,43)
2025-10-09 14:25:08,182 - TaskRunner - INFO -     🔧 Tool call: verify_inventory(required_items=['logs'])
2025-10-09 14:25:08,182 - TaskRunner - INFO -     ✅ Result: 📋 INVENTORY VERIFICATION:
2025-10-09 14:25:08,183 - TaskRunner - INFO -     💭 Content: verify_inventory(required_items=['logs'])  📋 INVENTORY VERIFICATION: 🎒 Complete Inventory: flask (...
2025-10-09 14:25:08,183 - TaskRunner - INFO - 📊 agent_5 observation recorded (round 11)
2025-10-09 14:25:08,183 - TaskRunner - INFO - 📊 Round 11 Summary: Active=5, Completed=0, Failed=0
2025-10-09 14:25:08,183 - TaskRunner - INFO - ================================================================================
2025-10-09 14:25:08,184 - TaskRunner - INFO - 🔄 ROUND 12
2025-10-09 14:25:08,184 - TaskRunner - INFO - ================================================================================
2025-10-09 14:25:08,184 - TaskRunner - INFO -   🤖 agent_1 executing tool call...
2025-10-09 14:25:44,703 - TaskRunner - INFO -     🔧 Tool called: harvest_resource(targetInstance=66772143)
2025-10-09 14:25:44,732 - TaskRunner - INFO -     📊 State: active | Actions: 6 | Chats: 2
2025-10-09 14:25:44,732 - TaskRunner - INFO -     📊 Lv.91 | XP:57112 | ❤️939/939 | 💙68/68 | 📍(239,30)
2025-10-09 14:25:44,732 - TaskRunner - INFO -     🔧 Tool call: harvest_resource(targetInstance=66772143)
2025-10-09 14:25:44,732 - TaskRunner - INFO -     ✅ Result: Already near Oak2 Tree. ⏳ HARVEST IN PROGRESS: Chopping Oak2 Tree at (239, 30)
2025-10-09 14:25:44,732 - TaskRunner - INFO -     💭 Content: harvest_resource(targetInstance=66772143)  Already near Oak2 Tree. ⏳ HARVEST IN PROGRESS: Chopping...
2025-10-09 14:25:44,733 - TaskRunner - INFO - 📊 agent_1 observation recorded (round 12)
2025-10-09 14:25:44,733 - TaskRunner - INFO -   🤖 agent_2 executing tool call...
2025-10-09 14:26:23,873 - TaskRunner - INFO -     🔧 Tool called: harvest_resource(targetInstance=689247175)
2025-10-09 14:26:23,901 - TaskRunner - INFO -     📊 State: active | Actions: 5 | Chats: 3
2025-10-09 14:26:23,902 - TaskRunner - INFO -     📊 Lv.81 | XP:42371 | ❤️939/939 | 💙68/68 | 📍(261,39)
2025-10-09 14:26:23,902 - TaskRunner - INFO -     🔧 Tool call: harvest_resource(targetInstance=689247175)
2025-10-09 14:26:23,902 - TaskRunner - INFO -     ✅ Result: Moved closer to Oak2 Tree at (262, 38) from position (261, 39). ⏳ HARVEST IN PROGRESS: Chopping Oak2 Tree at (262, 38)
2025-10-09 14:26:23,902 - TaskRunner - INFO -     💭 Content: harvest_resource(targetInstance=689247175)  Moved closer to Oak2 Tree at (262, 38) from position (...
2025-10-09 14:26:23,903 - TaskRunner - INFO - 📊 agent_2 observation recorded (round 12)
2025-10-09 14:26:23,903 - TaskRunner - INFO -   🤖 agent_3 executing tool call...
2025-10-09 14:26:28,840 - TaskRunner - INFO -     🔧 Tool called: chat(message=Successfully transferred 1x Lo...)
2025-10-09 14:26:28,841 - TaskRunner - INFO - 💬 agent_3: Successfully transferred 1x Logs to logisticscoordinatorepsilon
2025-10-09 14:26:28,876 - TaskRunner - INFO -     📊 State: active | Actions: 5 | Chats: 4
2025-10-09 14:26:28,876 - TaskRunner - INFO -     📊 Lv.63 | XP:48707 | ❤️939/939 | 💙68/68 | 📍(239,30)
2025-10-09 14:26:28,876 - TaskRunner - INFO -     🔧 Tool call: chat(message=Successfully transferred 1x Lo...)
2025-10-09 14:26:28,876 - TaskRunner - INFO -     ✅ Result: Global chat message sent: Successfully transferred 1x Logs to logisticscoordinatorepsilon
2025-10-09 14:26:28,876 - TaskRunner - INFO -     💭 Content: chat(message=Successfully transferred 1x Lo...)  Global chat message sent: Successfully transferre...
2025-10-09 14:26:28,877 - TaskRunner - INFO - 📊 agent_3 observation recorded (round 12)
2025-10-09 14:26:28,877 - TaskRunner - INFO -   🤖 agent_4 executing tool call...
2025-10-09 14:26:34,884 - TaskRunner - INFO -     🔧 Tool called: chat(message=Team, I have hilt2 ready for s...)
2025-10-09 14:26:34,884 - TaskRunner - INFO - 💬 agent_4: Team, I have hilt2 ready for sword2 crafting but still waiting for iron bars. IronMinerAlpha and CoalMinerBeta, please ensure ore and coal are being delivered to Mastersmeltergamma. Mastersmeltergamma, please confirm when you have iron bars ready for transfer. LogisticsCoordinatorEpsilon, please continue gathering logs for pickaxe and axe crafting.
2025-10-09 14:26:34,920 - TaskRunner - INFO -     📊 State: active | Actions: 1 | Chats: 5
2025-10-09 14:26:34,920 - TaskRunner - INFO -     📊 Lv.58 | XP:37422 | ❤️0/939 | 💙68/68 | 📍(240,45)
2025-10-09 14:26:34,920 - TaskRunner - INFO -     🔧 Tool call: chat(message=Team, I have hilt2 ready for s...)
2025-10-09 14:26:34,920 - TaskRunner - INFO -     ✅ Result: Global chat message sent: Team, I have hilt2 ready for sword2 crafting but still waiting for iron bars. IronMinerAlpha and CoalMinerBeta, please ensure ore and coal are being delivered to Mastersmeltergamma. Mastersmeltergamma, please confirm when you have iron bars ready for transfer. LogisticsCoordinatorEpsilon, please continue gathering logs for pickaxe and axe crafting.
2025-10-09 14:26:34,920 - TaskRunner - INFO -     💭 Content: chat(message=Team, I have hilt2 ready for s...)  Global chat message sent: Team, I have hilt2 read...
2025-10-09 14:26:34,921 - TaskRunner - INFO - 📊 agent_4 observation recorded (round 12)
2025-10-09 14:26:34,921 - TaskRunner - INFO -   🤖 agent_5 executing tool call...
2025-10-09 14:26:40,665 - TaskRunner - INFO -     🔧 Tool called: chat(message=I've successfully gathered 1x ...)
2025-10-09 14:26:40,665 - TaskRunner - INFO - 💬 agent_5: I've successfully gathered 1x logs. I'm ready to transfer logs to EquipmentCrafterDelta for pickaxe and axe crafting. Who needs logs next? Let's coordinate our wood supply for the team.
2025-10-09 14:26:40,700 - TaskRunner - INFO -     📊 State: active | Actions: 5 | Chats: 3
2025-10-09 14:26:40,700 - TaskRunner - INFO -     📊 Lv.81 | XP:44715 | ❤️939/939 | 💙68/68 | 📍(233,43)
2025-10-09 14:26:40,700 - TaskRunner - INFO -     🔧 Tool call: chat(message=I've successfully gathered 1x ...)
2025-10-09 14:26:40,700 - TaskRunner - INFO -     ✅ Result: Global chat message sent: I've successfully gathered 1x logs. I'm ready to transfer logs to EquipmentCrafterDelta for pickaxe and axe crafting. Who needs logs next? Let's coordinate our wood supply for the team.
2025-10-09 14:26:40,700 - TaskRunner - INFO -     💭 Content: chat(message=I've successfully gathered 1x ...)  Global chat message sent: I've successfully gathe...
2025-10-09 14:26:40,701 - TaskRunner - INFO - 📊 agent_5 observation recorded (round 12)
2025-10-09 14:26:40,701 - TaskRunner - INFO - 📊 Round 12 Summary: Active=5, Completed=0, Failed=0
2025-10-09 14:26:40,701 - TaskRunner - INFO - ================================================================================
2025-10-09 14:26:40,701 - TaskRunner - INFO - 🔄 ROUND 13
2025-10-09 14:26:40,701 - TaskRunner - INFO - ================================================================================
2025-10-09 14:26:40,701 - TaskRunner - INFO -   🤖 agent_1 executing tool call...
2025-10-09 14:26:45,854 - TaskRunner - INFO -     💭 No tool call (thinking/planning)
2025-10-09 14:26:45,884 - TaskRunner - INFO -     📊 State: active | Actions: 6 | Chats: 2
2025-10-09 14:26:45,884 - TaskRunner - INFO -     📊 Lv.91 | XP:57122 | ❤️939/939 | 💙68/68 | 📍(239,30)
2025-10-09 14:26:45,884 - TaskRunner - INFO -     🔧 Tool call: verify_inventory(required_items=['logs'])
2025-10-09 14:26:45,884 - TaskRunner - INFO -     ✅ Result: 📋 INVENTORY VERIFICATION:
2025-10-09 14:26:45,884 - TaskRunner - INFO -     💭 Content: verify_inventory(required_items=['logs'])  📋 INVENTORY VERIFICATION: 🎒 Complete Inventory: flask (...
2025-10-09 14:26:45,885 - TaskRunner - INFO - 📊 agent_1 observation recorded (round 13)
2025-10-09 14:26:45,885 - TaskRunner - INFO -   🤖 agent_2 executing tool call...
2025-10-09 14:26:51,250 - TaskRunner - INFO -     💭 No tool call (thinking/planning)
2025-10-09 14:26:51,269 - TaskRunner - INFO -     📊 State: active | Actions: 5 | Chats: 3
2025-10-09 14:26:51,269 - TaskRunner - INFO -     📊 Lv.81 | XP:42381 | ❤️939/939 | 💙68/68 | 📍(261,39)
2025-10-09 14:26:51,269 - TaskRunner - INFO -     🔧 Tool call: verify_inventory(required_items=['logs'])
2025-10-09 14:26:51,269 - TaskRunner - INFO -     ✅ Result: 📋 INVENTORY VERIFICATION:
2025-10-09 14:26:51,269 - TaskRunner - INFO -     💭 Content: verify_inventory(required_items=['logs'])  📋 INVENTORY VERIFICATION: 🎒 Complete Inventory: flask (...
2025-10-09 14:26:51,270 - TaskRunner - INFO - 📊 agent_2 observation recorded (round 13)
2025-10-09 14:26:51,270 - TaskRunner - INFO -   🤖 agent_3 executing tool call...
2025-10-09 14:26:58,501 - TaskRunner - INFO -     🔧 Tool called: harvest_resource(targetInstance=66772143)
2025-10-09 14:26:58,518 - TaskRunner - INFO -     📊 State: active | Actions: 6 | Chats: 4
2025-10-09 14:26:58,518 - TaskRunner - INFO -     📊 Lv.63 | XP:48747 | ❤️939/939 | 💙68/68 | 📍(239,30)
2025-10-09 14:26:58,518 - TaskRunner - INFO -     🔧 Tool call: harvest_resource(targetInstance=66772143)
2025-10-09 14:26:58,518 - TaskRunner - INFO -     ✅ Result: Already near Oak2 Tree. ✅ HARVEST COMPLETE: Chopping Oak2 Tree at (239, 30)
2025-10-09 14:26:58,518 - TaskRunner - INFO -     💭 Content: harvest_resource(targetInstance=66772143)  Already near Oak2 Tree. ✅ HARVEST COMPLETE: Chopping Oa...
2025-10-09 14:26:58,518 - TaskRunner - INFO - 📊 agent_3 observation recorded (round 13)
2025-10-09 14:26:58,518 - TaskRunner - INFO -   🤖 agent_4 executing tool call...
2025-10-09 14:27:18,320 - TaskRunner - INFO -     💭 No tool call (thinking/planning)
2025-10-09 14:27:18,357 - TaskRunner - INFO -     📊 State: active | Actions: 1 | Chats: 5
2025-10-09 14:27:18,357 - TaskRunner - INFO -     📊 Lv.58 | XP:37452 | ❤️0/939 | 💙68/68 | 📍(240,45)
2025-10-09 14:27:18,357 - TaskRunner - INFO -     🔧 Tool call: sleep(seconds=15)
2025-10-09 14:27:18,358 - TaskRunner - INFO -     ✅ Result: Slept for 15 second(s).
2025-10-09 14:27:18,358 - TaskRunner - INFO -     💭 Content: sleep(seconds=15)  Slept for 15 second(s).
2025-10-09 14:27:18,358 - TaskRunner - INFO - 📊 agent_4 observation recorded (round 13)
2025-10-09 14:27:18,358 - TaskRunner - INFO -   🤖 agent_5 executing tool call...
2025-10-09 14:27:23,742 - TaskRunner - INFO -     🔧 Tool called: transfer_items(targetPlayer=equipmentcrafterdelta, itemKey=logs, count=1)
2025-10-09 14:27:23,772 - TaskRunner - INFO -     📊 State: active | Actions: 6 | Chats: 3
2025-10-09 14:27:23,772 - TaskRunner - INFO -     📊 Lv.81 | XP:44740 | ❤️939/939 | 💙68/68 | 📍(233,43)
2025-10-09 14:27:23,772 - TaskRunner - INFO -     🔧 Tool call: transfer_items(targetPlayer=equipmentcrafterdelta, itemKey=logs, count=1)
2025-10-09 14:27:23,772 - TaskRunner - INFO -     ✅ Result: ✅ Transfer completed: 1x Logs transferred from logisticscoordinatorepsilon to equipmentcrafterdelta
2025-10-09 14:27:23,772 - TaskRunner - INFO -     💭 Content: transfer_items(targetPlayer=equipmentcrafterdelta, itemKey=logs, count=1)  ✅ Transfer completed: 1...
2025-10-09 14:27:23,773 - TaskRunner - INFO - 📊 agent_5 observation recorded (round 13)
2025-10-09 14:27:23,773 - TaskRunner - INFO - 📊 Round 13 Summary: Active=5, Completed=0, Failed=0
2025-10-09 14:27:23,773 - TaskRunner - INFO - ================================================================================
2025-10-09 14:27:23,773 - TaskRunner - INFO - 🔄 ROUND 14
2025-10-09 14:27:23,773 - TaskRunner - INFO - ================================================================================
2025-10-09 14:27:23,773 - TaskRunner - INFO -   🤖 agent_1 executing tool call...
2025-10-09 14:27:30,584 - TaskRunner - INFO -     🔧 Tool called: chat(message=Still unable to harvest logs f...)
2025-10-09 14:27:30,584 - TaskRunner - INFO - 💬 agent_1: Still unable to harvest logs from the Oak2 Tree at (239, 30). Mastersmeltergamma, you mentioned successfully harvesting logs earlier - could you assist us with gathering wood for the team? I'm ready to transfer my ironore to you for smelting once we have sufficient fuel and materials.
2025-10-09 14:27:30,603 - TaskRunner - INFO -     📊 State: active | Actions: 6 | Chats: 3
2025-10-09 14:27:30,603 - TaskRunner - INFO -     📊 Lv.91 | XP:57142 | ❤️939/939 | 💙68/68 | 📍(239,30)
2025-10-09 14:27:30,603 - TaskRunner - INFO -     🔧 Tool call: chat(message=Still unable to harvest logs f...)
2025-10-09 14:27:30,604 - TaskRunner - INFO -     ✅ Result: Global chat message sent: Still unable to harvest logs from the Oak2 Tree at (239, 30). Mastersmeltergamma, you mentioned successfully harvesting logs earlier - could you assist us with gathering wood for the team? I'm ready to transfer my ironore to you for smelting once we have sufficient fuel and materials.
2025-10-09 14:27:30,604 - TaskRunner - INFO -     💭 Content: chat(message=Still unable to harvest logs f...)  Global chat message sent: Still unable to harvest...
2025-10-09 14:27:30,604 - TaskRunner - INFO - 📊 agent_1 observation recorded (round 14)
2025-10-09 14:27:30,604 - TaskRunner - INFO -   🤖 agent_2 executing tool call...
2025-10-09 14:28:08,108 - TaskRunner - INFO -     🔧 Tool called: harvest_resource(targetInstance=689247175)
2025-10-09 14:28:08,137 - TaskRunner - INFO -     📊 State: active | Actions: 6 | Chats: 3
2025-10-09 14:28:08,137 - TaskRunner - INFO -     📊 Lv.81 | XP:42436 | ❤️939/939 | 💙68/68 | 📍(261,39)
2025-10-09 14:28:08,137 - TaskRunner - INFO -     🔧 Tool call: harvest_resource(targetInstance=689247175)
2025-10-09 14:28:08,137 - TaskRunner - INFO -     ✅ Result: Already near Oak2 Tree. ⏳ HARVEST IN PROGRESS: Chopping Oak2 Tree at (262, 38)
2025-10-09 14:28:08,137 - TaskRunner - INFO -     💭 Content: harvest_resource(targetInstance=689247175)  Already near Oak2 Tree. ⏳ HARVEST IN PROGRESS: Choppin...
2025-10-09 14:28:08,138 - TaskRunner - INFO - 📊 agent_2 observation recorded (round 14)
2025-10-09 14:28:08,138 - TaskRunner - INFO -   🤖 agent_3 executing tool call...
2025-10-09 14:28:13,554 - TaskRunner - INFO -     🔧 Tool called: transfer_items(targetPlayer=logisticscoordinatorepsilon, itemKey=logs, count=1)
2025-10-09 14:28:13,583 - TaskRunner - INFO -     📊 State: active | Actions: 7 | Chats: 4
2025-10-09 14:28:13,583 - TaskRunner - INFO -     📊 Lv.63 | XP:48812 | ❤️939/939 | 💙68/68 | 📍(239,30)
2025-10-09 14:28:13,583 - TaskRunner - INFO -     🔧 Tool call: transfer_items(targetPlayer=logisticscoordinatorepsilon, itemKey=logs, count=1)
2025-10-09 14:28:13,583 - TaskRunner - INFO -     ✅ Result: ✅ Transfer completed: 1x Logs transferred from mastersmeltergamma to logisticscoordinatorepsilon
2025-10-09 14:28:13,583 - TaskRunner - INFO -     💭 Content: transfer_items(targetPlayer=logisticscoordinatorepsilon, itemKey=logs, count=1)  ✅ Transfer comple...
2025-10-09 14:28:13,584 - TaskRunner - INFO - 📊 agent_3 observation recorded (round 14)
2025-10-09 14:28:13,584 - TaskRunner - INFO -   🤖 agent_4 executing tool call...
2025-10-09 14:28:18,613 - TaskRunner - INFO -     💭 No tool call (thinking/planning)
2025-10-09 14:28:18,643 - TaskRunner - INFO -     📊 State: active | Actions: 1 | Chats: 5
2025-10-09 14:28:18,643 - TaskRunner - INFO -     📊 Lv.58 | XP:37497 | ❤️0/939 | 💙68/68 | 📍(240,45)
2025-10-09 14:28:18,644 - TaskRunner - INFO -     🔧 Tool call: check_inventory_status()
2025-10-09 14:28:18,644 - TaskRunner - INFO -     ✅ Result: 🎒 CURRENT INVENTORY: flask (15x), apple (20x), hilt2 (1x), logs (1x)
2025-10-09 14:28:18,644 - TaskRunner - INFO -     💭 Content: check_inventory_status()  🎒 CURRENT INVENTORY: flask (15x), apple (20x), hilt2 (1x), logs (1x)
2025-10-09 14:28:18,644 - TaskRunner - INFO - 📊 agent_4 observation recorded (round 14)
2025-10-09 14:28:18,645 - TaskRunner - INFO -   🤖 agent_5 executing tool call...
2025-10-09 14:28:24,168 - TaskRunner - INFO -     🔧 Tool called: chat(message=Successfully transferred 1x Lo...)
2025-10-09 14:28:24,168 - TaskRunner - INFO - 💬 agent_5: Successfully transferred 1x Logs to equipmentcrafterdelta. I'm ready to gather more logs for our team's crafting needs. Let me know if anyone needs additional wood supplies.
2025-10-09 14:28:24,202 - TaskRunner - INFO -     📊 State: active | Actions: 6 | Chats: 4
2025-10-09 14:28:24,202 - TaskRunner - INFO -     📊 Lv.81 | XP:44785 | ❤️939/939 | 💙68/68 | 📍(233,43)
2025-10-09 14:28:24,202 - TaskRunner - INFO -     🔧 Tool call: chat(message=Successfully transferred 1x Lo...)
2025-10-09 14:28:24,202 - TaskRunner - INFO -     ✅ Result: Global chat message sent: Successfully transferred 1x Logs to equipmentcrafterdelta. I'm ready to gather more logs for our team's crafting needs. Let me know if anyone needs additional wood supplies.
2025-10-09 14:28:24,202 - TaskRunner - INFO -     💭 Content: chat(message=Successfully transferred 1x Lo...)  Global chat message sent: Successfully transferre...
2025-10-09 14:28:24,203 - TaskRunner - INFO - 📊 agent_5 observation recorded (round 14)
2025-10-09 14:28:24,203 - TaskRunner - INFO - 📊 Round 14 Summary: Active=5, Completed=0, Failed=0
2025-10-09 14:28:24,203 - TaskRunner - INFO - ================================================================================
2025-10-09 14:28:24,203 - TaskRunner - INFO - 🔄 ROUND 15
2025-10-09 14:28:24,203 - TaskRunner - INFO - ================================================================================
2025-10-09 14:28:24,203 - TaskRunner - INFO -   🤖 agent_1 executing tool call...
2025-10-09 14:28:28,889 - TaskRunner - INFO -     🔧 Tool called: move_character(x=233, y=43)
2025-10-09 14:28:28,918 - TaskRunner - INFO -     📊 State: active | Actions: 7 | Chats: 3
2025-10-09 14:28:28,919 - TaskRunner - INFO -     📊 Lv.91 | XP:57182 | ❤️939/939 | 💙68/68 | 📍(233,43)
2025-10-09 14:28:28,919 - TaskRunner - INFO -     🔧 Tool call: move_character(x=233, y=43)
2025-10-09 14:28:28,919 - TaskRunner - INFO -     ✅ Result: Character moved from (239, 30) to (233, 43) (distance: 19 tiles)
2025-10-09 14:28:28,919 - TaskRunner - INFO -     💭 Content: move_character(x=233, y=43)  Character moved from (239, 30) to (233, 43) (distance: 19 tiles)
2025-10-09 14:28:28,920 - TaskRunner - INFO - 📊 agent_1 observation recorded (round 15)
2025-10-09 14:28:28,920 - TaskRunner - INFO -   🤖 agent_2 executing tool call...
2025-10-09 14:28:34,415 - TaskRunner - INFO -     💭 No tool call (thinking/planning)
2025-10-09 14:28:34,433 - TaskRunner - INFO -     📊 State: active | Actions: 6 | Chats: 3
2025-10-09 14:28:34,433 - TaskRunner - INFO -     📊 Lv.81 | XP:42466 | ❤️939/939 | 💙68/68 | 📍(261,39)
2025-10-09 14:28:34,433 - TaskRunner - INFO -     🔧 Tool call: verify_inventory(required_items=['logs'])
2025-10-09 14:28:34,433 - TaskRunner - INFO -     ✅ Result: 📋 INVENTORY VERIFICATION:
2025-10-09 14:28:34,433 - TaskRunner - INFO -     💭 Content: verify_inventory(required_items=['logs'])  📋 INVENTORY VERIFICATION: 🎒 Complete Inventory: flask (...
2025-10-09 14:28:34,434 - TaskRunner - INFO - 📊 agent_2 observation recorded (round 15)
2025-10-09 14:28:34,434 - TaskRunner - INFO -   🤖 agent_3 executing tool call...
2025-10-09 14:28:39,730 - TaskRunner - INFO -     🔧 Tool called: chat(message=Successfully transferred 1x Lo...)
2025-10-09 14:28:39,730 - TaskRunner - INFO - 💬 agent_3: Successfully transferred 1x Logs to logisticscoordinatorepsilon
2025-10-09 14:28:39,757 - TaskRunner - INFO -     📊 State: active | Actions: 7 | Chats: 5
2025-10-09 14:28:39,757 - TaskRunner - INFO -     📊 Lv.63 | XP:48832 | ❤️939/939 | 💙68/68 | 📍(239,30)
2025-10-09 14:28:39,757 - TaskRunner - INFO -     🔧 Tool call: chat(message=Successfully transferred 1x Lo...)
2025-10-09 14:28:39,757 - TaskRunner - INFO -     ✅ Result: Global chat message sent: Successfully transferred 1x Logs to logisticscoordinatorepsilon
2025-10-09 14:28:39,757 - TaskRunner - INFO -     💭 Content: chat(message=Successfully transferred 1x Lo...)  Global chat message sent: Successfully transferre...
2025-10-09 14:28:39,758 - TaskRunner - INFO - 📊 agent_3 observation recorded (round 15)
2025-10-09 14:28:39,758 - TaskRunner - INFO -   🤖 agent_4 executing tool call...
2025-10-09 14:28:47,001 - TaskRunner - INFO -     🔧 Tool called: chat(message=LogisticsCoordinatorEpsilon, I...)
2025-10-09 14:28:47,001 - TaskRunner - INFO - 💬 agent_4: LogisticsCoordinatorEpsilon, I've received 1x logs. Please continue gathering more logs for our pickaxe and axe crafting needs. We need at least 3 logs total. Mastersmeltergamma, any update on iron bars? I'm ready to craft as soon as I receive them.
2025-10-09 14:28:47,017 - TaskRunner - INFO -     📊 State: active | Actions: 1 | Chats: 6
2025-10-09 14:28:47,017 - TaskRunner - INFO -     📊 Lv.58 | XP:37512 | ❤️0/939 | 💙68/68 | 📍(240,45)
2025-10-09 14:28:47,017 - TaskRunner - INFO -     🔧 Tool call: chat(message=LogisticsCoordinatorEpsilon, I...)
2025-10-09 14:28:47,017 - TaskRunner - INFO -     ✅ Result: Global chat message sent: LogisticsCoordinatorEpsilon, I've received 1x logs. Please continue gathering more logs for our pickaxe and axe crafting needs. We need at least 3 logs total. Mastersmeltergamma, any update on iron bars? I'm ready to craft as soon as I receive them.
2025-10-09 14:28:47,017 - TaskRunner - INFO -     💭 Content: chat(message=LogisticsCoordinatorEpsilon, I...)  Global chat message sent: LogisticsCoordinatorEps...
2025-10-09 14:28:47,018 - TaskRunner - INFO - 📊 agent_4 observation recorded (round 15)
2025-10-09 14:28:47,018 - TaskRunner - INFO -   🤖 agent_5 executing tool call...
2025-10-09 14:28:51,886 - TaskRunner - INFO -     🔧 Tool called: move_character(x=251, y=72)
2025-10-09 14:28:51,908 - TaskRunner - INFO -     📊 State: active | Actions: 7 | Chats: 4
2025-10-09 14:28:51,909 - TaskRunner - INFO -     📊 Lv.81 | XP:44800 | ❤️939/939 | 💙68/68 | 📍(251,72)
2025-10-09 14:28:51,909 - TaskRunner - INFO -     🔧 Tool call: move_character(x=251, y=72)
2025-10-09 14:28:51,909 - TaskRunner - INFO -     ✅ Result: Character moved from (233, 43) to (251, 72) (distance: 47 tiles)
2025-10-09 14:28:51,909 - TaskRunner - INFO -     💭 Content: move_character(x=251, y=72)  Character moved from (233, 43) to (251, 72) (distance: 47 tiles)
2025-10-09 14:28:51,909 - TaskRunner - INFO - 📊 agent_5 observation recorded (round 15)
2025-10-09 14:28:51,909 - TaskRunner - INFO - 📊 Round 15 Summary: Active=5, Completed=0, Failed=0
2025-10-09 14:28:51,909 - TaskRunner - INFO - ================================================================================
2025-10-09 14:28:51,909 - TaskRunner - INFO - 🔄 ROUND 16
2025-10-09 14:28:51,909 - TaskRunner - INFO - ================================================================================
2025-10-09 14:28:51,909 - TaskRunner - INFO -   🤖 agent_1 executing tool call...
2025-10-09 14:29:29,134 - TaskRunner - INFO -     🔧 Tool called: harvest_resource(targetInstance=647177187)
2025-10-09 14:29:29,162 - TaskRunner - INFO -     📊 State: active | Actions: 8 | Chats: 3
2025-10-09 14:29:29,162 - TaskRunner - INFO -     📊 Lv.91 | XP:57222 | ❤️939/939 | 💙68/68 | 📍(233,43)
2025-10-09 14:29:29,162 - TaskRunner - INFO -     🔧 Tool call: harvest_resource(targetInstance=647177187)
2025-10-09 14:29:29,162 - TaskRunner - INFO -     ✅ Result: Already near Oak2 Tree. ⏳ HARVEST IN PROGRESS: Chopping Oak2 Tree at (233, 43)
2025-10-09 14:29:29,162 - TaskRunner - INFO -     💭 Content: harvest_resource(targetInstance=647177187)  Already near Oak2 Tree. ⏳ HARVEST IN PROGRESS: Choppin...
2025-10-09 14:29:29,163 - TaskRunner - INFO - 📊 agent_1 observation recorded (round 16)
2025-10-09 14:29:29,163 - TaskRunner - INFO -   🤖 agent_2 executing tool call...
2025-10-09 14:29:37,297 - TaskRunner - INFO -     🔧 Tool called: chat(message=Still unable to harvest logs f...)
2025-10-09 14:29:37,297 - TaskRunner - INFO - 💬 agent_2: Still unable to harvest logs from the Oak2 Tree at (262, 38). Mastersmeltergamma, you mentioned successfully harvesting logs earlier - could you assist us with gathering wood for the team? I'm ready to transfer my coal to you for smelting once we have sufficient fuel and materials.
2025-10-09 14:29:37,333 - TaskRunner - INFO -     📊 State: active | Actions: 6 | Chats: 4
2025-10-09 14:29:37,334 - TaskRunner - INFO -     📊 Lv.81 | XP:42516 | ❤️939/939 | 💙68/68 | 📍(261,39)
2025-10-09 14:29:37,334 - TaskRunner - INFO -     🔧 Tool call: chat(message=Still unable to harvest logs f...)
2025-10-09 14:29:37,334 - TaskRunner - INFO -     ✅ Result: Global chat message sent: Still unable to harvest logs from the Oak2 Tree at (262, 38). Mastersmeltergamma, you mentioned successfully harvesting logs earlier - could you assist us with gathering wood for the team? I'm ready to transfer my coal to you for smelting once we have sufficient fuel and materials.
2025-10-09 14:29:37,334 - TaskRunner - INFO -     💭 Content: chat(message=Still unable to harvest logs f...)  Global chat message sent: Still unable to harvest...
2025-10-09 14:29:37,335 - TaskRunner - INFO - 📊 agent_2 observation recorded (round 16)
2025-10-09 14:29:37,335 - TaskRunner - INFO -   🤖 agent_3 executing tool call...
2025-10-09 14:29:45,529 - TaskRunner - INFO -     🔧 Tool called: harvest_resource(targetInstance=66772143)
2025-10-09 14:29:45,548 - TaskRunner - INFO -     📊 State: active | Actions: 8 | Chats: 5
2025-10-09 14:29:45,548 - TaskRunner - INFO -     📊 Lv.63 | XP:48902 | ❤️939/939 | 💙68/68 | 📍(239,30)
2025-10-09 14:29:45,548 - TaskRunner - INFO -     🔧 Tool call: harvest_resource(targetInstance=66772143)
2025-10-09 14:29:45,548 - TaskRunner - INFO -     ✅ Result: Already near Oak2 Tree. ✅ HARVEST COMPLETE: Chopping Oak2 Tree at (239, 30)
2025-10-09 14:29:45,548 - TaskRunner - INFO -     💭 Content: harvest_resource(targetInstance=66772143)  Already near Oak2 Tree. ✅ HARVEST COMPLETE: Chopping Oa...
2025-10-09 14:29:45,549 - TaskRunner - INFO - 📊 agent_3 observation recorded (round 16)
2025-10-09 14:29:45,549 - TaskRunner - INFO -   🤖 agent_4 executing tool call...
2025-10-09 14:30:05,407 - TaskRunner - INFO -     💭 No tool call (thinking/planning)
2025-10-09 14:30:05,443 - TaskRunner - INFO -     📊 State: active | Actions: 1 | Chats: 6
2025-10-09 14:30:05,443 - TaskRunner - INFO -     📊 Lv.58 | XP:37577 | ❤️0/939 | 💙68/68 | 📍(240,45)
2025-10-09 14:30:05,443 - TaskRunner - INFO -     🔧 Tool call: sleep(seconds=15)
2025-10-09 14:30:05,443 - TaskRunner - INFO -     ✅ Result: Slept for 15 second(s).
2025-10-09 14:30:05,443 - TaskRunner - INFO -     💭 Content: sleep(seconds=15)  Slept for 15 second(s).
2025-10-09 14:30:05,444 - TaskRunner - INFO - 📊 agent_4 observation recorded (round 16)
2025-10-09 14:30:05,444 - TaskRunner - INFO -   🤖 agent_5 executing tool call...
2025-10-09 14:30:42,728 - TaskRunner - INFO -     🔧 Tool called: harvest_resource(targetInstance=614182260)
2025-10-09 14:30:42,755 - TaskRunner - INFO -     📊 State: active | Actions: 8 | Chats: 4
2025-10-09 14:30:42,755 - TaskRunner - INFO -     📊 Lv.81 | XP:44815 | ❤️939/939 | 💙68/68 | 📍(251,72)
2025-10-09 14:30:42,755 - TaskRunner - INFO -     🔧 Tool call: harvest_resource(targetInstance=614182260)
2025-10-09 14:30:42,755 - TaskRunner - INFO -     ✅ Result: Already near Oak2 Tree. ⏳ HARVEST IN PROGRESS: Chopping Oak2 Tree at (251, 72)
2025-10-09 14:30:42,755 - TaskRunner - INFO -     💭 Content: harvest_resource(targetInstance=614182260)  Already near Oak2 Tree. ⏳ HARVEST IN PROGRESS: Choppin...
2025-10-09 14:30:42,756 - TaskRunner - INFO - 📊 agent_5 observation recorded (round 16)
2025-10-09 14:30:42,756 - TaskRunner - INFO - 📊 Round 16 Summary: Active=5, Completed=0, Failed=0
2025-10-09 14:30:42,756 - TaskRunner - INFO - ================================================================================
2025-10-09 14:30:42,756 - TaskRunner - INFO - 🔄 ROUND 17
2025-10-09 14:30:42,756 - TaskRunner - INFO - ================================================================================
2025-10-09 14:30:42,756 - TaskRunner - INFO -   🤖 agent_1 executing tool call...
2025-10-09 14:30:48,070 - TaskRunner - INFO -     💭 No tool call (thinking/planning)
2025-10-09 14:30:48,100 - TaskRunner - INFO -     📊 State: active | Actions: 8 | Chats: 3
2025-10-09 14:30:48,101 - TaskRunner - INFO -     📊 Lv.91 | XP:57282 | ❤️939/939 | 💙68/68 | 📍(233,43)
2025-10-09 14:30:48,101 - TaskRunner - INFO -     🔧 Tool call: verify_inventory(required_items=['logs'])
2025-10-09 14:30:48,101 - TaskRunner - INFO -     ✅ Result: 📋 INVENTORY VERIFICATION:
2025-10-09 14:30:48,101 - TaskRunner - INFO -     💭 Content: verify_inventory(required_items=['logs'])  📋 INVENTORY VERIFICATION: 🎒 Complete Inventory: flask (...
2025-10-09 14:30:48,102 - TaskRunner - INFO - 📊 agent_1 observation recorded (round 17)
2025-10-09 14:30:48,102 - TaskRunner - INFO -   🤖 agent_2 executing tool call...
2025-10-09 14:30:53,394 - TaskRunner - INFO -     🔧 Tool called: move_character(x=239, y=30)
2025-10-09 14:30:53,416 - TaskRunner - INFO -     📊 State: active | Actions: 7 | Chats: 4
2025-10-09 14:30:53,417 - TaskRunner - INFO -     📊 Lv.81 | XP:42596 | ❤️939/939 | 💙68/68 | 📍(239,30)
2025-10-09 14:30:53,417 - TaskRunner - INFO -     🔧 Tool call: move_character(x=239, y=30)
2025-10-09 14:30:53,417 - TaskRunner - INFO -     ✅ Result: Character moved from (261, 39) to (239, 30) (distance: 31 tiles)
2025-10-09 14:30:53,417 - TaskRunner - INFO -     💭 Content: move_character(x=239, y=30)  Character moved from (261, 39) to (239, 30) (distance: 31 tiles)
2025-10-09 14:30:53,418 - TaskRunner - INFO - 📊 agent_2 observation recorded (round 17)
2025-10-09 14:30:53,418 - TaskRunner - INFO -   🤖 agent_3 executing tool call...
2025-10-09 14:30:58,921 - TaskRunner - INFO -     🔧 Tool called: transfer_items(targetPlayer=logisticscoordinatorepsilon, itemKey=logs, count=1)
2025-10-09 14:30:58,948 - TaskRunner - INFO -     📊 State: active | Actions: 9 | Chats: 5
2025-10-09 14:30:58,948 - TaskRunner - INFO -     📊 Lv.63 | XP:48997 | ❤️939/939 | 💙68/68 | 📍(239,30)
2025-10-09 14:30:58,948 - TaskRunner - INFO -     🔧 Tool call: transfer_items(targetPlayer=logisticscoordinatorepsilon, itemKey=logs, count=1)
2025-10-09 14:30:58,948 - TaskRunner - INFO -     ✅ Result: ✅ Transfer completed: 1x Logs transferred from mastersmeltergamma to logisticscoordinatorepsilon
2025-10-09 14:30:58,948 - TaskRunner - INFO -     💭 Content: transfer_items(targetPlayer=logisticscoordinatorepsilon, itemKey=logs, count=1)  ✅ Transfer comple...
2025-10-09 14:30:58,949 - TaskRunner - INFO - 📊 agent_3 observation recorded (round 17)
2025-10-09 14:30:58,949 - TaskRunner - INFO -   🤖 agent_4 executing tool call...
2025-10-09 14:31:04,306 - TaskRunner - INFO -     💭 No tool call (thinking/planning)
2025-10-09 14:31:04,333 - TaskRunner - INFO -     📊 State: active | Actions: 1 | Chats: 6
2025-10-09 14:31:04,333 - TaskRunner - INFO -     📊 Lv.58 | XP:37637 | ❤️0/939 | 💙68/68 | 📍(240,45)
2025-10-09 14:31:04,333 - TaskRunner - INFO -     🔧 Tool call: check_inventory_status()
2025-10-09 14:31:04,334 - TaskRunner - INFO -     ✅ Result: 🎒 CURRENT INVENTORY: flask (15x), apple (20x), hilt2 (1x), logs (1x)
2025-10-09 14:31:04,334 - TaskRunner - INFO -     💭 Content: check_inventory_status()  🎒 CURRENT INVENTORY: flask (15x), apple (20x), hilt2 (1x), logs (1x)
2025-10-09 14:31:04,334 - TaskRunner - INFO - 📊 agent_4 observation recorded (round 17)
2025-10-09 14:31:04,334 - TaskRunner - INFO -   🤖 agent_5 executing tool call...
2025-10-09 14:31:10,959 - TaskRunner - INFO -     💭 No tool call (thinking/planning)
2025-10-09 14:31:10,989 - TaskRunner - INFO -     📊 State: active | Actions: 8 | Chats: 4
2025-10-09 14:31:10,989 - TaskRunner - INFO -     📊 Lv.81 | XP:44850 | ❤️939/939 | 💙68/68 | 📍(251,72)
2025-10-09 14:31:10,989 - TaskRunner - INFO -     🔧 Tool call: verify_inventory(required_items=['logs'])
2025-10-09 14:31:10,990 - TaskRunner - INFO -     ✅ Result: 📋 INVENTORY VERIFICATION:
2025-10-09 14:31:10,990 - TaskRunner - INFO -     💭 Content: verify_inventory(required_items=['logs'])  📋 INVENTORY VERIFICATION: 🎒 Complete Inventory: flask (...
2025-10-09 14:31:10,990 - TaskRunner - INFO - 📊 agent_5 observation recorded (round 17)
2025-10-09 14:31:10,990 - TaskRunner - INFO - 📊 Round 17 Summary: Active=5, Completed=0, Failed=0
2025-10-09 14:31:10,991 - TaskRunner - INFO - ================================================================================
2025-10-09 14:31:10,991 - TaskRunner - INFO - 🔄 ROUND 18
2025-10-09 14:31:10,991 - TaskRunner - INFO - ================================================================================
2025-10-09 14:31:10,991 - TaskRunner - INFO -   🤖 agent_1 executing tool call...
2025-10-09 14:31:19,832 - TaskRunner - INFO -     🔧 Tool called: chat(message=I'm at position (233, 43)
2025-10-09 14:31:19,832 - TaskRunner - INFO - 💬 agent_1: I'm at position (233, 43) and just attempted to harvest the Oak2 Tree here but didn't receive any logs. This is concerning - all oak trees in our area seem to be unharvestable. Mastersmeltergamma, since you successfully harvested logs earlier, could you please help us understand what's different about your harvesting process? I have 3x ironore and 1x coal ready to contribute to the team's smelting efforts once we resolve the wood gathering issue.
2025-10-09 14:31:19,864 - TaskRunner - INFO -     📊 State: active | Actions: 8 | Chats: 4
2025-10-09 14:31:19,864 - TaskRunner - INFO -     📊 Lv.91 | XP:57297 | ❤️939/939 | 💙68/68 | 📍(233,43)
2025-10-09 14:31:19,864 - TaskRunner - INFO -     🔧 Tool call: chat(message=I'm at position (233, 43) and ...)
2025-10-09 14:31:19,864 - TaskRunner - INFO -     ✅ Result: Global chat message sent: I'm at position (233, 43) and just attempted to harvest the Oak2 Tree here but didn't receive any logs. This is concerning - all oak trees in our area seem to be unharvestable. Mastersmeltergamma, since you successfully harvested logs earlier, could you please help us understand what's different about your harvesting process? I have 3x ironore and 1x coal ready to contribute to the team's smelting efforts once we resolve the wood gathering issue.
2025-10-09 14:31:19,864 - TaskRunner - INFO -     💭 Content: chat(message=I'm at position (233, 43) and ...)  Global chat message sent: I'm at position (233, 4...
2025-10-09 14:31:19,865 - TaskRunner - INFO - 📊 agent_1 observation recorded (round 18)
2025-10-09 14:31:19,865 - TaskRunner - INFO -   🤖 agent_2 executing tool call...
2025-10-09 14:31:56,682 - TaskRunner - INFO -     🔧 Tool called: harvest_resource(targetInstance=66772143)
2025-10-09 14:31:56,702 - TaskRunner - INFO -     📊 State: active | Actions: 8 | Chats: 4
2025-10-09 14:31:56,702 - TaskRunner - INFO -     📊 Lv.81 | XP:42596 | ❤️939/939 | 💙68/68 | 📍(239,30)
2025-10-09 14:31:56,702 - TaskRunner - INFO -     🔧 Tool call: harvest_resource(targetInstance=66772143)
2025-10-09 14:31:56,702 - TaskRunner - INFO -     ✅ Result: Already near Oak2 Tree. ⏳ HARVEST IN PROGRESS: Chopping Oak2 Tree at (239, 30)
2025-10-09 14:31:56,702 - TaskRunner - INFO -     💭 Content: harvest_resource(targetInstance=66772143)  Already near Oak2 Tree. ⏳ HARVEST IN PROGRESS: Chopping...
2025-10-09 14:31:56,703 - TaskRunner - INFO - 📊 agent_2 observation recorded (round 18)
2025-10-09 14:31:56,703 - TaskRunner - INFO -   🤖 agent_3 executing tool call...
2025-10-09 14:32:02,544 - TaskRunner - INFO -     🔧 Tool called: chat(message=Successfully transferred 1x Lo...)
2025-10-09 14:32:02,544 - TaskRunner - INFO - 💬 agent_3: Successfully transferred 1x Logs to logisticscoordinatorepsilon
2025-10-09 14:32:02,562 - TaskRunner - INFO -     📊 State: active | Actions: 9 | Chats: 6
2025-10-09 14:32:02,562 - TaskRunner - INFO -     📊 Lv.63 | XP:49077 | ❤️939/939 | 💙68/68 | 📍(239,30)
2025-10-09 14:32:02,562 - TaskRunner - INFO -     🔧 Tool call: chat(message=Successfully transferred 1x Lo...)
2025-10-09 14:32:02,562 - TaskRunner - INFO -     ✅ Result: Global chat message sent: Successfully transferred 1x Logs to logisticscoordinatorepsilon
2025-10-09 14:32:02,562 - TaskRunner - INFO -     💭 Content: chat(message=Successfully transferred 1x Lo...)  Global chat message sent: Successfully transferre...
2025-10-09 14:32:02,562 - TaskRunner - INFO - 📊 agent_3 observation recorded (round 18)
2025-10-09 14:32:02,562 - TaskRunner - INFO -   🤖 agent_4 executing tool call...
2025-10-09 14:32:10,369 - TaskRunner - INFO -     🔧 Tool called: chat(message=Team, I'm still waiting for ad...)
2025-10-09 14:32:10,370 - TaskRunner - INFO - 💬 agent_4: Team, I'm still waiting for additional logs and iron bars. LogisticsCoordinatorEpsilon, we need 2 more logs to complete our crafting requirements. Mastersmeltergamma, please prioritize smelting the iron ore into bars so I can craft the sword2. IronMinerAlpha and CoalMinerBeta, your continued mining efforts are crucial for our success.
2025-10-09 14:32:10,400 - TaskRunner - INFO -     📊 State: active | Actions: 1 | Chats: 7
2025-10-09 14:32:10,401 - TaskRunner - INFO -     📊 Lv.58 | XP:37727 | ❤️0/939 | 💙68/68 | 📍(240,45)
2025-10-09 14:32:10,401 - TaskRunner - INFO -     🔧 Tool call: chat(message=Team, I'm still waiting for ad...)
2025-10-09 14:32:10,401 - TaskRunner - INFO -     ✅ Result: Global chat message sent: Team, I'm still waiting for additional logs and iron bars. LogisticsCoordinatorEpsilon, we need 2 more logs to complete our crafting requirements. Mastersmeltergamma, please prioritize smelting the iron ore into bars so I can craft the sword2. IronMinerAlpha and CoalMinerBeta, your continued mining efforts are crucial for our success.
2025-10-09 14:32:10,401 - TaskRunner - INFO -     💭 Content: chat(message=Team, I'm still waiting for ad...)  Global chat message sent: Team, I'm still waiting...
2025-10-09 14:32:10,402 - TaskRunner - INFO - 📊 agent_4 observation recorded (round 18)
2025-10-09 14:32:10,402 - TaskRunner - INFO -   🤖 agent_5 executing tool call...
2025-10-09 14:32:18,301 - TaskRunner - INFO -     🔧 Tool called: chat(message=I've gathered 2x logs total. I...)
2025-10-09 14:32:18,301 - TaskRunner - INFO - 💬 agent_5: I've gathered 2x logs total. I'm ready to transfer additional logs to EquipmentCrafterDelta for our pickaxe and axe crafting needs. We need at least 3 logs total for all equipment. Who else needs logs? Let's coordinate.
2025-10-09 14:32:18,338 - TaskRunner - INFO -     📊 State: active | Actions: 8 | Chats: 5
2025-10-09 14:32:18,338 - TaskRunner - INFO -     📊 Lv.81 | XP:44910 | ❤️939/939 | 💙68/68 | 📍(251,72)
2025-10-09 14:32:18,338 - TaskRunner - INFO -     🔧 Tool call: chat(message=I've gathered 2x logs total. I...)
2025-10-09 14:32:18,338 - TaskRunner - INFO -     ✅ Result: Global chat message sent: I've gathered 2x logs total. I'm ready to transfer additional logs to EquipmentCrafterDelta for our pickaxe and axe crafting needs. We need at least 3 logs total for all equipment. Who else needs logs? Let's coordinate.
2025-10-09 14:32:18,339 - TaskRunner - INFO -     💭 Content: chat(message=I've gathered 2x logs total. I...)  Global chat message sent: I've gathered 2x logs t...
2025-10-09 14:32:18,339 - TaskRunner - INFO - 📊 agent_5 observation recorded (round 18)
2025-10-09 14:32:18,339 - TaskRunner - INFO - 📊 Round 18 Summary: Active=5, Completed=0, Failed=0
2025-10-09 14:32:18,340 - TaskRunner - INFO - ================================================================================
2025-10-09 14:32:18,340 - TaskRunner - INFO - 🔄 ROUND 19
2025-10-09 14:32:18,340 - TaskRunner - INFO - ================================================================================
2025-10-09 14:32:18,340 - TaskRunner - INFO -   🤖 agent_1 executing tool call...
2025-10-09 14:32:24,185 - TaskRunner - INFO -     🔧 Tool called: transfer_items(targetPlayer=mastersmeltergamma, itemKey=ironore, count=3)
2025-10-09 14:32:24,215 - TaskRunner - INFO -     📊 State: active | Actions: 9 | Chats: 4
2025-10-09 14:32:24,216 - TaskRunner - INFO -     📊 Lv.91 | XP:57377 | ❤️939/939 | 💙68/68 | 📍(233,43)
2025-10-09 14:32:24,216 - TaskRunner - INFO -     🔧 Tool call: transfer_items(targetPlayer=mastersmeltergamma, itemKey=ironore, count=3)
2025-10-09 14:32:24,216 - TaskRunner - INFO -     ✅ Result: ✅ Transfer completed: 3x Iron Ore transferred from ironmineralpha to mastersmeltergamma
2025-10-09 14:32:24,216 - TaskRunner - INFO -     💭 Content: transfer_items(targetPlayer=mastersmeltergamma, itemKey=ironore, count=3)  ✅ Transfer completed: 3...
2025-10-09 14:32:24,217 - TaskRunner - INFO - 📊 agent_1 observation recorded (round 19)
2025-10-09 14:32:24,217 - TaskRunner - INFO -   🤖 agent_2 executing tool call...
2025-10-09 14:32:29,622 - TaskRunner - INFO -     💭 No tool call (thinking/planning)
2025-10-09 14:32:29,639 - TaskRunner - INFO -     📊 State: active | Actions: 8 | Chats: 4
2025-10-09 14:32:29,640 - TaskRunner - INFO -     📊 Lv.81 | XP:42596 | ❤️939/939 | 💙68/68 | 📍(239,30)
2025-10-09 14:32:29,640 - TaskRunner - INFO -     🔧 Tool call: verify_inventory(required_items=['logs'])
2025-10-09 14:32:29,640 - TaskRunner - INFO -     ✅ Result: 📋 INVENTORY VERIFICATION:
2025-10-09 14:32:29,640 - TaskRunner - INFO -     💭 Content: verify_inventory(required_items=['logs'])  📋 INVENTORY VERIFICATION: 🎒 Complete Inventory: flask (...
2025-10-09 14:32:29,641 - TaskRunner - INFO - 📊 agent_2 observation recorded (round 19)
2025-10-09 14:32:29,641 - TaskRunner - INFO -   🤖 agent_3 executing tool call...
2025-10-09 14:33:06,635 - TaskRunner - INFO -     🔧 Tool called: harvest_resource(targetInstance=66772143)
2025-10-09 14:33:06,662 - TaskRunner - INFO -     📊 State: active | Actions: 10 | Chats: 6
2025-10-09 14:33:06,662 - TaskRunner - INFO -     📊 Lv.63 | XP:49197 | ❤️939/939 | 💙68/68 | 📍(239,30)
2025-10-09 14:33:06,662 - TaskRunner - INFO -     🔧 Tool call: harvest_resource(targetInstance=66772143)
2025-10-09 14:33:06,662 - TaskRunner - INFO -     ✅ Result: Already near Oak2 Tree. ⏳ HARVEST IN PROGRESS: Chopping Oak2 Tree at (239, 30)
2025-10-09 14:33:06,663 - TaskRunner - INFO -     💭 Content: harvest_resource(targetInstance=66772143)  Already near Oak2 Tree. ⏳ HARVEST IN PROGRESS: Chopping...
2025-10-09 14:33:06,663 - TaskRunner - INFO - 📊 agent_3 observation recorded (round 19)
2025-10-09 14:33:06,663 - TaskRunner - INFO -   🤖 agent_4 executing tool call...
2025-10-09 14:33:27,483 - TaskRunner - INFO -     💭 No tool call (thinking/planning)
2025-10-09 14:33:27,519 - TaskRunner - INFO -     📊 State: active | Actions: 1 | Chats: 7
2025-10-09 14:33:27,519 - TaskRunner - INFO -     📊 Lv.58 | XP:37832 | ❤️0/939 | 💙68/68 | 📍(240,45)
2025-10-09 14:33:27,519 - TaskRunner - INFO -     🔧 Tool call: sleep(seconds=15)
2025-10-09 14:33:27,520 - TaskRunner - INFO -     ✅ Result: Slept for 15 second(s).
2025-10-09 14:33:27,520 - TaskRunner - INFO -     💭 Content: sleep(seconds=15)  Slept for 15 second(s).
2025-10-09 14:33:27,520 - TaskRunner - INFO - 📊 agent_4 observation recorded (round 19)
2025-10-09 14:33:27,520 - TaskRunner - INFO -   🤖 agent_5 executing tool call...
2025-10-09 14:33:32,913 - TaskRunner - INFO -     🔧 Tool called: transfer_items(targetPlayer=equipmentcrafterdelta, itemKey=logs, count=1)
2025-10-09 14:33:32,945 - TaskRunner - INFO -     📊 State: active | Actions: 9 | Chats: 5
2025-10-09 14:33:32,945 - TaskRunner - INFO -     📊 Lv.81 | XP:45000 | ❤️939/939 | 💙68/68 | 📍(251,72)
2025-10-09 14:33:32,945 - TaskRunner - INFO -     🔧 Tool call: transfer_items(targetPlayer=equipmentcrafterdelta, itemKey=logs, count=1)
2025-10-09 14:33:32,945 - TaskRunner - INFO -     ✅ Result: ✅ Transfer completed: 1x Logs transferred from logisticscoordinatorepsilon to equipmentcrafterdelta
2025-10-09 14:33:32,945 - TaskRunner - INFO -     💭 Content: transfer_items(targetPlayer=equipmentcrafterdelta, itemKey=logs, count=1)  ✅ Transfer completed: 1...
2025-10-09 14:33:32,946 - TaskRunner - INFO - 📊 agent_5 observation recorded (round 19)
2025-10-09 14:33:32,946 - TaskRunner - INFO - 📊 Round 19 Summary: Active=5, Completed=0, Failed=0
2025-10-09 14:33:32,946 - TaskRunner - INFO - ================================================================================
2025-10-09 14:33:32,946 - TaskRunner - INFO - 🔄 ROUND 20
2025-10-09 14:33:32,947 - TaskRunner - INFO - ================================================================================
2025-10-09 14:33:32,947 - TaskRunner - INFO -   🤖 agent_1 executing tool call...
2025-10-09 14:33:38,516 - TaskRunner - INFO -     🔧 Tool called: transfer_items(targetPlayer=mastersmeltergamma, itemKey=coal, count=1)
2025-10-09 14:33:38,548 - TaskRunner - INFO -     📊 State: active | Actions: 10 | Chats: 4
2025-10-09 14:33:38,548 - TaskRunner - INFO -     📊 Lv.91 | XP:57467 | ❤️939/939 | 💙68/68 | 📍(233,43)
2025-10-09 14:33:38,548 - TaskRunner - INFO -     🔧 Tool call: transfer_items(targetPlayer=mastersmeltergamma, itemKey=coal, count=1)
2025-10-09 14:33:38,548 - TaskRunner - INFO -     ✅ Result: ✅ Transfer completed: 1x Coal transferred from ironmineralpha to mastersmeltergamma
2025-10-09 14:33:38,548 - TaskRunner - INFO -     💭 Content: transfer_items(targetPlayer=mastersmeltergamma, itemKey=coal, count=1)  ✅ Transfer completed: 1x C...
2025-10-09 14:33:38,549 - TaskRunner - INFO - 📊 agent_1 observation recorded (round 20)
2025-10-09 14:33:38,549 - TaskRunner - INFO -   🤖 agent_2 executing tool call...
2025-10-09 14:33:45,647 - TaskRunner - INFO -     🔧 Tool called: chat(message=Still unable to harvest logs f...)
2025-10-09 14:33:45,647 - TaskRunner - INFO - 💬 agent_2: Still unable to harvest logs from the Oak2 Tree at (239, 30). Mastersmeltergamma, you mentioned successfully harvesting logs earlier - could you assist us with gathering wood for the team? I'm ready to transfer my coal to you for smelting once we have sufficient fuel and materials.
2025-10-09 14:33:45,681 - TaskRunner - INFO -     📊 State: active | Actions: 8 | Chats: 5
2025-10-09 14:33:45,681 - TaskRunner - INFO -     📊 Lv.81 | XP:42691 | ❤️939/939 | 💙68/68 | 📍(239,30)
2025-10-09 14:33:45,681 - TaskRunner - INFO -     🔧 Tool call: chat(message=Still unable to harvest logs f...)
2025-10-09 14:33:45,681 - TaskRunner - INFO -     ✅ Result: Global chat message sent: Still unable to harvest logs from the Oak2 Tree at (239, 30). Mastersmeltergamma, you mentioned successfully harvesting logs earlier - could you assist us with gathering wood for the team? I'm ready to transfer my coal to you for smelting once we have sufficient fuel and materials.
2025-10-09 14:33:45,681 - TaskRunner - INFO -     💭 Content: chat(message=Still unable to harvest logs f...)  Global chat message sent: Still unable to harvest...
2025-10-09 14:33:45,682 - TaskRunner - INFO - 📊 agent_2 observation recorded (round 20)
2025-10-09 14:33:45,682 - TaskRunner - INFO -   🤖 agent_3 executing tool call...
2025-10-09 14:33:55,480 - TaskRunner - INFO -     💭 No tool call (thinking/planning)
2025-10-09 14:33:55,516 - TaskRunner - INFO -     📊 State: active | Actions: 10 | Chats: 6
2025-10-09 14:33:55,516 - TaskRunner - INFO -     📊 Lv.63 | XP:49267 | ❤️939/939 | 💙68/68 | 📍(239,30)
2025-10-09 14:33:55,516 - TaskRunner - INFO -     🔧 Tool call: sleep(seconds=5)
2025-10-09 14:33:55,516 - TaskRunner - INFO -     ✅ Result: Slept for 5 second(s).
2025-10-09 14:33:55,517 - TaskRunner - INFO -     💭 Content: sleep(seconds=5)  Slept for 5 second(s).
2025-10-09 14:33:55,517 - TaskRunner - INFO - 📊 agent_3 observation recorded (round 20)
2025-10-09 14:33:55,517 - TaskRunner - INFO -   🤖 agent_4 executing tool call...
2025-10-09 14:34:00,669 - TaskRunner - INFO -     💭 No tool call (thinking/planning)
2025-10-09 14:34:00,698 - TaskRunner - INFO -     📊 State: active | Actions: 1 | Chats: 7
2025-10-09 14:34:00,699 - TaskRunner - INFO -     📊 Lv.58 | XP:37892 | ❤️0/939 | 💙68/68 | 📍(240,45)
2025-10-09 14:34:00,699 - TaskRunner - INFO -     🔧 Tool call: check_inventory_status()
2025-10-09 14:34:00,699 - TaskRunner - INFO -     ✅ Result: 🎒 CURRENT INVENTORY: flask (15x), apple (20x), hilt2 (1x), logs (2x)
2025-10-09 14:34:00,699 - TaskRunner - INFO -     💭 Content: check_inventory_status()  🎒 CURRENT INVENTORY: flask (15x), apple (20x), hilt2 (1x), logs (2x)
2025-10-09 14:34:00,700 - TaskRunner - INFO - 📊 agent_4 observation recorded (round 20)
2025-10-09 14:34:00,700 - TaskRunner - INFO -   🤖 agent_5 executing tool call...
2025-10-09 14:34:06,266 - TaskRunner - INFO -     🔧 Tool called: chat(message=Successfully transferred 1x Lo...)
2025-10-09 14:34:06,266 - TaskRunner - INFO - 💬 agent_5: Successfully transferred 1x Logs to equipmentcrafterdelta. I'm ready to gather more logs for our team's crafting needs. Let me know if anyone needs additional wood supplies.
2025-10-09 14:34:06,303 - TaskRunner - INFO -     📊 State: active | Actions: 9 | Chats: 6
2025-10-09 14:34:06,303 - TaskRunner - INFO -     📊 Lv.81 | XP:45050 | ❤️939/939 | 💙68/68 | 📍(251,72)
2025-10-09 14:34:06,303 - TaskRunner - INFO -     🔧 Tool call: chat(message=Successfully transferred 1x Lo...)
2025-10-09 14:34:06,303 - TaskRunner - INFO -     ✅ Result: Global chat message sent: Successfully transferred 1x Logs to equipmentcrafterdelta. I'm ready to gather more logs for our team's crafting needs. Let me know if anyone needs additional wood supplies.
2025-10-09 14:34:06,303 - TaskRunner - INFO -     💭 Content: chat(message=Successfully transferred 1x Lo...)  Global chat message sent: Successfully transferre...
2025-10-09 14:34:06,304 - TaskRunner - INFO - 📊 agent_5 observation recorded (round 20)
2025-10-09 14:34:06,304 - TaskRunner - INFO - 📊 Round 20 Summary: Active=5, Completed=0, Failed=0
2025-10-09 14:34:06,304 - TaskRunner - INFO - ================================================================================
2025-10-09 14:34:06,304 - TaskRunner - INFO - 🔄 ROUND 21
2025-10-09 14:34:06,304 - TaskRunner - INFO - ================================================================================
2025-10-09 14:34:06,304 - TaskRunner - INFO -   🤖 agent_1 executing tool call...
2025-10-09 14:34:11,809 - TaskRunner - INFO -     🔧 Tool called: chat(message=Successfully transferred 3x Ir...)
2025-10-09 14:34:11,809 - TaskRunner - INFO - 💬 agent_1: Successfully transferred 3x Iron Ore and 1x Coal to mastersmeltergamma. I'm ready to continue mining operations once we resolve the wood gathering issue. Let's keep coordinating on how to successfully harvest logs - all oak trees I've attempted so far are not yielding any resources.
2025-10-09 14:34:11,845 - TaskRunner - INFO -     📊 State: active | Actions: 10 | Chats: 5
2025-10-09 14:34:11,845 - TaskRunner - INFO -     📊 Lv.91 | XP:57492 | ❤️939/939 | 💙68/68 | 📍(233,43)
2025-10-09 14:34:11,845 - TaskRunner - INFO -     🔧 Tool call: chat(message=Successfully transferred 3x Ir...)
2025-10-09 14:34:11,845 - TaskRunner - INFO -     ✅ Result: Global chat message sent: Successfully transferred 3x Iron Ore and 1x Coal to mastersmeltergamma. I'm ready to continue mining operations once we resolve the wood gathering issue. Let's keep coordinating on how to successfully harvest logs - all oak trees I've attempted so far are not yielding any resources.
2025-10-09 14:34:11,845 - TaskRunner - INFO -     💭 Content: chat(message=Successfully transferred 3x Ir...)  Global chat message sent: Successfully transferre...
2025-10-09 14:34:11,846 - TaskRunner - INFO - 📊 agent_1 observation recorded (round 21)
2025-10-09 14:34:11,846 - TaskRunner - INFO -   🤖 agent_2 executing tool call...
2025-10-09 14:34:17,109 - TaskRunner - INFO -     💭 No tool call (thinking/planning)
2025-10-09 14:34:17,139 - TaskRunner - INFO -     📊 State: active | Actions: 8 | Chats: 5
2025-10-09 14:34:17,139 - TaskRunner - INFO -     📊 Lv.81 | XP:42741 | ❤️939/939 | 💙68/68 | 📍(239,30)
2025-10-09 14:34:17,139 - TaskRunner - INFO -     🔧 Tool call: check_inventory_status()
2025-10-09 14:34:17,139 - TaskRunner - INFO -     ✅ Result: 🎒 CURRENT INVENTORY: flask (15x), apple (20x), coal (4x)
2025-10-09 14:34:17,140 - TaskRunner - INFO -     💭 Content: check_inventory_status()  🎒 CURRENT INVENTORY: flask (15x), apple (20x), coal (4x)
2025-10-09 14:34:17,140 - TaskRunner - INFO - 📊 agent_2 observation recorded (round 21)
2025-10-09 14:34:17,140 - TaskRunner - INFO -   🤖 agent_3 executing tool call...
2025-10-09 14:34:22,795 - TaskRunner - INFO -     💭 No tool call (thinking/planning)
2025-10-09 14:34:22,825 - TaskRunner - INFO -     📊 State: active | Actions: 10 | Chats: 6
2025-10-09 14:34:22,825 - TaskRunner - INFO -     📊 Lv.63 | XP:49337 | ❤️939/939 | 💙68/68 | 📍(239,30)
2025-10-09 14:34:22,825 - TaskRunner - INFO -     🔧 Tool call: verify_inventory(required_items=['logs'])
2025-10-09 14:34:22,825 - TaskRunner - INFO -     ✅ Result: 📋 INVENTORY VERIFICATION:
2025-10-09 14:34:22,826 - TaskRunner - INFO -     💭 Content: verify_inventory(required_items=['logs'])  📋 INVENTORY VERIFICATION: 🎒 Complete Inventory: flask (...
2025-10-09 14:34:22,826 - TaskRunner - INFO - 📊 agent_3 observation recorded (round 21)
2025-10-09 14:34:22,826 - TaskRunner - INFO -   🤖 agent_4 executing tool call...
2025-10-09 14:34:28,744 - TaskRunner - INFO -     🔧 Tool called: chat(message=I've received 2x logs total. W...)
2025-10-09 14:34:28,744 - TaskRunner - INFO - 💬 agent_4: I've received 2x logs total. We need one more log to complete our crafting requirements for pickaxe and axe. Mastersmeltergamma, please confirm when iron bars are ready for transfer so I can craft the sword2. Team, let's keep pushing forward on all fronts.
2025-10-09 14:34:28,779 - TaskRunner - INFO -     📊 State: active | Actions: 1 | Chats: 8
2025-10-09 14:34:28,779 - TaskRunner - INFO -     📊 Lv.58 | XP:37922 | ❤️0/939 | 💙68/68 | 📍(240,45)
2025-10-09 14:34:28,779 - TaskRunner - INFO -     🔧 Tool call: chat(message=I've received 2x logs total. W...)
2025-10-09 14:34:28,779 - TaskRunner - INFO -     ✅ Result: Global chat message sent: I've received 2x logs total. We need one more log to complete our crafting requirements for pickaxe and axe. Mastersmeltergamma, please confirm when iron bars are ready for transfer so I can craft the sword2. Team, let's keep pushing forward on all fronts.
2025-10-09 14:34:28,779 - TaskRunner - INFO -     💭 Content: chat(message=I've received 2x logs total. W...)  Global chat message sent: I've received 2x logs t...
2025-10-09 14:34:28,779 - TaskRunner - INFO - 📊 agent_4 observation recorded (round 21)
2025-10-09 14:34:28,779 - TaskRunner - INFO -   🤖 agent_5 executing tool call...
2025-10-09 14:34:33,197 - TaskRunner - INFO -     🔧 Tool called: move_character(x=257, y=66)
2025-10-09 14:34:33,225 - TaskRunner - INFO -     📊 State: active | Actions: 10 | Chats: 6
2025-10-09 14:34:33,225 - TaskRunner - INFO -     📊 Lv.81 | XP:45075 | ❤️939/939 | 💙68/68 | 📍(257,66)
2025-10-09 14:34:33,225 - TaskRunner - INFO -     🔧 Tool call: move_character(x=257, y=66)
2025-10-09 14:34:33,226 - TaskRunner - INFO -     ✅ Result: Character moved from (251, 72) to (257, 66) (distance: 12 tiles)
2025-10-09 14:34:33,226 - TaskRunner - INFO -     💭 Content: move_character(x=257, y=66)  Character moved from (251, 72) to (257, 66) (distance: 12 tiles)
2025-10-09 14:34:33,226 - TaskRunner - INFO - 📊 agent_5 observation recorded (round 21)
2025-10-09 14:34:33,227 - TaskRunner - INFO - 📊 Round 21 Summary: Active=5, Completed=0, Failed=0
2025-10-09 14:34:33,227 - TaskRunner - INFO - ================================================================================
2025-10-09 14:34:33,227 - TaskRunner - INFO - 🔄 ROUND 22
2025-10-09 14:34:33,227 - TaskRunner - INFO - ================================================================================
2025-10-09 14:34:33,227 - TaskRunner - INFO -   🤖 agent_1 executing tool call...
2025-10-09 14:34:39,916 - TaskRunner - INFO -     🔧 Tool called: move_character(x=291, y=44)
2025-10-09 14:34:39,934 - TaskRunner - INFO -     📊 State: active | Actions: 11 | Chats: 5
2025-10-09 14:34:39,934 - TaskRunner - INFO -     📊 Lv.91 | XP:57542 | ❤️939/939 | 💙68/68 | 📍(291,44)
2025-10-09 14:34:39,934 - TaskRunner - INFO -     🔧 Tool call: move_character(x=291, y=44)
2025-10-09 14:34:39,935 - TaskRunner - INFO -     ✅ Result: Character moved from (233, 43) to (291, 44) (distance: 59 tiles)
2025-10-09 14:34:39,935 - TaskRunner - INFO -     💭 Content: move_character(x=291, y=44)  Character moved from (233, 43) to (291, 44) (distance: 59 tiles)
2025-10-09 14:34:39,935 - TaskRunner - INFO - 📊 agent_1 observation recorded (round 22)
2025-10-09 14:34:39,935 - TaskRunner - INFO -   🤖 agent_2 executing tool call...
2025-10-09 14:34:48,862 - TaskRunner - INFO -     🔧 Tool called: chat(message=I've checked my inventory agai...)
2025-10-09 14:34:48,862 - TaskRunner - INFO - 💬 agent_2: I've checked my inventory again and still have 4x coal available for the team. I'm continuing to try harvesting logs from oak trees, but all attempts so far have failed. Mastersmeltergamma, could you please help with wood gathering? I'm ready to transfer my coal to support smelting operations once we resolve the log harvesting issue.
2025-10-09 14:34:48,897 - TaskRunner - INFO -     📊 State: active | Actions: 8 | Chats: 6
2025-10-09 14:34:48,897 - TaskRunner - INFO -     📊 Lv.81 | XP:42771 | ❤️939/939 | 💙68/68 | 📍(239,30)
2025-10-09 14:34:48,897 - TaskRunner - INFO -     🔧 Tool call: chat(message=I've checked my inventory agai...)
2025-10-09 14:34:48,897 - TaskRunner - INFO -     ✅ Result: Global chat message sent: I've checked my inventory again and still have 4x coal available for the team. I'm continuing to try harvesting logs from oak trees, but all attempts so far have failed. Mastersmeltergamma, could you please help with wood gathering? I'm ready to transfer my coal to support smelting operations once we resolve the log harvesting issue.
2025-10-09 14:34:48,897 - TaskRunner - INFO -     💭 Content: chat(message=I've checked my inventory agai...)  Global chat message sent: I've checked my invento...
2025-10-09 14:34:48,898 - TaskRunner - INFO - 📊 agent_2 observation recorded (round 22)
2025-10-09 14:34:48,898 - TaskRunner - INFO -   🤖 agent_3 executing tool call...
2025-10-09 14:34:55,189 - TaskRunner - INFO -     🔧 Tool called: chat(message=The Oak2 Tree at (239, 30)
2025-10-09 14:34:55,189 - TaskRunner - INFO - 💬 agent_3: The Oak2 Tree at (239, 30) has been depleted. I've harvested 3 logs total and transferred all to LogisticsCoordinatorEpsilon for team use. Continuing to assist with wood gathering where possible.
2025-10-09 14:34:55,225 - TaskRunner - INFO -     📊 State: active | Actions: 10 | Chats: 7
2025-10-09 14:34:55,225 - TaskRunner - INFO -     📊 Lv.63 | XP:49377 | ❤️939/939 | 💙68/68 | 📍(239,30)
2025-10-09 14:34:55,225 - TaskRunner - INFO -     🔧 Tool call: chat(message=The Oak2 Tree at (239, 30) has...)
2025-10-09 14:34:55,225 - TaskRunner - INFO -     ✅ Result: Global chat message sent: The Oak2 Tree at (239, 30) has been depleted. I've harvested 3 logs total and transferred all to LogisticsCoordinatorEpsilon for team use. Continuing to assist with wood gathering where possible.
2025-10-09 14:34:55,225 - TaskRunner - INFO -     💭 Content: chat(message=The Oak2 Tree at (239, 30) has...)  Global chat message sent: The Oak2 Tree at (239,...
2025-10-09 14:34:55,226 - TaskRunner - INFO - 📊 agent_3 observation recorded (round 22)
2025-10-09 14:34:55,226 - TaskRunner - INFO -   🤖 agent_4 executing tool call...
2025-10-09 14:35:15,212 - TaskRunner - INFO -     💭 No tool call (thinking/planning)
2025-10-09 14:35:15,248 - TaskRunner - INFO -     📊 State: active | Actions: 1 | Chats: 8
2025-10-09 14:35:15,248 - TaskRunner - INFO -     📊 Lv.58 | XP:37987 | ❤️0/939 | 💙68/68 | 📍(240,45)
2025-10-09 14:35:15,248 - TaskRunner - INFO -     🔧 Tool call: sleep(seconds=15)
2025-10-09 14:35:15,249 - TaskRunner - INFO -     ✅ Result: Slept for 15 second(s).
2025-10-09 14:35:15,249 - TaskRunner - INFO -     💭 Content: sleep(seconds=15)  Slept for 15 second(s).
2025-10-09 14:35:15,249 - TaskRunner - INFO - 📊 agent_4 observation recorded (round 22)
2025-10-09 14:35:15,249 - TaskRunner - INFO -   🤖 agent_5 executing tool call...
2025-10-09 14:35:52,180 - TaskRunner - INFO -     🔧 Tool called: harvest_resource(targetInstance=638732248)
2025-10-09 14:35:52,207 - TaskRunner - INFO -     📊 State: active | Actions: 11 | Chats: 6
2025-10-09 14:35:52,207 - TaskRunner - INFO -     📊 Lv.81 | XP:45195 | ❤️939/939 | 💙68/68 | 📍(257,66)
2025-10-09 14:35:52,207 - TaskRunner - INFO -     🔧 Tool call: harvest_resource(targetInstance=638732248)
2025-10-09 14:35:52,207 - TaskRunner - INFO -     ✅ Result: Already near Oak2 Tree. ⏳ HARVEST IN PROGRESS: Chopping Oak2 Tree at (257, 66)
2025-10-09 14:35:52,208 - TaskRunner - INFO -     💭 Content: harvest_resource(targetInstance=638732248)  Already near Oak2 Tree. ⏳ HARVEST IN PROGRESS: Choppin...
2025-10-09 14:35:52,208 - TaskRunner - INFO - 📊 agent_5 observation recorded (round 22)
2025-10-09 14:35:52,208 - TaskRunner - INFO - 📊 Round 22 Summary: Active=5, Completed=0, Failed=0
2025-10-09 14:35:52,209 - TaskRunner - INFO - ================================================================================
2025-10-09 14:35:52,209 - TaskRunner - INFO - 🔄 ROUND 23
2025-10-09 14:35:52,209 - TaskRunner - INFO - ================================================================================
2025-10-09 14:35:52,209 - TaskRunner - INFO -   🤖 agent_1 executing tool call...
2025-10-09 14:36:29,244 - TaskRunner - INFO -     🔧 Tool called: harvest_resource(targetInstance=613761895)
2025-10-09 14:36:29,260 - TaskRunner - INFO -     📊 State: active | Actions: 12 | Chats: 5
2025-10-09 14:36:29,260 - TaskRunner - INFO -     📊 Lv.91 | XP:57572 | ❤️939/939 | 💙68/68 | 📍(291,44)
2025-10-09 14:36:29,260 - TaskRunner - INFO -     🔧 Tool call: harvest_resource(targetInstance=613761895)
2025-10-09 14:36:29,260 - TaskRunner - INFO -     ✅ Result: Already near Cinnabar Rock. ⏳ HARVEST IN PROGRESS: Mining Cinnabar Rock at (291, 44)
2025-10-09 14:36:29,260 - TaskRunner - INFO -     💭 Content: harvest_resource(targetInstance=613761895)  Already near Cinnabar Rock. ⏳ HARVEST IN PROGRESS: Min...
2025-10-09 14:36:29,261 - TaskRunner - INFO - 📊 agent_1 observation recorded (round 23)
2025-10-09 14:36:29,261 - TaskRunner - INFO -   🤖 agent_2 executing tool call...
2025-10-09 14:37:09,148 - TaskRunner - INFO -     🔧 Tool called: harvest_resource(targetInstance=655360133)
2025-10-09 14:37:09,175 - TaskRunner - INFO -     📊 State: active | Actions: 9 | Chats: 6
2025-10-09 14:37:09,175 - TaskRunner - INFO -     📊 Lv.81 | XP:42961 | ❤️939/939 | 💙68/68 | 📍(258,27)
2025-10-09 14:37:09,176 - TaskRunner - INFO -     🔧 Tool call: harvest_resource(targetInstance=655360133)
2025-10-09 14:37:09,176 - TaskRunner - INFO -     ✅ Result: Moved closer to Oak2 Tree at (259, 26) from position (258, 27). ⏳ HARVEST IN PROGRESS: Chopping Oak2 Tree at (259, 26)
2025-10-09 14:37:09,176 - TaskRunner - INFO -     💭 Content: harvest_resource(targetInstance=655360133)  Moved closer to Oak2 Tree at (259, 26) from position (...
2025-10-09 14:37:09,176 - TaskRunner - INFO - 📊 agent_2 observation recorded (round 23)
2025-10-09 14:37:09,177 - TaskRunner - INFO -   🤖 agent_3 executing tool call...
2025-10-09 14:37:14,052 - TaskRunner - INFO -     🔧 Tool called: move_character(x=258, y=27)
2025-10-09 14:37:14,072 - TaskRunner - INFO -     📊 State: active | Actions: 11 | Chats: 7
2025-10-09 14:37:14,072 - TaskRunner - INFO -     📊 Lv.63 | XP:49727 | ❤️939/939 | 💙68/68 | 📍(258,27)
2025-10-09 14:37:14,072 - TaskRunner - INFO -     🔧 Tool call: move_character(x=258, y=27)
2025-10-09 14:37:14,072 - TaskRunner - INFO -     ✅ Result: Character moved from (239, 30) to (258, 27) (distance: 22 tiles)
2025-10-09 14:37:14,072 - TaskRunner - INFO -     💭 Content: move_character(x=258, y=27)  Character moved from (239, 30) to (258, 27) (distance: 22 tiles)
2025-10-09 14:37:14,073 - TaskRunner - INFO - 📊 agent_3 observation recorded (round 23)
2025-10-09 14:37:14,073 - TaskRunner - INFO -   🤖 agent_4 executing tool call...
2025-10-09 14:37:19,125 - TaskRunner - INFO -     💭 No tool call (thinking/planning)
2025-10-09 14:37:19,156 - TaskRunner - INFO -     📊 State: active | Actions: 1 | Chats: 8
2025-10-09 14:37:19,156 - TaskRunner - INFO -     📊 Lv.58 | XP:38252 | ❤️0/939 | 💙68/68 | 📍(240,45)
2025-10-09 14:37:19,156 - TaskRunner - INFO -     🔧 Tool call: check_inventory_status()
2025-10-09 14:37:19,156 - TaskRunner - INFO -     ✅ Result: 🎒 CURRENT INVENTORY: flask (15x), apple (20x), hilt2 (1x), logs (2x)
2025-10-09 14:37:19,157 - TaskRunner - INFO -     💭 Content: check_inventory_status()  🎒 CURRENT INVENTORY: flask (15x), apple (20x), hilt2 (1x), logs (2x)
2025-10-09 14:37:19,157 - TaskRunner - INFO - 📊 agent_4 observation recorded (round 23)
2025-10-09 14:37:19,157 - TaskRunner - INFO -   🤖 agent_5 executing tool call...
2025-10-09 14:37:24,400 - TaskRunner - INFO -     💭 No tool call (thinking/planning)
2025-10-09 14:37:24,419 - TaskRunner - INFO -     📊 State: active | Actions: 11 | Chats: 6
2025-10-09 14:37:24,419 - TaskRunner - INFO -     📊 Lv.81 | XP:45365 | ❤️939/939 | 💙68/68 | 📍(257,66)
2025-10-09 14:37:24,419 - TaskRunner - INFO -     🔧 Tool call: verify_inventory(required_items=['logs'])
2025-10-09 14:37:24,419 - TaskRunner - INFO -     ✅ Result: 📋 INVENTORY VERIFICATION:
2025-10-09 14:37:24,420 - TaskRunner - INFO -     💭 Content: verify_inventory(required_items=['logs'])  📋 INVENTORY VERIFICATION: 🎒 Complete Inventory: flask (...
2025-10-09 14:37:24,420 - TaskRunner - INFO - 📊 agent_5 observation recorded (round 23)
2025-10-09 14:37:24,420 - TaskRunner - INFO - 📊 Round 23 Summary: Active=5, Completed=0, Failed=0
2025-10-09 14:37:24,420 - TaskRunner - INFO - ================================================================================
2025-10-09 14:37:24,421 - TaskRunner - INFO - 🔄 ROUND 24
2025-10-09 14:37:24,421 - TaskRunner - INFO - ================================================================================
2025-10-09 14:37:24,421 - TaskRunner - INFO -   🤖 agent_1 executing tool call...
2025-10-09 14:37:30,156 - TaskRunner - INFO -     💭 No tool call (thinking/planning)
2025-10-09 14:37:30,185 - TaskRunner - INFO -     📊 State: active | Actions: 12 | Chats: 5
2025-10-09 14:37:30,185 - TaskRunner - INFO -     📊 Lv.91 | XP:57692 | ❤️939/939 | 💙68/68 | 📍(291,44)
2025-10-09 14:37:30,185 - TaskRunner - INFO -     🔧 Tool call: verify_inventory(required_items=['ironore'])
2025-10-09 14:37:30,185 - TaskRunner - INFO -     ✅ Result: 📋 INVENTORY VERIFICATION:
2025-10-09 14:37:30,185 - TaskRunner - INFO -     💭 Content: verify_inventory(required_items=['ironore'])  📋 INVENTORY VERIFICATION: 🎒 Complete Inventory: flas...
2025-10-09 14:37:30,186 - TaskRunner - INFO - 📊 agent_1 observation recorded (round 24)
2025-10-09 14:37:30,186 - TaskRunner - INFO -   🤖 agent_2 executing tool call...
2025-10-09 14:37:35,979 - TaskRunner - INFO -     💭 No tool call (thinking/planning)
2025-10-09 14:37:36,010 - TaskRunner - INFO -     📊 State: active | Actions: 9 | Chats: 6
2025-10-09 14:37:36,010 - TaskRunner - INFO -     📊 Lv.81 | XP:42961 | ❤️939/939 | 💙68/68 | 📍(258,27)
2025-10-09 14:37:36,010 - TaskRunner - INFO -     🔧 Tool call: verify_inventory(required_items=['logs'])
2025-10-09 14:37:36,010 - TaskRunner - INFO -     ✅ Result: 📋 INVENTORY VERIFICATION:
2025-10-09 14:37:36,010 - TaskRunner - INFO -     💭 Content: verify_inventory(required_items=['logs'])  📋 INVENTORY VERIFICATION: 🎒 Complete Inventory: flask (...
2025-10-09 14:37:36,011 - TaskRunner - INFO - 📊 agent_2 observation recorded (round 24)
2025-10-09 14:37:36,011 - TaskRunner - INFO -   🤖 agent_3 executing tool call...
2025-10-09 14:37:42,288 - TaskRunner - INFO -     🔧 Tool called: chat(message=CoalMinerBeta, I'm at your loc...)
2025-10-09 14:37:42,289 - TaskRunner - INFO - 💬 agent_3: CoalMinerBeta, I'm at your location and ready to receive coal for smelting operations. I have 3x ironore available and can produce ironbars as soon as I receive sufficient coal.
2025-10-09 14:37:42,324 - TaskRunner - INFO -     📊 State: active | Actions: 11 | Chats: 8
2025-10-09 14:37:42,324 - TaskRunner - INFO -     📊 Lv.63 | XP:49727 | ❤️939/939 | 💙68/68 | 📍(258,27)
2025-10-09 14:37:42,324 - TaskRunner - INFO -     🔧 Tool call: chat(message=CoalMinerBeta, I'm at your loc...)
2025-10-09 14:37:42,324 - TaskRunner - INFO -     ✅ Result: Global chat message sent: CoalMinerBeta, I'm at your location and ready to receive coal for smelting operations. I have 3x ironore available and can produce ironbars as soon as I receive sufficient coal.
2025-10-09 14:37:42,324 - TaskRunner - INFO -     💭 Content: chat(message=CoalMinerBeta, I'm at your loc...)  Global chat message sent: CoalMinerBeta, I'm at y...
2025-10-09 14:37:42,325 - TaskRunner - INFO - 📊 agent_3 observation recorded (round 24)
2025-10-09 14:37:42,325 - TaskRunner - INFO -   🤖 agent_4 executing tool call...
2025-10-09 14:37:51,890 - TaskRunner - INFO -     🔧 Tool called: chat(message=Team, I still need one more lo...)
2025-10-09 14:37:51,890 - TaskRunner - INFO - 💬 agent_4: Team, I still need one more log and iron bars to complete all crafting. Mastersmeltergamma, please confirm when you have iron bars ready. LogisticsCoordinatorEpsilon, we need one final log for our equipment crafting. Let's get this pipeline completed!
2025-10-09 14:37:51,923 - TaskRunner - INFO -     📊 State: active | Actions: 1 | Chats: 9
2025-10-09 14:37:51,923 - TaskRunner - INFO -     📊 Lv.58 | XP:38342 | ❤️0/939 | 💙68/68 | 📍(240,45)
2025-10-09 14:37:51,923 - TaskRunner - INFO -     🔧 Tool call: chat(message=Team, I still need one more lo...)
2025-10-09 14:37:51,923 - TaskRunner - INFO -     ✅ Result: Global chat message sent: Team, I still need one more log and iron bars to complete all crafting. Mastersmeltergamma, please confirm when you have iron bars ready. LogisticsCoordinatorEpsilon, we need one final log for our equipment crafting. Let's get this pipeline completed!
2025-10-09 14:37:51,923 - TaskRunner - INFO -     💭 Content: chat(message=Team, I still need one more lo...)  Global chat message sent: Team, I still need one...
2025-10-09 14:37:51,924 - TaskRunner - INFO - 📊 agent_4 observation recorded (round 24)
2025-10-09 14:37:51,924 - TaskRunner - INFO -   🤖 agent_5 executing tool call...
2025-10-09 14:37:58,451 - TaskRunner - INFO -     🔧 Tool called: chat(message=I've gathered another log. I n...)
2025-10-09 14:37:58,451 - TaskRunner - INFO - 💬 agent_5: I've gathered another log. I now have 1x logs available. EquipmentCrafterDelta, I can transfer this to you to help complete our equipment crafting requirements. Let me know if you need it.
2025-10-09 14:37:58,472 - TaskRunner - INFO -     📊 State: active | Actions: 11 | Chats: 7
2025-10-09 14:37:58,473 - TaskRunner - INFO -     📊 Lv.81 | XP:45445 | ❤️939/939 | 💙68/68 | 📍(257,66)
2025-10-09 14:37:58,473 - TaskRunner - INFO -     🔧 Tool call: chat(message=I've gathered another log. I n...)
2025-10-09 14:37:58,473 - TaskRunner - INFO -     ✅ Result: Global chat message sent: I've gathered another log. I now have 1x logs available. EquipmentCrafterDelta, I can transfer this to you to help complete our equipment crafting requirements. Let me know if you need it.
2025-10-09 14:37:58,473 - TaskRunner - INFO -     💭 Content: chat(message=I've gathered another log. I n...)  Global chat message sent: I've gathered another l...
2025-10-09 14:37:58,474 - TaskRunner - INFO - 📊 agent_5 observation recorded (round 24)
2025-10-09 14:37:58,474 - TaskRunner - INFO - 📊 Round 24 Summary: Active=5, Completed=0, Failed=0
2025-10-09 14:37:58,474 - TaskRunner - INFO - ================================================================================
2025-10-09 14:37:58,474 - TaskRunner - INFO - 🔄 ROUND 25
2025-10-09 14:37:58,474 - TaskRunner - INFO - ================================================================================
2025-10-09 14:37:58,474 - TaskRunner - INFO -   🤖 agent_1 executing tool call...
2025-10-09 14:38:05,702 - TaskRunner - INFO -     🔧 Tool called: chat(message=I'm now at Cinnabar Rock at (2...)
2025-10-09 14:38:05,702 - TaskRunner - INFO - 💬 agent_1: I'm now at Cinnabar Rock at (291, 44) and attempting to mine it, but I need an Iron Rock for ironore. Team, I'm continuing to search for Iron Rocks in this area. Does anyone know where we can find Iron Rocks instead of Cinnabar Rocks?
2025-10-09 14:38:05,731 - TaskRunner - INFO -     📊 State: active | Actions: 12 | Chats: 6
2025-10-09 14:38:05,732 - TaskRunner - INFO -     📊 Lv.91 | XP:57727 | ❤️939/939 | 💙68/68 | 📍(291,44)
2025-10-09 14:38:05,732 - TaskRunner - INFO -     🔧 Tool call: chat(message=I'm now at Cinnabar Rock at (2...)
2025-10-09 14:38:05,732 - TaskRunner - INFO -     ✅ Result: Global chat message sent: I'm now at Cinnabar Rock at (291, 44) and attempting to mine it, but I need an Iron Rock for ironore. Team, I'm continuing to search for Iron Rocks in this area. Does anyone know where we can find Iron Rocks instead of Cinnabar Rocks?
2025-10-09 14:38:05,732 - TaskRunner - INFO -     💭 Content: chat(message=I'm now at Cinnabar Rock at (2...)  Global chat message sent: I'm now at Cinnabar Roc...
2025-10-09 14:38:05,733 - TaskRunner - INFO - 📊 agent_1 observation recorded (round 25)
2025-10-09 14:38:05,733 - TaskRunner - INFO -   🤖 agent_2 executing tool call...
2025-10-09 14:38:13,870 - TaskRunner - INFO -     🔧 Tool called: chat(message=Still unable to harvest logs f...)
2025-10-09 14:38:13,870 - TaskRunner - INFO - 💬 agent_2: Still unable to harvest logs from the Oak2 Tree at (259, 26). Mastersmeltergamma, you mentioned successfully harvesting logs earlier - could you assist us with gathering wood for the team? I'm ready to transfer my coal to you for smelting once we have sufficient fuel and materials.
2025-10-09 14:38:13,905 - TaskRunner - INFO -     📊 State: active | Actions: 9 | Chats: 7
2025-10-09 14:38:13,906 - TaskRunner - INFO -     📊 Lv.81 | XP:42996 | ❤️939/939 | 💙68/68 | 📍(258,27)
2025-10-09 14:38:13,906 - TaskRunner - INFO -     🔧 Tool call: chat(message=Still unable to harvest logs f...)
2025-10-09 14:38:13,906 - TaskRunner - INFO -     ✅ Result: Global chat message sent: Still unable to harvest logs from the Oak2 Tree at (259, 26). Mastersmeltergamma, you mentioned successfully harvesting logs earlier - could you assist us with gathering wood for the team? I'm ready to transfer my coal to you for smelting once we have sufficient fuel and materials.
2025-10-09 14:38:13,906 - TaskRunner - INFO -     💭 Content: chat(message=Still unable to harvest logs f...)  Global chat message sent: Still unable to harvest...
2025-10-09 14:38:13,907 - TaskRunner - INFO - 📊 agent_2 observation recorded (round 25)
2025-10-09 14:38:13,907 - TaskRunner - INFO -   🤖 agent_3 executing tool call...
2025-10-09 14:38:19,893 - TaskRunner - INFO -     💭 No tool call (thinking/planning)
2025-10-09 14:38:19,925 - TaskRunner - INFO -     📊 State: active | Actions: 11 | Chats: 8
2025-10-09 14:38:19,925 - TaskRunner - INFO -     📊 Lv.63 | XP:49727 | ❤️939/939 | 💙68/68 | 📍(258,27)
2025-10-09 14:38:19,925 - TaskRunner - INFO -     🔧 Tool call: check_inventory_status()
2025-10-09 14:38:19,926 - TaskRunner - INFO -     ✅ Result: 🎒 CURRENT INVENTORY: flask (15x), apple (20x), ironbar (1x), ironore (3x)
2025-10-09 14:38:19,926 - TaskRunner - INFO -     💭 Content: check_inventory_status()  🎒 CURRENT INVENTORY: flask (15x), apple (20x), ironbar (1x), ironore (3x...
2025-10-09 14:38:19,926 - TaskRunner - INFO - 📊 agent_3 observation recorded (round 25)
2025-10-09 14:38:19,927 - TaskRunner - INFO -   🤖 agent_4 executing tool call...
2025-10-09 14:38:39,940 - TaskRunner - INFO -     💭 No tool call (thinking/planning)
2025-10-09 14:38:39,977 - TaskRunner - INFO -     📊 State: active | Actions: 1 | Chats: 9
2025-10-09 14:38:39,977 - TaskRunner - INFO -     📊 Lv.58 | XP:38432 | ❤️0/939 | 💙68/68 | 📍(240,45)
2025-10-09 14:38:39,977 - TaskRunner - INFO -     🔧 Tool call: sleep(seconds=15)
2025-10-09 14:38:39,977 - TaskRunner - INFO -     ✅ Result: Slept for 15 second(s).
2025-10-09 14:38:39,977 - TaskRunner - INFO -     💭 Content: sleep(seconds=15)  Slept for 15 second(s).
2025-10-09 14:38:39,978 - TaskRunner - INFO - 📊 agent_4 observation recorded (round 25)
2025-10-09 14:38:39,978 - TaskRunner - INFO -   🤖 agent_5 executing tool call...
2025-10-09 14:38:45,259 - TaskRunner - INFO -     🔧 Tool called: transfer_items(targetPlayer=equipmentcrafterdelta, itemKey=logs, count=1)
2025-10-09 14:38:45,280 - TaskRunner - INFO -     📊 State: active | Actions: 12 | Chats: 7
2025-10-09 14:38:45,280 - TaskRunner - INFO -     📊 Lv.81 | XP:45525 | ❤️939/939 | 💙68/68 | 📍(257,66)
2025-10-09 14:38:45,280 - TaskRunner - INFO -     🔧 Tool call: transfer_items(targetPlayer=equipmentcrafterdelta, itemKey=logs, count=1)
2025-10-09 14:38:45,280 - TaskRunner - INFO -     ✅ Result: ✅ Transfer completed: 1x Logs transferred from logisticscoordinatorepsilon to equipmentcrafterdelta
2025-10-09 14:38:45,280 - TaskRunner - INFO -     💭 Content: transfer_items(targetPlayer=equipmentcrafterdelta, itemKey=logs, count=1)  ✅ Transfer completed: 1...
2025-10-09 14:38:45,281 - TaskRunner - INFO - 📊 agent_5 observation recorded (round 25)
2025-10-09 14:38:45,281 - TaskRunner - INFO - 📊 Round 25 Summary: Active=5, Completed=0, Failed=0
2025-10-09 14:38:45,281 - TaskRunner - INFO - ================================================================================
2025-10-09 14:38:45,281 - TaskRunner - INFO - 🔄 ROUND 26
2025-10-09 14:38:45,282 - TaskRunner - INFO - ================================================================================
2025-10-09 14:38:45,282 - TaskRunner - INFO -   🤖 agent_1 executing tool call...
2025-10-09 14:38:50,828 - TaskRunner - INFO -     🔧 Tool called: move_character(x=294, y=43)
2025-10-09 14:38:50,855 - TaskRunner - INFO -     📊 State: active | Actions: 13 | Chats: 6
2025-10-09 14:38:50,855 - TaskRunner - INFO -     📊 Lv.91 | XP:57832 | ❤️939/939 | 💙68/68 | 📍(294,43)
2025-10-09 14:38:50,855 - TaskRunner - INFO -     🔧 Tool call: move_character(x=294, y=43)
2025-10-09 14:38:50,855 - TaskRunner - INFO -     ✅ Result: Character moved from (291, 44) to (294, 43) (distance: 4 tiles)
2025-10-09 14:38:50,855 - TaskRunner - INFO -     💭 Content: move_character(x=294, y=43)  Character moved from (291, 44) to (294, 43) (distance: 4 tiles)
2025-10-09 14:38:50,856 - TaskRunner - INFO - 📊 agent_1 observation recorded (round 26)
2025-10-09 14:38:50,856 - TaskRunner - INFO -   🤖 agent_2 executing tool call...
2025-10-09 14:39:02,265 - TaskRunner - INFO -     🔧 Tool called: move_character(x=258, y=27)
2025-10-09 14:39:02,283 - TaskRunner - INFO -     📊 State: active | Actions: 10 | Chats: 7
2025-10-09 14:39:02,283 - TaskRunner - INFO -     📊 Lv.81 | XP:43071 | ❤️939/939 | 💙68/68 | 📍(258,27)
2025-10-09 14:39:02,283 - TaskRunner - INFO -     🔧 Tool call: move_character(x=258, y=27)
2025-10-09 14:39:02,283 - TaskRunner - INFO -     ✅ Result: Character moved from (258, 27) to (258, 27) (distance: 0 tiles)
2025-10-09 14:39:02,283 - TaskRunner - INFO -     💭 Content: move_character(x=258, y=27)  Character moved from (258, 27) to (258, 27) (distance: 0 tiles)
2025-10-09 14:39:02,284 - TaskRunner - INFO - 📊 agent_2 observation recorded (round 26)
2025-10-09 14:39:02,284 - TaskRunner - INFO -   🤖 agent_3 executing tool call...
2025-10-09 14:39:07,834 - TaskRunner - INFO -     💭 No tool call (thinking/planning)
2025-10-09 14:39:07,864 - TaskRunner - INFO -     📊 State: active | Actions: 11 | Chats: 8
2025-10-09 14:39:07,864 - TaskRunner - INFO -     📊 Lv.63 | XP:49827 | ❤️939/939 | 💙68/68 | 📍(258,27)
2025-10-09 14:39:07,864 - TaskRunner - INFO -     🔧 Tool call: verify_inventory(required_items=['coal'])
2025-10-09 14:39:07,865 - TaskRunner - INFO -     ✅ Result: 📋 INVENTORY VERIFICATION:
2025-10-09 14:39:07,865 - TaskRunner - INFO -     💭 Content: verify_inventory(required_items=['coal'])  📋 INVENTORY VERIFICATION: 🎒 Complete Inventory: flask (...
2025-10-09 14:39:07,865 - TaskRunner - INFO - 📊 agent_3 observation recorded (round 26)
2025-10-09 14:39:07,866 - TaskRunner - INFO -   🤖 agent_4 executing tool call...
2025-10-09 14:39:13,387 - TaskRunner - INFO -     💭 No tool call (thinking/planning)
2025-10-09 14:39:13,404 - TaskRunner - INFO -     📊 State: active | Actions: 1 | Chats: 9
2025-10-09 14:39:13,404 - TaskRunner - INFO -     📊 Lv.58 | XP:38532 | ❤️0/939 | 💙68/68 | 📍(240,45)
2025-10-09 14:39:13,404 - TaskRunner - INFO -     🔧 Tool call: check_inventory_status()
2025-10-09 14:39:13,404 - TaskRunner - INFO -     ✅ Result: 🎒 CURRENT INVENTORY: flask (15x), apple (20x), hilt2 (1x), logs (3x)
2025-10-09 14:39:13,404 - TaskRunner - INFO -     💭 Content: check_inventory_status()  🎒 CURRENT INVENTORY: flask (15x), apple (20x), hilt2 (1x), logs (3x)
2025-10-09 14:39:13,405 - TaskRunner - INFO - 📊 agent_4 observation recorded (round 26)
2025-10-09 14:39:13,405 - TaskRunner - INFO -   🤖 agent_5 executing tool call...
2025-10-09 14:39:19,237 - TaskRunner - INFO -     🔧 Tool called: chat(message=Successfully transferred 1x Lo...)
2025-10-09 14:39:19,237 - TaskRunner - INFO - 💬 agent_5: Successfully transferred 1x Logs to equipmentcrafterdelta. I've now transferred all my logs to support our team's crafting efforts. I'm ready to assist with other tasks or gather more resources as needed. Let me know how else I can help the team succeed.
2025-10-09 14:39:19,255 - TaskRunner - INFO -     📊 State: active | Actions: 12 | Chats: 8
2025-10-09 14:39:19,255 - TaskRunner - INFO -     📊 Lv.81 | XP:45615 | ❤️939/939 | 💙68/68 | 📍(257,66)
2025-10-09 14:39:19,255 - TaskRunner - INFO -     🔧 Tool call: chat(message=Successfully transferred 1x Lo...)
2025-10-09 14:39:19,255 - TaskRunner - INFO -     ✅ Result: Global chat message sent: Successfully transferred 1x Logs to equipmentcrafterdelta. I've now transferred all my logs to support our team's crafting efforts. I'm ready to assist with other tasks or gather more resources as needed. Let me know how else I can help the team succeed.
2025-10-09 14:39:19,255 - TaskRunner - INFO -     💭 Content: chat(message=Successfully transferred 1x Lo...)  Global chat message sent: Successfully transferre...
2025-10-09 14:39:19,256 - TaskRunner - INFO - 📊 agent_5 observation recorded (round 26)
2025-10-09 14:39:19,256 - TaskRunner - INFO - 📊 Round 26 Summary: Active=5, Completed=0, Failed=0
2025-10-09 14:39:19,256 - TaskRunner - INFO - ================================================================================
2025-10-09 14:39:19,256 - TaskRunner - INFO - 🔄 ROUND 27
2025-10-09 14:39:19,256 - TaskRunner - INFO - ================================================================================
2025-10-09 14:39:19,257 - TaskRunner - INFO -   🤖 agent_1 executing tool call...
2025-10-09 14:39:56,069 - TaskRunner - INFO -     🔧 Tool called: harvest_resource(targetInstance=646013894)
2025-10-09 14:39:56,094 - TaskRunner - INFO -     📊 State: active | Actions: 14 | Chats: 6
2025-10-09 14:39:56,094 - TaskRunner - INFO -     📊 Lv.91 | XP:57952 | ❤️0/939 | 💙68/68 | 📍(294,43)
2025-10-09 14:39:56,094 - TaskRunner - INFO -     🔧 Tool call: harvest_resource(targetInstance=646013894)
2025-10-09 14:39:56,094 - TaskRunner - INFO -     ✅ Result: Already near Nisoc Rock. ⏳ HARVEST IN PROGRESS: Mining Nisoc Rock at (294, 43)
2025-10-09 14:39:56,094 - TaskRunner - INFO -     💭 Content: harvest_resource(targetInstance=646013894)  Already near Nisoc Rock. ⏳ HARVEST IN PROGRESS: Mining...
2025-10-09 14:39:56,095 - TaskRunner - INFO - 📊 agent_1 observation recorded (round 27)
2025-10-09 14:39:56,095 - TaskRunner - INFO -   🤖 agent_2 executing tool call...
2025-10-09 14:40:04,905 - TaskRunner - INFO -     🔧 Tool called: chat(message=I'm at position (258, 27)
2025-10-09 14:40:04,906 - TaskRunner - INFO - 💬 agent_2: I'm at position (258, 27) with 4x coal available. Mastersmeltergamma, I'm ready to transfer my coal to you for smelting operations. Please confirm when you're ready to receive the coal so we can advance our production pipeline.
2025-10-09 14:40:04,941 - TaskRunner - INFO -     📊 State: active | Actions: 10 | Chats: 8
2025-10-09 14:40:04,941 - TaskRunner - INFO -     📊 Lv.81 | XP:43236 | ❤️939/939 | 💙68/68 | 📍(258,27)
2025-10-09 14:40:04,941 - TaskRunner - INFO -     🔧 Tool call: chat(message=I'm at position (258, 27) with...)
2025-10-09 14:40:04,942 - TaskRunner - INFO -     ✅ Result: Global chat message sent: I'm at position (258, 27) with 4x coal available. Mastersmeltergamma, I'm ready to transfer my coal to you for smelting operations. Please confirm when you're ready to receive the coal so we can advance our production pipeline.
2025-10-09 14:40:04,942 - TaskRunner - INFO -     💭 Content: chat(message=I'm at position (258, 27) with...)  Global chat message sent: I'm at position (258, 2...
2025-10-09 14:40:04,942 - TaskRunner - INFO - 📊 agent_2 observation recorded (round 27)
2025-10-09 14:40:04,943 - TaskRunner - INFO -   🤖 agent_3 executing tool call...
2025-10-09 14:40:10,663 - TaskRunner - INFO -     🔧 Tool called: chat(message=I'm still waiting for coal fro...)
2025-10-09 14:40:10,664 - TaskRunner - INFO - 💬 agent_3: I'm still waiting for coal from CoalMinerBeta. I have 3x ironore ready for smelting but need coal to proceed. Please transfer coal when available.
2025-10-09 14:40:10,686 - TaskRunner - INFO -     📊 State: active | Actions: 11 | Chats: 9
2025-10-09 14:40:10,687 - TaskRunner - INFO -     📊 Lv.63 | XP:49987 | ❤️939/939 | 💙68/68 | 📍(258,27)
2025-10-09 14:40:10,687 - TaskRunner - INFO -     🔧 Tool call: chat(message=I'm still waiting for coal fro...)
2025-10-09 14:40:10,687 - TaskRunner - INFO -     ✅ Result: Global chat message sent: I'm still waiting for coal from CoalMinerBeta. I have 3x ironore ready for smelting but need coal to proceed. Please transfer coal when available.
2025-10-09 14:40:10,687 - TaskRunner - INFO -     💭 Content: chat(message=I'm still waiting for coal fro...)  Global chat message sent: I'm still waiting for c...
2025-10-09 14:40:10,687 - TaskRunner - INFO - 📊 agent_3 observation recorded (round 27)
2025-10-09 14:40:10,687 - TaskRunner - INFO -   🤖 agent_4 executing tool call...
2025-10-09 14:40:17,437 - TaskRunner - INFO -     🔧 Tool called: chat(message=LogisticsCoordinatorEpsilon, t...)
2025-10-09 14:40:17,437 - TaskRunner - INFO - 💬 agent_4: LogisticsCoordinatorEpsilon, thank you for transferring the final log. I now have 3x logs total for our crafting needs. Now we just need iron bars from Mastersmeltergamma to complete all equipment crafting. Please prioritize smelting operations so I can craft the pickaxe, axe, and sword2.
2025-10-09 14:40:17,472 - TaskRunner - INFO -     📊 State: active | Actions: 1 | Chats: 10
2025-10-09 14:40:17,472 - TaskRunner - INFO -     📊 Lv.58 | XP:38687 | ❤️0/939 | 💙68/68 | 📍(240,45)
2025-10-09 14:40:17,472 - TaskRunner - INFO -     🔧 Tool call: chat(message=LogisticsCoordinatorEpsilon, t...)
2025-10-09 14:40:17,472 - TaskRunner - INFO -     ✅ Result: Global chat message sent: LogisticsCoordinatorEpsilon, thank you for transferring the final log. I now have 3x logs total for our crafting needs. Now we just need iron bars from Mastersmeltergamma to complete all equipment crafting. Please prioritize smelting operations so I can craft the pickaxe, axe, and sword2.
2025-10-09 14:40:17,472 - TaskRunner - INFO -     💭 Content: chat(message=LogisticsCoordinatorEpsilon, t...)  Global chat message sent: LogisticsCoordinatorEps...
2025-10-09 14:40:17,473 - TaskRunner - INFO - 📊 agent_4 observation recorded (round 27)
2025-10-09 14:40:17,473 - TaskRunner - INFO -   🤖 agent_5 executing tool call...
2025-10-09 14:40:22,634 - TaskRunner - INFO -     💭 No tool call (thinking/planning)
2025-10-09 14:40:22,662 - TaskRunner - INFO -     📊 State: active | Actions: 12 | Chats: 8
2025-10-09 14:40:22,662 - TaskRunner - INFO -     📊 Lv.81 | XP:45755 | ❤️939/939 | 💙68/68 | 📍(257,66)
2025-10-09 14:40:22,662 - TaskRunner - INFO -     🔧 Tool call: check_inventory_status()
2025-10-09 14:40:22,662 - TaskRunner - INFO -     ✅ Result: 🎒 CURRENT INVENTORY: flask (15x), apple (20x)
2025-10-09 14:40:22,662 - TaskRunner - INFO -     💭 Content: check_inventory_status()  🎒 CURRENT INVENTORY: flask (15x), apple (20x)
2025-10-09 14:40:22,663 - TaskRunner - INFO - 📊 agent_5 observation recorded (round 27)
2025-10-09 14:40:22,663 - TaskRunner - INFO - 📊 Round 27 Summary: Active=5, Completed=0, Failed=0
2025-10-09 14:40:22,663 - TaskRunner - INFO - ================================================================================
2025-10-09 14:40:22,663 - TaskRunner - INFO - 🔄 ROUND 28
2025-10-09 14:40:22,663 - TaskRunner - INFO - ================================================================================
2025-10-09 14:40:22,663 - TaskRunner - INFO -   🤖 agent_1 executing tool call...
2025-10-09 14:40:28,417 - TaskRunner - INFO -     💭 No tool call (thinking/planning)
2025-10-09 14:40:28,440 - TaskRunner - INFO -     📊 State: active | Actions: 14 | Chats: 6
2025-10-09 14:40:28,440 - TaskRunner - INFO -     📊 Lv.91 | XP:58037 | ❤️0/939 | 💙68/68 | 📍(294,43)
2025-10-09 14:40:28,440 - TaskRunner - INFO -     🔧 Tool call: verify_inventory(required_items=['ironore'])
2025-10-09 14:40:28,440 - TaskRunner - INFO -     ✅ Result: 📋 INVENTORY VERIFICATION:
2025-10-09 14:40:28,440 - TaskRunner - INFO -     💭 Content: verify_inventory(required_items=['ironore'])  📋 INVENTORY VERIFICATION: 🎒 Complete Inventory: flas...
2025-10-09 14:40:28,441 - TaskRunner - INFO - 📊 agent_1 observation recorded (round 28)
2025-10-09 14:40:28,441 - TaskRunner - INFO -   🤖 agent_2 executing tool call...
2025-10-09 14:40:34,981 - TaskRunner - INFO -     💭 No tool call (thinking/planning)
2025-10-09 14:40:35,011 - TaskRunner - INFO -     📊 State: active | Actions: 10 | Chats: 8
2025-10-09 14:40:35,012 - TaskRunner - INFO -     📊 Lv.81 | XP:43281 | ❤️939/939 | 💙68/68 | 📍(258,27)
2025-10-09 14:40:35,012 - TaskRunner - INFO -     🔧 Tool call: check_inventory_status()
2025-10-09 14:40:35,012 - TaskRunner - INFO -     ✅ Result: 🎒 CURRENT INVENTORY: flask (15x), apple (20x), coal (4x)
2025-10-09 14:40:35,012 - TaskRunner - INFO -     💭 Content: check_inventory_status()  🎒 CURRENT INVENTORY: flask (15x), apple (20x), coal (4x)
2025-10-09 14:40:35,013 - TaskRunner - INFO - 📊 agent_2 observation recorded (round 28)
2025-10-09 14:40:35,013 - TaskRunner - INFO -   🤖 agent_3 executing tool call...
2025-10-09 14:40:40,291 - TaskRunner - INFO -     💭 No tool call (thinking/planning)
2025-10-09 14:40:40,324 - TaskRunner - INFO -     📊 State: active | Actions: 11 | Chats: 9
2025-10-09 14:40:40,324 - TaskRunner - INFO -     📊 Lv.63 | XP:50042 | ❤️939/939 | 💙68/68 | 📍(258,27)
2025-10-09 14:40:40,324 - TaskRunner - INFO -     🔧 Tool call: check_inventory_status()
2025-10-09 14:40:40,324 - TaskRunner - INFO -     ✅ Result: 🎒 CURRENT INVENTORY: flask (15x), apple (20x), ironbar (1x), ironore (3x)
2025-10-09 14:40:40,325 - TaskRunner - INFO -     💭 Content: check_inventory_status()  🎒 CURRENT INVENTORY: flask (15x), apple (20x), ironbar (1x), ironore (3x...
2025-10-09 14:40:40,325 - TaskRunner - INFO - 📊 agent_3 observation recorded (round 28)
2025-10-09 14:40:40,325 - TaskRunner - INFO -   🤖 agent_4 executing tool call...
2025-10-09 14:40:59,997 - TaskRunner - INFO -     💭 No tool call (thinking/planning)
2025-10-09 14:41:00,033 - TaskRunner - INFO -     📊 State: active | Actions: 1 | Chats: 10
2025-10-09 14:41:00,033 - TaskRunner - INFO -     📊 Lv.58 | XP:38797 | ❤️0/939 | 💙68/68 | 📍(240,45)
2025-10-09 14:41:00,033 - TaskRunner - INFO -     🔧 Tool call: sleep(seconds=15)
2025-10-09 14:41:00,033 - TaskRunner - INFO -     ✅ Result: Slept for 15 second(s).
2025-10-09 14:41:00,033 - TaskRunner - INFO -     💭 Content: sleep(seconds=15)  Slept for 15 second(s).
2025-10-09 14:41:00,034 - TaskRunner - INFO - 📊 agent_4 observation recorded (round 28)
2025-10-09 14:41:00,034 - TaskRunner - INFO -   🤖 agent_5 executing tool call...
2025-10-09 14:41:07,050 - TaskRunner - INFO -     🔧 Tool called: chat(message=I've transferred all my logs t...)
2025-10-09 14:41:07,050 - TaskRunner - INFO - 💬 agent_5: I've transferred all my logs to EquipmentCrafterDelta. I'm now looking for additional resources to support the team. I can help gather more coal or assist with mining operations if needed. Let me know where I can be most useful in completing our grand mining expedition.
2025-10-09 14:41:07,082 - TaskRunner - INFO -     📊 State: active | Actions: 12 | Chats: 9
2025-10-09 14:41:07,083 - TaskRunner - INFO -     📊 Lv.81 | XP:45905 | ❤️939/939 | 💙68/68 | 📍(257,66)
2025-10-09 14:41:07,083 - TaskRunner - INFO -     🔧 Tool call: chat(message=I've transferred all my logs t...)
2025-10-09 14:41:07,083 - TaskRunner - INFO -     ✅ Result: Global chat message sent: I've transferred all my logs to EquipmentCrafterDelta. I'm now looking for additional resources to support the team. I can help gather more coal or assist with mining operations if needed. Let me know where I can be most useful in completing our grand mining expedition.
2025-10-09 14:41:07,083 - TaskRunner - INFO -     💭 Content: chat(message=I've transferred all my logs t...)  Global chat message sent: I've transferred all my...
2025-10-09 14:41:07,083 - TaskRunner - INFO - 📊 agent_5 observation recorded (round 28)
2025-10-09 14:41:07,083 - TaskRunner - INFO - 📊 Round 28 Summary: Active=5, Completed=0, Failed=0
2025-10-09 14:41:07,083 - TaskRunner - INFO - ================================================================================
2025-10-09 14:41:07,083 - TaskRunner - INFO - 🔄 ROUND 29
2025-10-09 14:41:07,083 - TaskRunner - INFO - ================================================================================
2025-10-09 14:41:07,083 - TaskRunner - INFO -   🤖 agent_1 executing tool call...
2025-10-09 14:41:15,671 - TaskRunner - INFO -     🔧 Tool called: chat(message=I just harvested Nisoc Rock at...)
2025-10-09 14:41:15,672 - TaskRunner - INFO - 💬 agent_1: I just harvested Nisoc Rock at (294, 43) but it didn't yield ironore. Team, I need to find actual Iron Rocks to get ironore for our smelting operations. Does anyone know where we can find Iron Rocks in this region?
2025-10-09 14:41:15,699 - TaskRunner - INFO -     📊 State: active | Actions: 14 | Chats: 7
2025-10-09 14:41:15,699 - TaskRunner - INFO -     📊 Lv.91 | XP:58127 | ❤️0/939 | 💙68/68 | 📍(294,43)
2025-10-09 14:41:15,699 - TaskRunner - INFO -     🔧 Tool call: chat(message=I just harvested Nisoc Rock at...)
2025-10-09 14:41:15,699 - TaskRunner - INFO -     ✅ Result: Global chat message sent: I just harvested Nisoc Rock at (294, 43) but it didn't yield ironore. Team, I need to find actual Iron Rocks to get ironore for our smelting operations. Does anyone know where we can find Iron Rocks in this region?
2025-10-09 14:41:15,699 - TaskRunner - INFO -     💭 Content: chat(message=I just harvested Nisoc Rock at...)  Global chat message sent: I just harvested Nisoc...
2025-10-09 14:41:15,700 - TaskRunner - INFO - 📊 agent_1 observation recorded (round 29)
2025-10-09 14:41:15,700 - TaskRunner - INFO -   🤖 agent_2 executing tool call...
2025-10-09 14:41:21,219 - TaskRunner - INFO -     🔧 Tool called: transfer_items(targetPlayer=mastersmeltergamma, itemKey=coal, count=4)
2025-10-09 14:41:21,245 - TaskRunner - INFO -     📊 State: active | Actions: 11 | Chats: 8
2025-10-09 14:41:21,245 - TaskRunner - INFO -     📊 Lv.81 | XP:43421 | ❤️939/939 | 💙68/68 | 📍(258,27)
2025-10-09 14:41:21,245 - TaskRunner - INFO -     🔧 Tool call: transfer_items(targetPlayer=mastersmeltergamma, itemKey=coal, count=4)
2025-10-09 14:41:21,245 - TaskRunner - INFO -     ✅ Result: ✅ Transfer completed: 4x Coal transferred from coalminerbeta to mastersmeltergamma
2025-10-09 14:41:21,245 - TaskRunner - INFO -     💭 Content: transfer_items(targetPlayer=mastersmeltergamma, itemKey=coal, count=4)  ✅ Transfer completed: 4x C...
2025-10-09 14:41:21,246 - TaskRunner - INFO - 📊 agent_2 observation recorded (round 29)
2025-10-09 14:41:21,246 - TaskRunner - INFO -   🤖 agent_3 executing tool call...
2025-10-09 14:41:28,078 - TaskRunner - INFO -     🔧 Tool called: chat(message=I've received coal from CoalMi...)
2025-10-09 14:41:28,078 - TaskRunner - INFO - 💬 agent_3: I've received coal from CoalMinerBeta and now have sufficient materials. Beginning smelting operations to produce iron bars for the team.
2025-10-09 14:41:28,113 - TaskRunner - INFO -     📊 State: active | Actions: 11 | Chats: 10
2025-10-09 14:41:28,114 - TaskRunner - INFO -     📊 Lv.63 | XP:50212 | ❤️939/939 | 💙68/68 | 📍(258,27)
2025-10-09 14:41:28,114 - TaskRunner - INFO -     🔧 Tool call: chat(message=I've received coal from CoalMi...)
2025-10-09 14:41:28,114 - TaskRunner - INFO -     ✅ Result: Global chat message sent: I've received coal from CoalMinerBeta and now have sufficient materials. Beginning smelting operations to produce iron bars for the team.
2025-10-09 14:41:28,114 - TaskRunner - INFO -     💭 Content: chat(message=I've received coal from CoalMi...)  Global chat message sent: I've received coal from...
2025-10-09 14:41:28,115 - TaskRunner - INFO - 📊 agent_3 observation recorded (round 29)
2025-10-09 14:41:28,115 - TaskRunner - INFO -   🤖 agent_4 executing tool call...
2025-10-09 14:41:33,679 - TaskRunner - INFO -     💭 No tool call (thinking/planning)
2025-10-09 14:41:33,711 - TaskRunner - INFO -     📊 State: active | Actions: 1 | Chats: 10
2025-10-09 14:41:33,711 - TaskRunner - INFO -     📊 Lv.58 | XP:38907 | ❤️0/939 | 💙68/68 | 📍(240,45)
2025-10-09 14:41:33,712 - TaskRunner - INFO -     🔧 Tool call: check_inventory_status()
2025-10-09 14:41:33,712 - TaskRunner - INFO -     ✅ Result: 🎒 CURRENT INVENTORY: flask (15x), apple (20x), hilt2 (1x), logs (3x)
2025-10-09 14:41:33,712 - TaskRunner - INFO -     💭 Content: check_inventory_status()  🎒 CURRENT INVENTORY: flask (15x), apple (20x), hilt2 (1x), logs (3x)
2025-10-09 14:41:33,712 - TaskRunner - INFO - 📊 agent_4 observation recorded (round 29)
2025-10-09 14:41:33,713 - TaskRunner - INFO -   🤖 agent_5 executing tool call...
2025-10-09 14:41:38,858 - TaskRunner - INFO -     🔧 Tool called: move_character(x=258, y=27)
2025-10-09 14:41:38,885 - TaskRunner - INFO -     📊 State: active | Actions: 13 | Chats: 9
2025-10-09 14:41:38,885 - TaskRunner - INFO -     📊 Lv.81 | XP:45960 | ❤️939/939 | 💙68/68 | 📍(258,27)
2025-10-09 14:41:38,885 - TaskRunner - INFO -     🔧 Tool call: move_character(x=258, y=27)
2025-10-09 14:41:38,885 - TaskRunner - INFO -     ✅ Result: Character moved from (257, 66) to (258, 27) (distance: 40 tiles)
2025-10-09 14:41:38,885 - TaskRunner - INFO -     💭 Content: move_character(x=258, y=27)  Character moved from (257, 66) to (258, 27) (distance: 40 tiles)
2025-10-09 14:41:38,886 - TaskRunner - INFO - 📊 agent_5 observation recorded (round 29)
2025-10-09 14:41:38,886 - TaskRunner - INFO - 📊 Round 29 Summary: Active=5, Completed=0, Failed=0
2025-10-09 14:41:38,886 - TaskRunner - INFO - ================================================================================
2025-10-09 14:41:38,886 - TaskRunner - INFO - 🔄 ROUND 30
2025-10-09 14:41:38,886 - TaskRunner - INFO - ================================================================================
2025-10-09 14:41:38,886 - TaskRunner - INFO -   🤖 agent_1 executing tool call...
2025-10-09 14:41:46,205 - TaskRunner - INFO -     🔧 Tool called: move_character(x=285, y=78)
2025-10-09 14:41:46,228 - TaskRunner - INFO -     📊 State: active | Actions: 15 | Chats: 7
2025-10-09 14:41:46,229 - TaskRunner - INFO -     📊 Lv.91 | XP:58222 | ❤️0/939 | 💙68/68 | 📍(294,43)
2025-10-09 14:41:46,229 - TaskRunner - INFO -     🔧 Tool call: move_character(x=285, y=78)
2025-10-09 14:41:46,229 - TaskRunner - INFO -     ✅ Result: Character moved from (294, 43) to (285, 78) (distance: 44 tiles)
2025-10-09 14:41:46,229 - TaskRunner - INFO -     💭 Content: move_character(x=285, y=78)  Character moved from (294, 43) to (285, 78) (distance: 44 tiles)
2025-10-09 14:41:46,230 - TaskRunner - INFO - 📊 agent_1 observation recorded (round 30)
2025-10-09 14:41:46,230 - TaskRunner - INFO -   🤖 agent_2 executing tool call...
2025-10-09 14:41:54,219 - TaskRunner - INFO -     🔧 Tool called: chat(message=Successfully transferred 4x Co...)
2025-10-09 14:41:54,219 - TaskRunner - INFO - 💬 agent_2: Successfully transferred 4x Coal to mastersmeltergamma. I've now contributed all my coal to support our team's smelting operations. Let me know if additional fuel is needed and I'll work on gathering more.
2025-10-09 14:41:54,257 - TaskRunner - INFO -     📊 State: active | Actions: 11 | Chats: 9
2025-10-09 14:41:54,257 - TaskRunner - INFO -     📊 Lv.81 | XP:43471 | ❤️939/939 | 💙68/68 | 📍(258,27)
2025-10-09 14:41:54,257 - TaskRunner - INFO -     🔧 Tool call: chat(message=Successfully transferred 4x Co...)
2025-10-09 14:41:54,257 - TaskRunner - INFO -     ✅ Result: Global chat message sent: Successfully transferred 4x Coal to mastersmeltergamma. I've now contributed all my coal to support our team's smelting operations. Let me know if additional fuel is needed and I'll work on gathering more.
2025-10-09 14:41:54,257 - TaskRunner - INFO -     💭 Content: chat(message=Successfully transferred 4x Co...)  Global chat message sent: Successfully transferre...
2025-10-09 14:41:54,258 - TaskRunner - INFO - 📊 agent_2 observation recorded (round 30)
2025-10-09 14:41:54,258 - TaskRunner - INFO -   🤖 agent_3 executing tool call...
2025-10-09 14:42:01,180 - TaskRunner - ERROR - ❌ [HTTP ERROR] POST /ai/craft - Attempt 1/3
2025-10-09 14:42:01,180 - TaskRunner - ERROR -    📍 URL: http://localhost:7031/ai/craft
2025-10-09 14:42:01,180 - TaskRunner - ERROR -    📊 Status Code: 400
2025-10-09 14:42:01,180 - TaskRunner - ERROR -    💬 Error Message: Missing required materials
2025-10-09 14:42:01,180 - TaskRunner - ERROR -    📤 Request Data: {"token": "a57a2e444f8e5d64cd750795c2d7731e", "type": "Smelting", "itemKey": "ironbar", "count": 1}
2025-10-09 14:42:01,181 - TaskRunner - ERROR -    📤 Request Params: None
2025-10-09 14:42:01,181 - TaskRunner - ERROR -    📥 Response Headers: {"X-Powered-By": "Express", "Content-Type": "application/json; charset=utf-8", "Content-Length": "248", "ETag": "W/\"f8-bbqsDmPCbU8YZ7iTynJC/rEcC38\"", "Date": "Thu, 09 Oct 2025 18:42:01 GMT", "Connection": "keep-alive", "Keep-Alive": "timeout=5"}
2025-10-09 14:42:01,181 - TaskRunner - ERROR -    📥 Full Response: {"status":"error","message":"Missing required materials","missingMaterials":[{"key":"coal","name":"Coal","required":1,"available":0,"missing":1}],"requirements":[{"key":"ironore","name":"Iron Ore","count":1},{"key":"coal","name":"Coal","count":1}]}
2025-10-09 14:42:01,181 - TaskRunner - ERROR - ❌ [HTTP ERROR] POST /ai/craft - Attempt 1/3
2025-10-09 14:42:01,181 - TaskRunner - ERROR -    📍 URL: http://localhost:7031/ai/craft
2025-10-09 14:42:01,181 - TaskRunner - ERROR -    📊 Status Code: 400
2025-10-09 14:42:01,181 - TaskRunner - ERROR -    💬 Error Message: Missing required materials
2025-10-09 14:42:01,181 - TaskRunner - ERROR -    📤 Request Data: {"token": "a57a2e444f8e5d64cd750795c2d7731e", "type": "Smelting", "itemKey": "ironbar", "count": 1}
2025-10-09 14:42:01,181 - TaskRunner - ERROR -    📤 Request Params: None
2025-10-09 14:42:01,181 - TaskRunner - ERROR -    📥 Response Headers: {"X-Powered-By": "Express", "Content-Type": "application/json; charset=utf-8", "Content-Length": "248", "ETag": "W/\"f8-bbqsDmPCbU8YZ7iTynJC/rEcC38\"", "Date": "Thu, 09 Oct 2025 18:42:01 GMT", "Connection": "keep-alive", "Keep-Alive": "timeout=5"}
2025-10-09 14:42:01,182 - TaskRunner - ERROR -    📥 Full Response: {"status":"error","message":"Missing required materials","missingMaterials":[{"key":"coal","name":"Coal","required":1,"available":0,"missing":1}],"requirements":[{"key":"ironore","name":"Iron Ore","count":1},{"key":"coal","name":"Coal","count":1}]}
2025-10-09 14:42:02,186 - TaskRunner - ERROR - ❌ [HTTP ERROR] POST /ai/craft - Attempt 2/3
2025-10-09 14:42:02,187 - TaskRunner - ERROR -    📍 URL: http://localhost:7031/ai/craft
2025-10-09 14:42:02,187 - TaskRunner - ERROR -    📊 Status Code: 400
2025-10-09 14:42:02,187 - TaskRunner - ERROR -    💬 Error Message: Missing required materials
2025-10-09 14:42:02,187 - TaskRunner - ERROR -    📤 Request Data: {"token": "a57a2e444f8e5d64cd750795c2d7731e", "type": "Smelting", "itemKey": "ironbar", "count": 1}
2025-10-09 14:42:02,187 - TaskRunner - ERROR -    📤 Request Params: None
2025-10-09 14:42:02,187 - TaskRunner - ERROR -    📥 Response Headers: {"X-Powered-By": "Express", "Content-Type": "application/json; charset=utf-8", "Content-Length": "248", "ETag": "W/\"f8-bbqsDmPCbU8YZ7iTynJC/rEcC38\"", "Date": "Thu, 09 Oct 2025 18:42:02 GMT", "Connection": "keep-alive", "Keep-Alive": "timeout=5"}
2025-10-09 14:42:02,187 - TaskRunner - ERROR -    📥 Full Response: {"status":"error","message":"Missing required materials","missingMaterials":[{"key":"coal","name":"Coal","required":1,"available":0,"missing":1}],"requirements":[{"key":"ironore","name":"Iron Ore","count":1},{"key":"coal","name":"Coal","count":1}]}
2025-10-09 14:42:02,188 - TaskRunner - ERROR - ❌ [HTTP ERROR] POST /ai/craft - Attempt 2/3
2025-10-09 14:42:02,188 - TaskRunner - ERROR -    📍 URL: http://localhost:7031/ai/craft
2025-10-09 14:42:02,188 - TaskRunner - ERROR -    📊 Status Code: 400
2025-10-09 14:42:02,188 - TaskRunner - ERROR -    💬 Error Message: Missing required materials
2025-10-09 14:42:02,188 - TaskRunner - ERROR -    📤 Request Data: {"token": "a57a2e444f8e5d64cd750795c2d7731e", "type": "Smelting", "itemKey": "ironbar", "count": 1}
2025-10-09 14:42:02,188 - TaskRunner - ERROR -    📤 Request Params: None
2025-10-09 14:42:02,188 - TaskRunner - ERROR -    📥 Response Headers: {"X-Powered-By": "Express", "Content-Type": "application/json; charset=utf-8", "Content-Length": "248", "ETag": "W/\"f8-bbqsDmPCbU8YZ7iTynJC/rEcC38\"", "Date": "Thu, 09 Oct 2025 18:42:02 GMT", "Connection": "keep-alive", "Keep-Alive": "timeout=5"}
2025-10-09 14:42:02,188 - TaskRunner - ERROR -    📥 Full Response: {"status":"error","message":"Missing required materials","missingMaterials":[{"key":"coal","name":"Coal","required":1,"available":0,"missing":1}],"requirements":[{"key":"ironore","name":"Iron Ore","count":1},{"key":"coal","name":"Coal","count":1}]}
2025-10-09 14:42:03,193 - TaskRunner - ERROR - ❌ [HTTP ERROR] POST /ai/craft - Attempt 3/3
2025-10-09 14:42:03,193 - TaskRunner - ERROR -    📍 URL: http://localhost:7031/ai/craft
2025-10-09 14:42:03,194 - TaskRunner - ERROR -    📊 Status Code: 400
2025-10-09 14:42:03,194 - TaskRunner - ERROR -    💬 Error Message: Missing required materials
2025-10-09 14:42:03,194 - TaskRunner - ERROR -    📤 Request Data: {"token": "a57a2e444f8e5d64cd750795c2d7731e", "type": "Smelting", "itemKey": "ironbar", "count": 1}
2025-10-09 14:42:03,194 - TaskRunner - ERROR -    📤 Request Params: None
2025-10-09 14:42:03,194 - TaskRunner - ERROR -    📥 Response Headers: {"X-Powered-By": "Express", "Content-Type": "application/json; charset=utf-8", "Content-Length": "248", "ETag": "W/\"f8-bbqsDmPCbU8YZ7iTynJC/rEcC38\"", "Date": "Thu, 09 Oct 2025 18:42:03 GMT", "Connection": "keep-alive", "Keep-Alive": "timeout=5"}
2025-10-09 14:42:03,194 - TaskRunner - ERROR -    📥 Full Response: {"status":"error","message":"Missing required materials","missingMaterials":[{"key":"coal","name":"Coal","required":1,"available":0,"missing":1}],"requirements":[{"key":"ironore","name":"Iron Ore","count":1},{"key":"coal","name":"Coal","count":1}]}
2025-10-09 14:42:03,194 - TaskRunner - ERROR - ❌ [HTTP ERROR] POST /ai/craft - Attempt 3/3
2025-10-09 14:42:03,195 - TaskRunner - ERROR -    📍 URL: http://localhost:7031/ai/craft
2025-10-09 14:42:03,195 - TaskRunner - ERROR -    📊 Status Code: 400
2025-10-09 14:42:03,195 - TaskRunner - ERROR -    💬 Error Message: Missing required materials
2025-10-09 14:42:03,195 - TaskRunner - ERROR -    📤 Request Data: {"token": "a57a2e444f8e5d64cd750795c2d7731e", "type": "Smelting", "itemKey": "ironbar", "count": 1}
2025-10-09 14:42:03,195 - TaskRunner - ERROR -    📤 Request Params: None
2025-10-09 14:42:03,195 - TaskRunner - ERROR -    📥 Response Headers: {"X-Powered-By": "Express", "Content-Type": "application/json; charset=utf-8", "Content-Length": "248", "ETag": "W/\"f8-bbqsDmPCbU8YZ7iTynJC/rEcC38\"", "Date": "Thu, 09 Oct 2025 18:42:03 GMT", "Connection": "keep-alive", "Keep-Alive": "timeout=5"}
2025-10-09 14:42:03,195 - TaskRunner - ERROR -    📥 Full Response: {"status":"error","message":"Missing required materials","missingMaterials":[{"key":"coal","name":"Coal","required":1,"available":0,"missing":1}],"requirements":[{"key":"ironore","name":"Iron Ore","count":1},{"key":"coal","name":"Coal","count":1}]}
2025-10-09 14:42:03,195 - TaskRunner - ERROR - ❌ FINAL HTTP ERROR: HTTP 400 error after 3 attempts: 400 Client Error: Bad Request for url: http://localhost:7031/ai/craft
2025-10-09 14:42:03,232 - TaskRunner - INFO -     🔧 Tool called: craft_item(skill=Smelting, itemKey=ironbar, count=1)
2025-10-09 14:42:03,268 - TaskRunner - INFO -     📊 State: active | Actions: 12 | Chats: 10
2025-10-09 14:42:03,268 - TaskRunner - INFO -     📊 Lv.63 | XP:50332 | ❤️939/939 | 💙68/68 | 📍(258,27)
2025-10-09 14:42:03,268 - TaskRunner - INFO -     🔧 Tool call: craft_item(skill=Smelting, itemKey=ironbar, count=1)
2025-10-09 14:42:03,269 - TaskRunner - INFO -     ✅ Result: Failed to craft ironbar: HTTP 400 error after 3 attempts: 400 Client Error: Bad Request for url: http://localhost:7031/ai/craft
2025-10-09 14:42:03,269 - TaskRunner - INFO -     💭 Content: craft_item(skill=Smelting, itemKey=ironbar, count=1)  Failed to craft ironbar: HTTP 400 error afte...
2025-10-09 14:42:03,269 - TaskRunner - INFO - 📊 agent_3 observation recorded (round 30)
2025-10-09 14:42:03,269 - TaskRunner - INFO -   🤖 agent_4 executing tool call...
2025-10-09 14:42:09,223 - TaskRunner - INFO -     🔧 Tool called: chat(message=Mastersmeltergamma, I'm still ...)
2025-10-09 14:42:09,223 - TaskRunner - INFO - 💬 agent_4: Mastersmeltergamma, I'm still waiting for iron bars to complete our crafting. Please confirm when you have them ready for transfer. I'm ready to craft the pickaxe, axe, and sword2 as soon as I receive the iron bars. Team, let's keep coordinating to finish this grand mining expedition.
2025-10-09 14:42:09,241 - TaskRunner - INFO -     📊 State: active | Actions: 1 | Chats: 11
2025-10-09 14:42:09,242 - TaskRunner - INFO -     📊 Lv.58 | XP:39027 | ❤️0/939 | 💙68/68 | 📍(240,45)
2025-10-09 14:42:09,242 - TaskRunner - INFO -     🔧 Tool call: chat(message=Mastersmeltergamma, I'm still ...)
2025-10-09 14:42:09,242 - TaskRunner - INFO -     ✅ Result: Global chat message sent: Mastersmeltergamma, I'm still waiting for iron bars to complete our crafting. Please confirm when you have them ready for transfer. I'm ready to craft the pickaxe, axe, and sword2 as soon as I receive the iron bars. Team, let's keep coordinating to finish this grand mining expedition.
2025-10-09 14:42:09,242 - TaskRunner - INFO -     💭 Content: chat(message=Mastersmeltergamma, I'm still ...)  Global chat message sent: Mastersmeltergamma, I'm...
2025-10-09 14:42:09,243 - TaskRunner - INFO - 📊 agent_4 observation recorded (round 30)
2025-10-09 14:42:09,243 - TaskRunner - INFO -   🤖 agent_5 executing tool call...
2025-10-09 14:42:16,931 - TaskRunner - INFO -     🔧 Tool called: chat(message=I'm at the central location (2...)
2025-10-09 14:42:16,932 - TaskRunner - INFO - 💬 agent_5: I'm at the central location (258, 27) with the team. I've transferred all my logs to EquipmentCrafterDelta and am ready to assist with any other tasks needed for our grand mining expedition. Let me know if anyone needs help with resource gathering, smelting, or crafting.
2025-10-09 14:42:16,967 - TaskRunner - INFO -     📊 State: active | Actions: 13 | Chats: 10
2025-10-09 14:42:16,967 - TaskRunner - INFO -     📊 Lv.81 | XP:45960 | ❤️939/939 | 💙68/68 | 📍(258,27)
2025-10-09 14:42:16,967 - TaskRunner - INFO -     🔧 Tool call: chat(message=I'm at the central location (2...)
2025-10-09 14:42:16,967 - TaskRunner - INFO -     ✅ Result: Global chat message sent: I'm at the central location (258, 27) with the team. I've transferred all my logs to EquipmentCrafterDelta and am ready to assist with any other tasks needed for our grand mining expedition. Let me know if anyone needs help with resource gathering, smelting, or crafting.
2025-10-09 14:42:16,967 - TaskRunner - INFO -     💭 Content: chat(message=I'm at the central location (2...)  Global chat message sent: I'm at the central loca...
2025-10-09 14:42:16,968 - TaskRunner - INFO - 📊 agent_5 observation recorded (round 30)
2025-10-09 14:42:16,968 - TaskRunner - INFO - 📊 Round 30 Summary: Active=5, Completed=0, Failed=0
2025-10-09 14:42:16,968 - TaskRunner - WARNING - ⚠️ Execution stopped after maximum rounds (30)
2025-10-09 14:42:16,977 - TaskRunner - INFO - Logout result for agent_1: Successfully logged out (token: caf2f3150c...)
2025-10-09 14:42:16,986 - TaskRunner - INFO - Logout result for agent_2: Successfully logged out (token: 61547ca172...)
2025-10-09 14:42:16,994 - TaskRunner - INFO - Logout result for agent_3: Successfully logged out (token: a57a2e444f...)
2025-10-09 14:42:17,002 - TaskRunner - INFO - Logout result for agent_4: Successfully logged out (token: e97f1bd33e...)
2025-10-09 14:42:17,010 - TaskRunner - INFO - Logout result for agent_5: Successfully logged out (token: 60072b27ca...)
2025-10-09 14:42:17,010 - TaskRunner - INFO - 📊 Multi-agent execution completed:
2025-10-09 14:42:17,010 - TaskRunner - INFO -   Duration: 1580.18s
2025-10-09 14:42:17,011 - TaskRunner - INFO -   Rounds: 30
2025-10-09 14:42:17,011 - TaskRunner - INFO -   Successful agents: 0/5
2025-10-09 14:42:17,011 - TaskRunner - INFO -   Total actions: 52
2025-10-09 14:42:17,011 - TaskRunner - INFO -   Total chats: 47
2025-10-09 14:42:17,011 - TaskRunner - INFO - 📊 Final Agent Status Details:
2025-10-09 14:42:17,011 - TaskRunner - INFO -   agent_1: active
2025-10-09 14:42:17,011 - TaskRunner - INFO -     Actions: 15, Chats: 7, Duration: 1574.6s
2025-10-09 14:42:17,011 - TaskRunner - INFO -     📊 Status: Session inactive
2025-10-09 14:42:17,011 - TaskRunner - INFO -   agent_2: active
2025-10-09 14:42:17,012 - TaskRunner - INFO -     Actions: 11, Chats: 9, Duration: 1569.2s
2025-10-09 14:42:17,012 - TaskRunner - INFO -     📊 Status: Session inactive
2025-10-09 14:42:17,012 - TaskRunner - INFO -   agent_3: active
2025-10-09 14:42:17,012 - TaskRunner - INFO -     Actions: 12, Chats: 10, Duration: 1564.3s
2025-10-09 14:42:17,012 - TaskRunner - INFO -     📊 Status: Session inactive
2025-10-09 14:42:17,012 - TaskRunner - INFO -   agent_4: active
2025-10-09 14:42:17,012 - TaskRunner - INFO -     Actions: 1, Chats: 11, Duration: 1559.5s
2025-10-09 14:42:17,012 - TaskRunner - INFO -     📊 Status: Session inactive
2025-10-09 14:42:17,012 - TaskRunner - INFO -   agent_5: active
2025-10-09 14:42:17,013 - TaskRunner - INFO -     Actions: 13, Chats: 10, Duration: 1553.7s
2025-10-09 14:42:17,013 - TaskRunner - INFO -     📊 Status: Session inactive
2025-10-09 14:42:17,014 - TaskRunner - INFO - 📄 Task summary saved to: task46_logs/run_20251009_141556/task_summary_20251009_141556.json
2025-10-09 14:42:17,159 - TaskRunner - INFO - 📊 Trajectory saved to: task46_logs/run_20251009_141556/task_46_trajectory.json
