2025-10-09 15:09:49,961 - TaskRunner - INFO - TaskRunner initialized with agent config: agents/configs/qwen_agent.yaml
2025-10-09 15:09:49,961 - TaskRunner - INFO - Run folder created: task46_logs/repeat_tree_avoid/run_20251009_150949
2025-10-09 15:09:49,961 - TaskRunner - INFO - Run timestamp: 20251009_150949
2025-10-09 15:09:49,961 - TaskRunner - INFO - 📝 API errors will be logged to: task46_logs/repeat_tree_avoid/run_20251009_150949/api_errors_20251009_150949.log
2025-10-09 15:09:49,961 - TaskRunner - INFO - 🎯 Starting task: data_v0.1_multi/benchmark/task_46_grand_mining_expedition.yaml
2025-10-09 15:09:49,988 - TaskRunner - INFO - Task: Grand Mining Expedition - Five-Team Advanced Ore Processing
2025-10-09 15:09:49,988 - TaskRunner - INFO - Description: Five agents work together to establish a complete mining and smelting operation, producing advanced metal equipment through coordinated resource gathering and crafting
2025-10-09 15:09:49,988 - TaskRunner - INFO - Primary objective: Establish a complete mining-to-crafting pipeline with five specialized agents to produce advanced metal equipment
2025-10-09 15:09:49,989 - TaskRunner - INFO - Agents: ['agent_1', 'agent_2', 'agent_3', 'agent_4', 'agent_5']
2025-10-09 15:09:49,989 - TaskRunner - INFO - 🎯 Starting multi-agent task execution
2025-10-09 15:09:49,989 - TaskRunner - INFO - 🛡️ Cleanup handlers registered
2025-10-09 15:09:49,989 - TaskRunner - INFO - 🔄 Initializing 5 agents...
2025-10-09 15:09:49,989 - TaskRunner - INFO - 🤖 Initializing agent: agent_1
2025-10-09 15:09:49,989 - TaskRunner - INFO - Force creating new character for agent_1
2025-10-09 15:09:50,374 - TaskRunner - INFO - Login result for agent_1: Character IronMinerAlpha logged in successfully. Token obtained.
2025-10-09 15:09:51,169 - TaskRunner - INFO - Applied initial state for agent_1: 11 operations
2025-10-09 15:09:51,197 - TaskRunner - INFO - 📊 agent_1 observation recorded (round 0)
2025-10-09 15:09:51,197 - TaskRunner - INFO - 📊 Initial observation recorded for agent_1
2025-10-09 15:09:51,197 - TaskRunner - INFO - ✅ Agent agent_1 initialized successfully
2025-10-09 15:09:51,197 - TaskRunner - INFO - 🤖 Initializing agent: agent_2
2025-10-09 15:09:51,198 - TaskRunner - INFO - Force creating new character for agent_2
2025-10-09 15:09:51,533 - TaskRunner - INFO - Login result for agent_2: Character CoalMinerBeta logged in successfully. Token obtained.
2025-10-09 15:09:52,301 - TaskRunner - INFO - Applied initial state for agent_2: 12 operations
2025-10-09 15:09:52,346 - TaskRunner - INFO - 📊 agent_2 observation recorded (round 0)
2025-10-09 15:09:52,346 - TaskRunner - INFO - 📊 Initial observation recorded for agent_2
2025-10-09 15:09:52,346 - TaskRunner - INFO - ✅ Agent agent_2 initialized successfully
2025-10-09 15:09:52,347 - TaskRunner - INFO - 🤖 Initializing agent: agent_3
2025-10-09 15:09:52,347 - TaskRunner - INFO - Force creating new character for agent_3
2025-10-09 15:09:52,687 - TaskRunner - INFO - Login result for agent_3: Character MasterSmelterGamma logged in successfully. Token obtained.
2025-10-09 15:09:53,486 - TaskRunner - INFO - Applied initial state for agent_3: 12 operations
2025-10-09 15:09:53,533 - TaskRunner - INFO - 📊 agent_3 observation recorded (round 0)
2025-10-09 15:09:53,533 - TaskRunner - INFO - 📊 Initial observation recorded for agent_3
2025-10-09 15:09:53,533 - TaskRunner - INFO - ✅ Agent agent_3 initialized successfully
2025-10-09 15:09:53,533 - TaskRunner - INFO - 🤖 Initializing agent: agent_4
2025-10-09 15:09:53,534 - TaskRunner - INFO - Force creating new character for agent_4
2025-10-09 15:09:53,872 - TaskRunner - INFO - Login result for agent_4: Character EquipmentCrafterDelta logged in successfully. Token obtained.
2025-10-09 15:09:54,642 - TaskRunner - INFO - Applied initial state for agent_4: 10 operations
2025-10-09 15:09:54,689 - TaskRunner - INFO - 📊 agent_4 observation recorded (round 0)
2025-10-09 15:09:54,689 - TaskRunner - INFO - 📊 Initial observation recorded for agent_4
2025-10-09 15:09:54,689 - TaskRunner - INFO - ✅ Agent agent_4 initialized successfully
2025-10-09 15:09:54,689 - TaskRunner - INFO - 🤖 Initializing agent: agent_5
2025-10-09 15:09:54,690 - TaskRunner - INFO - Force creating new character for agent_5
2025-10-09 15:09:55,017 - TaskRunner - INFO - Login result for agent_5: Character LogisticsCoordinatorEpsilon logged in successfully. Token obtained.
2025-10-09 15:09:55,737 - TaskRunner - INFO - Applied initial state for agent_5: 12 operations
2025-10-09 15:09:55,769 - TaskRunner - INFO - 📊 agent_5 observation recorded (round 0)
2025-10-09 15:09:55,769 - TaskRunner - INFO - 📊 Initial observation recorded for agent_5
2025-10-09 15:09:55,769 - TaskRunner - INFO - ✅ Agent agent_5 initialized successfully
2025-10-09 15:09:55,769 - TaskRunner - INFO - 🔄 Starting synchronized tool-call-level execution...
2025-10-09 15:09:55,769 - TaskRunner - INFO -    Each agent will execute exactly one tool call per turn
2025-10-09 15:09:55,769 - TaskRunner - INFO - ================================================================================
2025-10-09 15:09:55,769 - TaskRunner - INFO - 🔄 ROUND 1
2025-10-09 15:09:55,769 - TaskRunner - INFO - ================================================================================
2025-10-09 15:09:55,770 - TaskRunner - INFO -   🤖 agent_1 executing tool call...
2025-10-09 15:10:01,158 - TaskRunner - INFO -     💭 No tool call (thinking/planning)
2025-10-09 15:10:01,185 - TaskRunner - INFO -     📊 State: active | Actions: 0 | Chats: 0
2025-10-09 15:10:01,185 - TaskRunner - INFO -     📊 Lv.91 | XP:56977 | ❤️939/939 | 💙68/68 | 📍(230,38)
2025-10-09 15:10:01,185 - TaskRunner - INFO -     🔧 Tool call: check_inventory_status()
2025-10-09 15:10:01,185 - TaskRunner - INFO -     ✅ Result: 🎒 CURRENT INVENTORY: flask (15x), apple (20x), ironore (3x), coal (1x)
2025-10-09 15:10:01,186 - TaskRunner - INFO -     💭 Content: check_inventory_status()  🎒 CURRENT INVENTORY: flask (15x), apple (20x), ironore (3x), coal (1x)
2025-10-09 15:10:01,186 - TaskRunner - INFO - 📊 agent_1 observation recorded (round 1)
2025-10-09 15:10:01,187 - TaskRunner - INFO -   🤖 agent_2 executing tool call...
2025-10-09 15:10:06,523 - TaskRunner - INFO -     💭 No tool call (thinking/planning)
2025-10-09 15:10:06,552 - TaskRunner - INFO -     📊 State: active | Actions: 0 | Chats: 0
2025-10-09 15:10:06,552 - TaskRunner - INFO -     📊 Lv.81 | XP:42216 | ❤️939/939 | 💙68/68 | 📍(232,40)
2025-10-09 15:10:06,552 - TaskRunner - INFO -     🔧 Tool call: check_inventory_status()
2025-10-09 15:10:06,552 - TaskRunner - INFO -     ✅ Result: 🎒 CURRENT INVENTORY: flask (15x), apple (20x), coal (4x)
2025-10-09 15:10:06,552 - TaskRunner - INFO -     💭 Content: check_inventory_status()  🎒 CURRENT INVENTORY: flask (15x), apple (20x), coal (4x)
2025-10-09 15:10:06,553 - TaskRunner - INFO - 📊 agent_2 observation recorded (round 1)
2025-10-09 15:10:06,553 - TaskRunner - INFO -   🤖 agent_3 executing tool call...
2025-10-09 15:10:12,035 - TaskRunner - INFO -     💭 No tool call (thinking/planning)
2025-10-09 15:10:12,066 - TaskRunner - INFO -     📊 State: active | Actions: 0 | Chats: 0
2025-10-09 15:10:12,066 - TaskRunner - INFO -     📊 Lv.63 | XP:48462 | ❤️939/939 | 💙68/68 | 📍(235,42)
2025-10-09 15:10:12,067 - TaskRunner - INFO -     🔧 Tool call: verify_inventory(required_items=['ironore', 'coal'])
2025-10-09 15:10:12,067 - TaskRunner - INFO -     ✅ Result: 📋 INVENTORY VERIFICATION:
2025-10-09 15:10:12,067 - TaskRunner - INFO -     💭 Content: verify_inventory(required_items=['ironore', 'coal'])  📋 INVENTORY VERIFICATION: 🎒 Complete Invento...
2025-10-09 15:10:12,067 - TaskRunner - INFO - 📊 agent_3 observation recorded (round 1)
2025-10-09 15:10:12,068 - TaskRunner - INFO -   🤖 agent_4 executing tool call...
2025-10-09 15:10:17,858 - TaskRunner - INFO -     💭 No tool call (thinking/planning)
2025-10-09 15:10:17,890 - TaskRunner - INFO -     📊 State: active | Actions: 0 | Chats: 0
2025-10-09 15:10:17,890 - TaskRunner - INFO -     📊 Lv.58 | XP:37277 | ❤️819/939 | 💙68/68 | 📍(237,44) ⚔️
2025-10-09 15:10:17,890 - TaskRunner - INFO -     🔧 Tool call: verify_inventory(required_items=['hilt2', 'logs'])
2025-10-09 15:10:17,890 - TaskRunner - INFO -     ✅ Result: 📋 INVENTORY VERIFICATION:
2025-10-09 15:10:17,890 - TaskRunner - INFO -     💭 Content: verify_inventory(required_items=['hilt2', 'logs'])  📋 INVENTORY VERIFICATION: 🎒 Complete Inventory...
2025-10-09 15:10:17,891 - TaskRunner - INFO - 📊 agent_4 observation recorded (round 1)
2025-10-09 15:10:17,891 - TaskRunner - INFO -   🤖 agent_5 executing tool call...
2025-10-09 15:10:23,367 - TaskRunner - INFO -     💭 No tool call (thinking/planning)
2025-10-09 15:10:23,396 - TaskRunner - INFO -     📊 State: active | Actions: 0 | Chats: 0
2025-10-09 15:10:23,397 - TaskRunner - INFO -     📊 Lv.81 | XP:44550 | ❤️939/939 | 💙68/68 | 📍(240,35)
2025-10-09 15:10:23,397 - TaskRunner - INFO -     🔧 Tool call: check_inventory_status()
2025-10-09 15:10:23,397 - TaskRunner - INFO -     ✅ Result: 🎒 CURRENT INVENTORY: flask (15x), apple (20x)
2025-10-09 15:10:23,397 - TaskRunner - INFO -     💭 Content: check_inventory_status()  🎒 CURRENT INVENTORY: flask (15x), apple (20x)
2025-10-09 15:10:23,398 - TaskRunner - INFO - 📊 agent_5 observation recorded (round 1)
2025-10-09 15:10:23,398 - TaskRunner - INFO - 📊 Round 1 Summary: Active=5, Completed=0, Failed=0
2025-10-09 15:10:23,398 - TaskRunner - INFO - ================================================================================
2025-10-09 15:10:23,398 - TaskRunner - INFO - 🔄 ROUND 2
2025-10-09 15:10:23,398 - TaskRunner - INFO - ================================================================================
2025-10-09 15:10:23,398 - TaskRunner - INFO -   🤖 agent_1 executing tool call...
2025-10-09 15:10:31,640 - TaskRunner - INFO -     🔧 Tool called: chat(message=My inventory: ironore (3x)
2025-10-09 15:10:31,641 - TaskRunner - INFO - 💬 agent_1: My inventory: ironore (3x), coal (1x), flask (15x), apple (20x). I'm ready to transfer any resources to support the team. Do we need to prioritize iron bars production? What does everyone else have available for the smelting and crafting pipeline?
2025-10-09 15:10:31,675 - TaskRunner - INFO -     📊 State: active | Actions: 0 | Chats: 1
2025-10-09 15:10:31,675 - TaskRunner - INFO -     📊 Lv.91 | XP:56977 | ❤️939/939 | 💙68/68 | 📍(230,38)
2025-10-09 15:10:31,675 - TaskRunner - INFO -     🔧 Tool call: chat(message=My inventory: ironore (3x), co...)
2025-10-09 15:10:31,675 - TaskRunner - INFO -     ✅ Result: Global chat message sent: My inventory: ironore (3x), coal (1x), flask (15x), apple (20x). I'm ready to transfer any resources to support the team. Do we need to prioritize iron bars production? What does everyone else have available for the smelting and crafting pipeline?
2025-10-09 15:10:31,675 - TaskRunner - INFO -     💭 Content: chat(message=My inventory: ironore (3x), co...)  Global chat message sent: My inventory: ironore (...
2025-10-09 15:10:31,676 - TaskRunner - INFO - 📊 agent_1 observation recorded (round 2)
2025-10-09 15:10:31,676 - TaskRunner - INFO -   🤖 agent_2 executing tool call...
2025-10-09 15:10:38,126 - TaskRunner - INFO -     🔧 Tool called: chat(message=My inventory: coal (4x)
2025-10-09 15:10:38,126 - TaskRunner - INFO - 💬 agent_2: My inventory: coal (4x), flask (15x), apple (20x). I've transferred all 4x coal to Mastersmeltergamma to support smelting operations. Ready to assist with additional coal gathering if needed. What does everyone else have available for the team?
2025-10-09 15:10:38,161 - TaskRunner - INFO -     📊 State: active | Actions: 0 | Chats: 1
2025-10-09 15:10:38,161 - TaskRunner - INFO -     📊 Lv.81 | XP:42216 | ❤️939/939 | 💙68/68 | 📍(232,40)
2025-10-09 15:10:38,161 - TaskRunner - INFO -     🔧 Tool call: chat(message=My inventory: coal (4x), flask...)
2025-10-09 15:10:38,161 - TaskRunner - INFO -     ✅ Result: Global chat message sent: My inventory: coal (4x), flask (15x), apple (20x). I've transferred all 4x coal to Mastersmeltergamma to support smelting operations. Ready to assist with additional coal gathering if needed. What does everyone else have available for the team?
2025-10-09 15:10:38,161 - TaskRunner - INFO -     💭 Content: chat(message=My inventory: coal (4x), flask...)  Global chat message sent: My inventory: coal (4x)...
2025-10-09 15:10:38,162 - TaskRunner - INFO - 📊 agent_2 observation recorded (round 2)
2025-10-09 15:10:38,162 - TaskRunner - INFO -   🤖 agent_3 executing tool call...
2025-10-09 15:10:44,265 - TaskRunner - INFO -     🔧 Tool called: craft_item(skill=Smelting, itemKey=ironbar, count=1)
2025-10-09 15:10:44,296 - TaskRunner - INFO -     📊 State: active | Actions: 1 | Chats: 0
2025-10-09 15:10:44,296 - TaskRunner - INFO -     📊 Lv.63 | XP:48492 | ❤️939/939 | 💙68/68 | 📍(235,42)
2025-10-09 15:10:44,296 - TaskRunner - INFO -     🔧 Tool call: craft_item(skill=Smelting, itemKey=ironbar, count=1)
2025-10-09 15:10:44,296 - TaskRunner - INFO -     ✅ Result: Successfully crafted 1x ironbar!
2025-10-09 15:10:44,296 - TaskRunner - INFO -     💭 Content: craft_item(skill=Smelting, itemKey=ironbar, count=1)  Successfully crafted 1x ironbar!
2025-10-09 15:10:44,297 - TaskRunner - INFO - 📊 agent_3 observation recorded (round 2)
2025-10-09 15:10:44,297 - TaskRunner - INFO -   🤖 agent_4 executing tool call...
2025-10-09 15:10:50,429 - TaskRunner - INFO -     🔧 Tool called: chat(message=Team, I've verified my invento...)
2025-10-09 15:10:50,429 - TaskRunner - INFO - 💬 agent_4: Team, I've verified my inventory and confirm I have 1x hilt2 but am still missing logs for crafting. LogisticsCoordinatorEpsilon, could you please transfer 1x logs to me? I need this to craft the axe and pickaxe. Mastersmeltergamma, I'm ready to receive iron bars as soon as they're available.
2025-10-09 15:10:50,466 - TaskRunner - INFO -     📊 State: active | Actions: 0 | Chats: 1
2025-10-09 15:10:50,466 - TaskRunner - INFO -     📊 Lv.58 | XP:37277 | ❤️669/939 | 💙68/68 | 📍(237,44) ⚔️
2025-10-09 15:10:50,466 - TaskRunner - INFO -     🔧 Tool call: chat(message=Team, I've verified my invento...)
2025-10-09 15:10:50,466 - TaskRunner - INFO -     ✅ Result: Global chat message sent: Team, I've verified my inventory and confirm I have 1x hilt2 but am still missing logs for crafting. LogisticsCoordinatorEpsilon, could you please transfer 1x logs to me? I need this to craft the axe and pickaxe. Mastersmeltergamma, I'm ready to receive iron bars as soon as they're available.
2025-10-09 15:10:50,466 - TaskRunner - INFO -     💭 Content: chat(message=Team, I've verified my invento...)  Global chat message sent: Team, I've verified my...
2025-10-09 15:10:50,467 - TaskRunner - INFO - 📊 agent_4 observation recorded (round 2)
2025-10-09 15:10:50,467 - TaskRunner - INFO -   🤖 agent_5 executing tool call...
2025-10-09 15:11:00,558 - TaskRunner - INFO -     🔧 Tool called: chat(message=Team, I've checked my inventor...)
2025-10-09 15:11:00,559 - TaskRunner - INFO - 💬 agent_5: Team, I've checked my inventory and currently have no logs, ironore, or coal. I'm ready to assist with gathering resources. I can help collect logs for our crafting needs. Does anyone need logs transferred, or should I start harvesting trees to support our equipment crafting pipeline?
2025-10-09 15:11:00,579 - TaskRunner - INFO -     📊 State: active | Actions: 0 | Chats: 1
2025-10-09 15:11:00,579 - TaskRunner - INFO -     📊 Lv.81 | XP:44550 | ❤️939/939 | 💙68/68 | 📍(240,35)
2025-10-09 15:11:00,579 - TaskRunner - INFO -     🔧 Tool call: chat(message=Team, I've checked my inventor...)
2025-10-09 15:11:00,579 - TaskRunner - INFO -     ✅ Result: Global chat message sent: Team, I've checked my inventory and currently have no logs, ironore, or coal. I'm ready to assist with gathering resources. I can help collect logs for our crafting needs. Does anyone need logs transferred, or should I start harvesting trees to support our equipment crafting pipeline?
2025-10-09 15:11:00,579 - TaskRunner - INFO -     💭 Content: chat(message=Team, I've checked my inventor...)  Global chat message sent: Team, I've checked my i...
2025-10-09 15:11:00,580 - TaskRunner - INFO - 📊 agent_5 observation recorded (round 2)
2025-10-09 15:11:00,580 - TaskRunner - INFO - 📊 Round 2 Summary: Active=5, Completed=0, Failed=0
2025-10-09 15:11:00,580 - TaskRunner - INFO - ================================================================================
2025-10-09 15:11:00,580 - TaskRunner - INFO - 🔄 ROUND 3
2025-10-09 15:11:00,581 - TaskRunner - INFO - ================================================================================
2025-10-09 15:11:00,581 - TaskRunner - INFO -   🤖 agent_1 executing tool call...
2025-10-09 15:11:05,303 - TaskRunner - INFO -     🔧 Tool called: move_character(x=235, y=42)
2025-10-09 15:11:05,332 - TaskRunner - INFO -     📊 State: active | Actions: 1 | Chats: 1
2025-10-09 15:11:05,332 - TaskRunner - INFO -     📊 Lv.91 | XP:56977 | ❤️939/939 | 💙68/68 | 📍(235,42)
2025-10-09 15:11:05,332 - TaskRunner - INFO -     🔧 Tool call: move_character(x=235, y=42)
2025-10-09 15:11:05,332 - TaskRunner - INFO -     ✅ Result: Character moved from (230, 38) to (235, 42) (distance: 9 tiles)
2025-10-09 15:11:05,332 - TaskRunner - INFO -     💭 Content: move_character(x=235, y=42)  Character moved from (230, 38) to (235, 42) (distance: 9 tiles)
2025-10-09 15:11:05,333 - TaskRunner - INFO - 📊 agent_1 observation recorded (round 3)
2025-10-09 15:11:05,333 - TaskRunner - INFO -   🤖 agent_2 executing tool call...
2025-10-09 15:11:10,653 - TaskRunner - INFO -     🔧 Tool called: move_character(x=279, y=32)
2025-10-09 15:11:10,682 - TaskRunner - INFO -     📊 State: active | Actions: 1 | Chats: 1
2025-10-09 15:11:10,683 - TaskRunner - INFO -     📊 Lv.81 | XP:42216 | ❤️939/939 | 💙68/68 | 📍(250,180)
2025-10-09 15:11:10,683 - TaskRunner - INFO -     🔧 Tool call: move_character(x=279, y=32)
2025-10-09 15:11:10,683 - TaskRunner - INFO -     ✅ Result: Character moved from (232, 40) to (279, 32) (distance: 55 tiles)
2025-10-09 15:11:10,683 - TaskRunner - INFO -     💭 Content: move_character(x=279, y=32)  Character moved from (232, 40) to (279, 32) (distance: 55 tiles)
2025-10-09 15:11:10,684 - TaskRunner - INFO - 📊 agent_2 observation recorded (round 3)
2025-10-09 15:11:10,684 - TaskRunner - INFO -   🤖 agent_3 executing tool call...
2025-10-09 15:11:15,351 - TaskRunner - ERROR - ❌ [HTTP ERROR] POST /ai/craft - Attempt 1/3
2025-10-09 15:11:15,351 - TaskRunner - ERROR -    📍 URL: http://localhost:7031/ai/craft
2025-10-09 15:11:15,352 - TaskRunner - ERROR -    📊 Status Code: 400
2025-10-09 15:11:15,352 - TaskRunner - ERROR -    💬 Error Message: Missing required materials
2025-10-09 15:11:15,352 - TaskRunner - ERROR -    📤 Request Data: {"token": "0a5fd88d916d5ffc4c7959dd9df9ac8f", "type": "Smelting", "itemKey": "ironbar", "count": 1}
2025-10-09 15:11:15,352 - TaskRunner - ERROR -    📤 Request Params: None
2025-10-09 15:11:15,352 - TaskRunner - ERROR -    📥 Response Headers: {"X-Powered-By": "Express", "Content-Type": "application/json; charset=utf-8", "Content-Length": "248", "ETag": "W/\"f8-bbqsDmPCbU8YZ7iTynJC/rEcC38\"", "Date": "Thu, 09 Oct 2025 19:11:15 GMT", "Connection": "keep-alive", "Keep-Alive": "timeout=5"}
2025-10-09 15:11:15,352 - TaskRunner - ERROR -    📥 Full Response: {"status":"error","message":"Missing required materials","missingMaterials":[{"key":"coal","name":"Coal","required":1,"available":0,"missing":1}],"requirements":[{"key":"ironore","name":"Iron Ore","count":1},{"key":"coal","name":"Coal","count":1}]}
2025-10-09 15:11:15,352 - TaskRunner - ERROR - ❌ [HTTP ERROR] POST /ai/craft - Attempt 1/3
2025-10-09 15:11:15,353 - TaskRunner - ERROR -    📍 URL: http://localhost:7031/ai/craft
2025-10-09 15:11:15,353 - TaskRunner - ERROR -    📊 Status Code: 400
2025-10-09 15:11:15,353 - TaskRunner - ERROR -    💬 Error Message: Missing required materials
2025-10-09 15:11:15,353 - TaskRunner - ERROR -    📤 Request Data: {"token": "0a5fd88d916d5ffc4c7959dd9df9ac8f", "type": "Smelting", "itemKey": "ironbar", "count": 1}
2025-10-09 15:11:15,353 - TaskRunner - ERROR -    📤 Request Params: None
2025-10-09 15:11:15,353 - TaskRunner - ERROR -    📥 Response Headers: {"X-Powered-By": "Express", "Content-Type": "application/json; charset=utf-8", "Content-Length": "248", "ETag": "W/\"f8-bbqsDmPCbU8YZ7iTynJC/rEcC38\"", "Date": "Thu, 09 Oct 2025 19:11:15 GMT", "Connection": "keep-alive", "Keep-Alive": "timeout=5"}
2025-10-09 15:11:15,353 - TaskRunner - ERROR -    📥 Full Response: {"status":"error","message":"Missing required materials","missingMaterials":[{"key":"coal","name":"Coal","required":1,"available":0,"missing":1}],"requirements":[{"key":"ironore","name":"Iron Ore","count":1},{"key":"coal","name":"Coal","count":1}]}
2025-10-09 15:11:16,358 - TaskRunner - ERROR - ❌ [HTTP ERROR] POST /ai/craft - Attempt 2/3
2025-10-09 15:11:16,359 - TaskRunner - ERROR -    📍 URL: http://localhost:7031/ai/craft
2025-10-09 15:11:16,359 - TaskRunner - ERROR -    📊 Status Code: 400
2025-10-09 15:11:16,359 - TaskRunner - ERROR -    💬 Error Message: Missing required materials
2025-10-09 15:11:16,359 - TaskRunner - ERROR -    📤 Request Data: {"token": "0a5fd88d916d5ffc4c7959dd9df9ac8f", "type": "Smelting", "itemKey": "ironbar", "count": 1}
2025-10-09 15:11:16,359 - TaskRunner - ERROR -    📤 Request Params: None
2025-10-09 15:11:16,359 - TaskRunner - ERROR -    📥 Response Headers: {"X-Powered-By": "Express", "Content-Type": "application/json; charset=utf-8", "Content-Length": "248", "ETag": "W/\"f8-bbqsDmPCbU8YZ7iTynJC/rEcC38\"", "Date": "Thu, 09 Oct 2025 19:11:16 GMT", "Connection": "keep-alive", "Keep-Alive": "timeout=5"}
2025-10-09 15:11:16,359 - TaskRunner - ERROR -    📥 Full Response: {"status":"error","message":"Missing required materials","missingMaterials":[{"key":"coal","name":"Coal","required":1,"available":0,"missing":1}],"requirements":[{"key":"ironore","name":"Iron Ore","count":1},{"key":"coal","name":"Coal","count":1}]}
2025-10-09 15:11:16,360 - TaskRunner - ERROR - ❌ [HTTP ERROR] POST /ai/craft - Attempt 2/3
2025-10-09 15:11:16,360 - TaskRunner - ERROR -    📍 URL: http://localhost:7031/ai/craft
2025-10-09 15:11:16,360 - TaskRunner - ERROR -    📊 Status Code: 400
2025-10-09 15:11:16,360 - TaskRunner - ERROR -    💬 Error Message: Missing required materials
2025-10-09 15:11:16,360 - TaskRunner - ERROR -    📤 Request Data: {"token": "0a5fd88d916d5ffc4c7959dd9df9ac8f", "type": "Smelting", "itemKey": "ironbar", "count": 1}
2025-10-09 15:11:16,360 - TaskRunner - ERROR -    📤 Request Params: None
2025-10-09 15:11:16,360 - TaskRunner - ERROR -    📥 Response Headers: {"X-Powered-By": "Express", "Content-Type": "application/json; charset=utf-8", "Content-Length": "248", "ETag": "W/\"f8-bbqsDmPCbU8YZ7iTynJC/rEcC38\"", "Date": "Thu, 09 Oct 2025 19:11:16 GMT", "Connection": "keep-alive", "Keep-Alive": "timeout=5"}
2025-10-09 15:11:16,360 - TaskRunner - ERROR -    📥 Full Response: {"status":"error","message":"Missing required materials","missingMaterials":[{"key":"coal","name":"Coal","required":1,"available":0,"missing":1}],"requirements":[{"key":"ironore","name":"Iron Ore","count":1},{"key":"coal","name":"Coal","count":1}]}
2025-10-09 15:11:17,365 - TaskRunner - ERROR - ❌ [HTTP ERROR] POST /ai/craft - Attempt 3/3
2025-10-09 15:11:17,366 - TaskRunner - ERROR -    📍 URL: http://localhost:7031/ai/craft
2025-10-09 15:11:17,366 - TaskRunner - ERROR -    📊 Status Code: 400
2025-10-09 15:11:17,366 - TaskRunner - ERROR -    💬 Error Message: Missing required materials
2025-10-09 15:11:17,366 - TaskRunner - ERROR -    📤 Request Data: {"token": "0a5fd88d916d5ffc4c7959dd9df9ac8f", "type": "Smelting", "itemKey": "ironbar", "count": 1}
2025-10-09 15:11:17,366 - TaskRunner - ERROR -    📤 Request Params: None
2025-10-09 15:11:17,366 - TaskRunner - ERROR -    📥 Response Headers: {"X-Powered-By": "Express", "Content-Type": "application/json; charset=utf-8", "Content-Length": "248", "ETag": "W/\"f8-bbqsDmPCbU8YZ7iTynJC/rEcC38\"", "Date": "Thu, 09 Oct 2025 19:11:17 GMT", "Connection": "keep-alive", "Keep-Alive": "timeout=5"}
2025-10-09 15:11:17,366 - TaskRunner - ERROR -    📥 Full Response: {"status":"error","message":"Missing required materials","missingMaterials":[{"key":"coal","name":"Coal","required":1,"available":0,"missing":1}],"requirements":[{"key":"ironore","name":"Iron Ore","count":1},{"key":"coal","name":"Coal","count":1}]}
2025-10-09 15:11:17,367 - TaskRunner - ERROR - ❌ [HTTP ERROR] POST /ai/craft - Attempt 3/3
2025-10-09 15:11:17,367 - TaskRunner - ERROR -    📍 URL: http://localhost:7031/ai/craft
2025-10-09 15:11:17,367 - TaskRunner - ERROR -    📊 Status Code: 400
2025-10-09 15:11:17,367 - TaskRunner - ERROR -    💬 Error Message: Missing required materials
2025-10-09 15:11:17,367 - TaskRunner - ERROR -    📤 Request Data: {"token": "0a5fd88d916d5ffc4c7959dd9df9ac8f", "type": "Smelting", "itemKey": "ironbar", "count": 1}
2025-10-09 15:11:17,367 - TaskRunner - ERROR -    📤 Request Params: None
2025-10-09 15:11:17,367 - TaskRunner - ERROR -    📥 Response Headers: {"X-Powered-By": "Express", "Content-Type": "application/json; charset=utf-8", "Content-Length": "248", "ETag": "W/\"f8-bbqsDmPCbU8YZ7iTynJC/rEcC38\"", "Date": "Thu, 09 Oct 2025 19:11:17 GMT", "Connection": "keep-alive", "Keep-Alive": "timeout=5"}
2025-10-09 15:11:17,367 - TaskRunner - ERROR -    📥 Full Response: {"status":"error","message":"Missing required materials","missingMaterials":[{"key":"coal","name":"Coal","required":1,"available":0,"missing":1}],"requirements":[{"key":"ironore","name":"Iron Ore","count":1},{"key":"coal","name":"Coal","count":1}]}
2025-10-09 15:11:17,368 - TaskRunner - ERROR - ❌ FINAL HTTP ERROR: HTTP 400 error after 3 attempts: 400 Client Error: Bad Request for url: http://localhost:7031/ai/craft
2025-10-09 15:11:17,407 - TaskRunner - INFO -     🔧 Tool called: craft_item(skill=Smelting, itemKey=ironbar, count=1)
2025-10-09 15:11:17,444 - TaskRunner - INFO -     📊 State: active | Actions: 2 | Chats: 0
2025-10-09 15:11:17,444 - TaskRunner - INFO -     📊 Lv.63 | XP:48492 | ❤️939/939 | 💙68/68 | 📍(235,42)
2025-10-09 15:11:17,444 - TaskRunner - INFO -     🔧 Tool call: craft_item(skill=Smelting, itemKey=ironbar, count=1)
2025-10-09 15:11:17,444 - TaskRunner - INFO -     ✅ Result: Failed to craft ironbar: HTTP 400 error after 3 attempts: 400 Client Error: Bad Request for url: http://localhost:7031/ai/craft
2025-10-09 15:11:17,445 - TaskRunner - INFO -     💭 Content: craft_item(skill=Smelting, itemKey=ironbar, count=1)  Failed to craft ironbar: HTTP 400 error afte...
2025-10-09 15:11:17,445 - TaskRunner - INFO - 📊 agent_3 observation recorded (round 3)
2025-10-09 15:11:17,445 - TaskRunner - INFO -   🤖 agent_4 executing tool call...
2025-10-09 15:11:21,714 - TaskRunner - INFO -     💭 No tool call (thinking/planning)
2025-10-09 15:11:21,738 - TaskRunner - INFO -     📊 State: active | Actions: 0 | Chats: 1
2025-10-09 15:11:21,738 - TaskRunner - INFO -     📊 Lv.58 | XP:37277 | ❤️527/939 | 💙68/68 | 📍(237,44) ⚔️
2025-10-09 15:11:21,738 - TaskRunner - INFO -     🔧 Tool call: check_inventory_status()
2025-10-09 15:11:21,739 - TaskRunner - INFO -     ✅ Result: 🎒 CURRENT INVENTORY: flask (15x), apple (20x), hilt2 (1x)
2025-10-09 15:11:21,739 - TaskRunner - INFO -     💭 Content: check_inventory_status()  🎒 CURRENT INVENTORY: flask (15x), apple (20x), hilt2 (1x)
2025-10-09 15:11:21,739 - TaskRunner - INFO - 📊 agent_4 observation recorded (round 3)
2025-10-09 15:11:21,739 - TaskRunner - INFO -   🤖 agent_5 executing tool call...
2025-10-09 15:11:26,914 - TaskRunner - INFO -     🔧 Tool called: move_character(x=259, y=26)
2025-10-09 15:11:26,944 - TaskRunner - INFO -     📊 State: active | Actions: 1 | Chats: 1
2025-10-09 15:11:26,944 - TaskRunner - INFO -     📊 Lv.81 | XP:44550 | ❤️939/939 | 💙68/68 | 📍(259,26)
2025-10-09 15:11:26,944 - TaskRunner - INFO -     🔧 Tool call: move_character(x=259, y=26)
2025-10-09 15:11:26,944 - TaskRunner - INFO -     ✅ Result: Character moved from (240, 35) to (259, 26) (distance: 28 tiles)
2025-10-09 15:11:26,944 - TaskRunner - INFO -     💭 Content: move_character(x=259, y=26)  Character moved from (240, 35) to (259, 26) (distance: 28 tiles)
2025-10-09 15:11:26,945 - TaskRunner - INFO - 📊 agent_5 observation recorded (round 3)
2025-10-09 15:11:26,945 - TaskRunner - INFO - 📊 Round 3 Summary: Active=5, Completed=0, Failed=0
2025-10-09 15:11:26,945 - TaskRunner - INFO - ================================================================================
2025-10-09 15:11:26,945 - TaskRunner - INFO - 🔄 ROUND 4
2025-10-09 15:11:26,945 - TaskRunner - INFO - ================================================================================
2025-10-09 15:11:26,945 - TaskRunner - INFO -   🤖 agent_1 executing tool call...
2025-10-09 15:11:31,806 - TaskRunner - INFO -     🔧 Tool called: transfer_items(targetPlayer=mastersmeltergamma, itemKey=ironore, count=3)
2025-10-09 15:11:31,826 - TaskRunner - INFO -     📊 State: active | Actions: 2 | Chats: 1
2025-10-09 15:11:31,826 - TaskRunner - INFO -     📊 Lv.91 | XP:56982 | ❤️939/939 | 💙68/68 | 📍(235,42)
2025-10-09 15:11:31,826 - TaskRunner - INFO -     🔧 Tool call: transfer_items(targetPlayer=mastersmeltergamma, itemKey=ironore, count=3)
2025-10-09 15:11:31,826 - TaskRunner - INFO -     ✅ Result: ✅ Transfer completed: 3x Iron Ore transferred from ironmineralpha to mastersmeltergamma
2025-10-09 15:11:31,826 - TaskRunner - INFO -     💭 Content: transfer_items(targetPlayer=mastersmeltergamma, itemKey=ironore, count=3)  ✅ Transfer completed: 3...
2025-10-09 15:11:31,826 - TaskRunner - INFO - 📊 agent_1 observation recorded (round 4)
2025-10-09 15:11:31,826 - TaskRunner - INFO -   🤖 agent_2 executing tool call...
2025-10-09 15:11:38,490 - TaskRunner - INFO -     💭 No tool call (thinking/planning)
2025-10-09 15:11:38,521 - TaskRunner - INFO -     📊 State: active | Actions: 1 | Chats: 1
2025-10-09 15:11:38,521 - TaskRunner - INFO -     📊 Lv.81 | XP:42216 | ❤️939/939 | 💙68/68 | 📍(250,180)
2025-10-09 15:11:38,521 - TaskRunner - INFO -     🔧 Tool call: verify_inventory(required_items=['coal'])
2025-10-09 15:11:38,521 - TaskRunner - INFO -     ✅ Result: 📋 INVENTORY VERIFICATION:
2025-10-09 15:11:38,521 - TaskRunner - INFO -     💭 Content: verify_inventory(required_items=['coal'])  📋 INVENTORY VERIFICATION: 🎒 Complete Inventory: flask (...
2025-10-09 15:11:38,522 - TaskRunner - INFO - 📊 agent_2 observation recorded (round 4)
2025-10-09 15:11:38,522 - TaskRunner - INFO -   🤖 agent_3 executing tool call...
2025-10-09 15:11:43,426 - TaskRunner - INFO -     💭 No tool call (thinking/planning)
2025-10-09 15:11:43,457 - TaskRunner - INFO -     📊 State: active | Actions: 2 | Chats: 0
2025-10-09 15:11:43,457 - TaskRunner - INFO -     📊 Lv.63 | XP:48497 | ❤️939/939 | 💙68/68 | 📍(235,42)
2025-10-09 15:11:43,457 - TaskRunner - INFO -     🔧 Tool call: verify_inventory(required_items=['coal'])
2025-10-09 15:11:43,457 - TaskRunner - INFO -     ✅ Result: 📋 INVENTORY VERIFICATION:
2025-10-09 15:11:43,457 - TaskRunner - INFO -     💭 Content: verify_inventory(required_items=['coal'])  📋 INVENTORY VERIFICATION: 🎒 Complete Inventory: flask (...
2025-10-09 15:11:43,458 - TaskRunner - INFO - 📊 agent_3 observation recorded (round 4)
2025-10-09 15:11:43,458 - TaskRunner - INFO -   🤖 agent_4 executing tool call...
2025-10-09 15:11:49,117 - TaskRunner - INFO -     🔧 Tool called: chat(message=My inventory: flask (15x)
2025-10-09 15:11:49,118 - TaskRunner - INFO - 💬 agent_4: My inventory: flask (15x), apple (20x), hilt2 (1x). I currently need 3x logs and 10x ironbar to complete all crafting tasks. LogisticsCoordinatorEpsilon, please transfer logs when available. Mastersmeltergamma, please prioritize smelting iron bars for our equipment production.
2025-10-09 15:11:49,155 - TaskRunner - INFO -     📊 State: active | Actions: 0 | Chats: 2
2025-10-09 15:11:49,155 - TaskRunner - INFO -     📊 Lv.58 | XP:37282 | ❤️295/939 | 💙68/68 | 📍(237,44) ⚔️
2025-10-09 15:11:49,156 - TaskRunner - INFO -     🔧 Tool call: chat(message=My inventory: flask (15x), app...)
2025-10-09 15:11:49,156 - TaskRunner - INFO -     ✅ Result: Global chat message sent: My inventory: flask (15x), apple (20x), hilt2 (1x). I currently need 3x logs and 10x ironbar to complete all crafting tasks. LogisticsCoordinatorEpsilon, please transfer logs when available. Mastersmeltergamma, please prioritize smelting iron bars for our equipment production.
2025-10-09 15:11:49,156 - TaskRunner - INFO -     💭 Content: chat(message=My inventory: flask (15x), app...)  Global chat message sent: My inventory: flask (15...
2025-10-09 15:11:49,156 - TaskRunner - INFO - 📊 agent_4 observation recorded (round 4)
2025-10-09 15:11:49,156 - TaskRunner - INFO -   🤖 agent_5 executing tool call...
2025-10-09 15:12:26,351 - TaskRunner - INFO -     🔧 Tool called: harvest_resource(targetInstance=655360133)
2025-10-09 15:12:26,379 - TaskRunner - INFO -     📊 State: active | Actions: 2 | Chats: 1
2025-10-09 15:12:26,379 - TaskRunner - INFO -     📊 Lv.81 | XP:44565 | ❤️939/939 | 💙68/68 | 📍(259,26)
2025-10-09 15:12:26,379 - TaskRunner - INFO -     🔧 Tool call: harvest_resource(targetInstance=655360133)
2025-10-09 15:12:26,379 - TaskRunner - INFO -     ✅ Result: Already near Oak2 Tree. ⏳ HARVEST IN PROGRESS: Chopping Oak2 Tree at (259, 26)
2025-10-09 15:12:26,379 - TaskRunner - INFO -     💭 Content: harvest_resource(targetInstance=655360133)  Already near Oak2 Tree. ⏳ HARVEST IN PROGRESS: Choppin...
2025-10-09 15:12:26,380 - TaskRunner - INFO - 📊 agent_5 observation recorded (round 4)
2025-10-09 15:12:26,380 - TaskRunner - INFO - 📊 Round 4 Summary: Active=5, Completed=0, Failed=0
2025-10-09 15:12:26,380 - TaskRunner - INFO - ================================================================================
2025-10-09 15:12:26,381 - TaskRunner - INFO - 🔄 ROUND 5
2025-10-09 15:12:26,381 - TaskRunner - INFO - ================================================================================
2025-10-09 15:12:26,381 - TaskRunner - INFO -   🤖 agent_1 executing tool call...
2025-10-09 15:12:30,830 - TaskRunner - INFO -     🔧 Tool called: transfer_items(targetPlayer=mastersmeltergamma, itemKey=coal, count=1)
2025-10-09 15:12:30,863 - TaskRunner - INFO -     📊 State: active | Actions: 3 | Chats: 1
2025-10-09 15:12:30,863 - TaskRunner - INFO -     📊 Lv.91 | XP:56997 | ❤️939/939 | 💙68/68 | 📍(235,42)
2025-10-09 15:12:30,863 - TaskRunner - INFO -     🔧 Tool call: transfer_items(targetPlayer=mastersmeltergamma, itemKey=coal, count=1)
2025-10-09 15:12:30,863 - TaskRunner - INFO -     ✅ Result: ✅ Transfer completed: 1x Coal transferred from ironmineralpha to mastersmeltergamma
2025-10-09 15:12:30,863 - TaskRunner - INFO -     💭 Content: transfer_items(targetPlayer=mastersmeltergamma, itemKey=coal, count=1)  ✅ Transfer completed: 1x C...
2025-10-09 15:12:30,864 - TaskRunner - INFO - 📊 agent_1 observation recorded (round 5)
2025-10-09 15:12:30,864 - TaskRunner - INFO -   🤖 agent_2 executing tool call...
2025-10-09 15:12:38,623 - TaskRunner - INFO -     🔧 Tool called: transfer_items(targetPlayer=Mastersmeltergamma, itemKey=coal, count=4)
2025-10-09 15:12:38,644 - TaskRunner - INFO -     📊 State: active | Actions: 2 | Chats: 1
2025-10-09 15:12:38,644 - TaskRunner - INFO -     📊 Lv.81 | XP:42216 | ❤️939/939 | 💙68/68 | 📍(250,180)
2025-10-09 15:12:38,644 - TaskRunner - INFO -     🔧 Tool call: transfer_items(targetPlayer=Mastersmeltergamma, itemKey=coal, count=4)
2025-10-09 15:12:38,644 - TaskRunner - INFO -     ✅ Result: ✅ Transfer completed: 4x Coal transferred from coalminerbeta to Mastersmeltergamma
2025-10-09 15:12:38,644 - TaskRunner - INFO -     💭 Content: transfer_items(targetPlayer=Mastersmeltergamma, itemKey=coal, count=4)  ✅ Transfer completed: 4x C...
2025-10-09 15:12:38,645 - TaskRunner - INFO - 📊 agent_2 observation recorded (round 5)
2025-10-09 15:12:38,645 - TaskRunner - INFO -   🤖 agent_3 executing tool call...
2025-10-09 15:12:44,804 - TaskRunner - INFO -     🔧 Tool called: chat(message=Team, I've smelted 1 iron bar ...)
2025-10-09 15:12:44,804 - TaskRunner - INFO - 💬 agent_3: Team, I've smelted 1 iron bar but have run out of coal. I need additional coal to continue smelting operations. CoalMinerBeta and IronMineralpha, please send more coal when available so we can complete our production pipeline.
2025-10-09 15:12:44,825 - TaskRunner - INFO -     📊 State: active | Actions: 2 | Chats: 1
2025-10-09 15:12:44,825 - TaskRunner - INFO -     📊 Lv.63 | XP:48512 | ❤️939/939 | 💙68/68 | 📍(235,42)
2025-10-09 15:12:44,825 - TaskRunner - INFO -     🔧 Tool call: chat(message=Team, I've smelted 1 iron bar ...)
2025-10-09 15:12:44,825 - TaskRunner - INFO -     ✅ Result: Global chat message sent: Team, I've smelted 1 iron bar but have run out of coal. I need additional coal to continue smelting operations. CoalMinerBeta and IronMineralpha, please send more coal when available so we can complete our production pipeline.
2025-10-09 15:12:44,826 - TaskRunner - INFO -     💭 Content: chat(message=Team, I've smelted 1 iron bar ...)  Global chat message sent: Team, I've smelted 1 ir...
2025-10-09 15:12:44,826 - TaskRunner - INFO - 📊 agent_3 observation recorded (round 5)
2025-10-09 15:12:44,826 - TaskRunner - INFO -   🤖 agent_4 executing tool call...
2025-10-09 15:12:49,890 - TaskRunner - INFO -     💭 No tool call (thinking/planning)
2025-10-09 15:12:49,920 - TaskRunner - INFO -     📊 State: active | Actions: 0 | Chats: 2
2025-10-09 15:12:49,920 - TaskRunner - INFO -     📊 Lv.58 | XP:37302 | ❤️46/939 | 💙68/68 | 📍(237,44) ⚔️
2025-10-09 15:12:49,921 - TaskRunner - INFO -     🔧 Tool call: verify_inventory(required_items=['ironbar'])
2025-10-09 15:12:49,921 - TaskRunner - INFO -     ✅ Result: 📋 INVENTORY VERIFICATION:
2025-10-09 15:12:49,921 - TaskRunner - INFO -     💭 Content: verify_inventory(required_items=['ironbar'])  📋 INVENTORY VERIFICATION: 🎒 Complete Inventory: flas...
2025-10-09 15:12:49,921 - TaskRunner - INFO - 📊 agent_4 observation recorded (round 5)
2025-10-09 15:12:49,922 - TaskRunner - INFO -   🤖 agent_5 executing tool call...
2025-10-09 15:12:54,681 - TaskRunner - INFO -     💭 No tool call (thinking/planning)
2025-10-09 15:12:54,711 - TaskRunner - INFO -     📊 State: active | Actions: 2 | Chats: 1
2025-10-09 15:12:54,711 - TaskRunner - INFO -     📊 Lv.81 | XP:44575 | ❤️939/939 | 💙68/68 | 📍(259,26)
2025-10-09 15:12:54,711 - TaskRunner - INFO -     🔧 Tool call: verify_inventory(required_items=['logs'])
2025-10-09 15:12:54,711 - TaskRunner - INFO -     ✅ Result: 📋 INVENTORY VERIFICATION:
2025-10-09 15:12:54,711 - TaskRunner - INFO -     💭 Content: verify_inventory(required_items=['logs'])  📋 INVENTORY VERIFICATION: 🎒 Complete Inventory: flask (...
2025-10-09 15:12:54,712 - TaskRunner - INFO - 📊 agent_5 observation recorded (round 5)
2025-10-09 15:12:54,712 - TaskRunner - INFO - 📊 Round 5 Summary: Active=5, Completed=0, Failed=0
2025-10-09 15:12:54,712 - TaskRunner - INFO - ================================================================================
2025-10-09 15:12:54,712 - TaskRunner - INFO - 🔄 ROUND 6
2025-10-09 15:12:54,712 - TaskRunner - INFO - ================================================================================
2025-10-09 15:12:54,712 - TaskRunner - INFO -   🤖 agent_1 executing tool call...
2025-10-09 15:13:02,389 - TaskRunner - INFO -     🔧 Tool called: chat(message=I've transferred all my ironor...)
2025-10-09 15:13:02,390 - TaskRunner - INFO - 💬 agent_1: I've transferred all my ironore (3x) and coal (1x) to mastersmeltergamma. I'm now heading to the mining site at (294, 43) to harvest more iron ore. Team, please keep coordinating resource needs - I'll focus on gathering additional ironore for our smelting pipeline.
2025-10-09 15:13:02,410 - TaskRunner - INFO -     📊 State: active | Actions: 3 | Chats: 2
2025-10-09 15:13:02,411 - TaskRunner - INFO -     📊 Lv.91 | XP:57002 | ❤️939/939 | 💙68/68 | 📍(235,42)
2025-10-09 15:13:02,411 - TaskRunner - INFO -     🔧 Tool call: chat(message=I've transferred all my ironor...)
2025-10-09 15:13:02,411 - TaskRunner - INFO -     ✅ Result: Global chat message sent: I've transferred all my ironore (3x) and coal (1x) to mastersmeltergamma. I'm now heading to the mining site at (294, 43) to harvest more iron ore. Team, please keep coordinating resource needs - I'll focus on gathering additional ironore for our smelting pipeline.
2025-10-09 15:13:02,411 - TaskRunner - INFO -     💭 Content: chat(message=I've transferred all my ironor...)  Global chat message sent: I've transferred all my...
2025-10-09 15:13:02,412 - TaskRunner - INFO - 📊 agent_1 observation recorded (round 6)
2025-10-09 15:13:02,412 - TaskRunner - INFO -   🤖 agent_2 executing tool call...
2025-10-09 15:13:10,349 - TaskRunner - INFO -     🔧 Tool called: chat(message=Successfully transferred 4x Co...)
2025-10-09 15:13:10,349 - TaskRunner - INFO - 💬 agent_2: Successfully transferred 4x Coal to Mastersmeltergamma. I'm now heading to the coal mining site to gather more fuel for our smelting operations. Team, let me know if additional coal is needed and I'll prioritize gathering it.
2025-10-09 15:13:10,385 - TaskRunner - INFO -     📊 State: active | Actions: 2 | Chats: 2
2025-10-09 15:13:10,385 - TaskRunner - INFO -     📊 Lv.81 | XP:42226 | ❤️939/939 | 💙68/68 | 📍(250,180)
2025-10-09 15:13:10,385 - TaskRunner - INFO -     🔧 Tool call: chat(message=Successfully transferred 4x Co...)
2025-10-09 15:13:10,386 - TaskRunner - INFO -     ✅ Result: Global chat message sent: Successfully transferred 4x Coal to Mastersmeltergamma. I'm now heading to the coal mining site to gather more fuel for our smelting operations. Team, let me know if additional coal is needed and I'll prioritize gathering it.
2025-10-09 15:13:10,386 - TaskRunner - INFO -     💭 Content: chat(message=Successfully transferred 4x Co...)  Global chat message sent: Successfully transferre...
2025-10-09 15:13:10,386 - TaskRunner - INFO - 📊 agent_2 observation recorded (round 6)
2025-10-09 15:13:10,386 - TaskRunner - INFO -   🤖 agent_3 executing tool call...
2025-10-09 15:13:15,753 - TaskRunner - INFO -     💭 No tool call (thinking/planning)
2025-10-09 15:13:15,783 - TaskRunner - INFO -     📊 State: active | Actions: 2 | Chats: 1
2025-10-09 15:13:15,784 - TaskRunner - INFO -     📊 Lv.63 | XP:48522 | ❤️939/939 | 💙68/68 | 📍(235,42)
2025-10-09 15:13:15,784 - TaskRunner - INFO -     🔧 Tool call: verify_inventory(required_items=['ironore'])
2025-10-09 15:13:15,784 - TaskRunner - INFO -     ✅ Result: 📋 INVENTORY VERIFICATION:
2025-10-09 15:13:15,784 - TaskRunner - INFO -     💭 Content: verify_inventory(required_items=['ironore'])  📋 INVENTORY VERIFICATION: 🎒 Complete Inventory: flas...
2025-10-09 15:13:15,784 - TaskRunner - INFO - 📊 agent_3 observation recorded (round 6)
2025-10-09 15:13:15,785 - TaskRunner - INFO -   🤖 agent_4 executing tool call...
2025-10-09 15:13:21,644 - TaskRunner - INFO -     🔧 Tool called: chat(message=Mastersmeltergamma, I'm still ...)
2025-10-09 15:13:21,644 - TaskRunner - INFO - 💬 agent_4: Mastersmeltergamma, I'm still waiting for iron bars to complete our crafting. Please confirm when you have them ready for transfer. I'm ready to craft the pickaxe, axe, and sword2 as soon as I receive the iron bars. Team, let's keep coordinating to finish this grand mining expedition.
2025-10-09 15:13:21,683 - TaskRunner - INFO -     📊 State: active | Actions: 0 | Chats: 3
2025-10-09 15:13:21,683 - TaskRunner - INFO -     📊 Lv.58 | XP:37307 | ❤️0/939 | 💙68/68 | 📍(237,44)
2025-10-09 15:13:21,683 - TaskRunner - INFO -     🔧 Tool call: chat(message=Mastersmeltergamma, I'm still ...)
2025-10-09 15:13:21,683 - TaskRunner - INFO -     ✅ Result: Global chat message sent: Mastersmeltergamma, I'm still waiting for iron bars to complete our crafting. Please confirm when you have them ready for transfer. I'm ready to craft the pickaxe, axe, and sword2 as soon as I receive the iron bars. Team, let's keep coordinating to finish this grand mining expedition.
2025-10-09 15:13:21,683 - TaskRunner - INFO -     💭 Content: chat(message=Mastersmeltergamma, I'm still ...)  Global chat message sent: Mastersmeltergamma, I'm...
2025-10-09 15:13:21,684 - TaskRunner - INFO - 📊 agent_4 observation recorded (round 6)
2025-10-09 15:13:21,684 - TaskRunner - INFO -   🤖 agent_5 executing tool call...
2025-10-09 15:13:58,945 - TaskRunner - INFO -     🔧 Tool called: harvest_resource(targetInstance=655360133)
2025-10-09 15:13:58,971 - TaskRunner - INFO -     📊 State: active | Actions: 3 | Chats: 1
2025-10-09 15:13:58,971 - TaskRunner - INFO -     📊 Lv.81 | XP:44590 | ❤️939/939 | 💙68/68 | 📍(259,26)
2025-10-09 15:13:58,971 - TaskRunner - INFO -     🔧 Tool call: harvest_resource(targetInstance=655360133)
2025-10-09 15:13:58,971 - TaskRunner - INFO -     ✅ Result: Already near Oak2 Tree. ⏳ HARVEST IN PROGRESS: Chopping Oak2 Tree at (259, 26)
2025-10-09 15:13:58,971 - TaskRunner - INFO -     💭 Content: harvest_resource(targetInstance=655360133)  Already near Oak2 Tree. ⏳ HARVEST IN PROGRESS: Choppin...
2025-10-09 15:13:58,972 - TaskRunner - INFO - 📊 agent_5 observation recorded (round 6)
2025-10-09 15:13:58,972 - TaskRunner - INFO - 📊 Round 6 Summary: Active=5, Completed=0, Failed=0
2025-10-09 15:13:58,972 - TaskRunner - INFO - ================================================================================
2025-10-09 15:13:58,972 - TaskRunner - INFO - 🔄 ROUND 7
2025-10-09 15:13:58,972 - TaskRunner - INFO - ================================================================================
2025-10-09 15:13:58,972 - TaskRunner - INFO -   🤖 agent_1 executing tool call...
2025-10-09 15:14:04,935 - TaskRunner - INFO -     🔧 Tool called: move_character(x=294, y=43)
2025-10-09 15:14:04,950 - TaskRunner - INFO -     📊 State: active | Actions: 4 | Chats: 2
2025-10-09 15:14:04,951 - TaskRunner - INFO -     📊 Lv.91 | XP:57022 | ❤️939/939 | 💙68/68 | 📍(294,43)
2025-10-09 15:14:04,951 - TaskRunner - INFO -     🔧 Tool call: move_character(x=294, y=43)
2025-10-09 15:14:04,951 - TaskRunner - INFO -     ✅ Result: Character moved from (235, 42) to (294, 43) (distance: 60 tiles)
2025-10-09 15:14:04,951 - TaskRunner - INFO -     💭 Content: move_character(x=294, y=43)  Character moved from (235, 42) to (294, 43) (distance: 60 tiles)
2025-10-09 15:14:04,952 - TaskRunner - INFO - 📊 agent_1 observation recorded (round 7)
2025-10-09 15:14:04,952 - TaskRunner - INFO -   🤖 agent_2 executing tool call...
2025-10-09 15:14:11,718 - TaskRunner - INFO -     🔧 Tool called: move_character(x=290, y=155)
2025-10-09 15:14:11,739 - TaskRunner - INFO -     📊 State: active | Actions: 3 | Chats: 2
2025-10-09 15:14:11,739 - TaskRunner - INFO -     📊 Lv.81 | XP:42241 | ❤️939/939 | 💙68/68 | 📍(290,155)
2025-10-09 15:14:11,739 - TaskRunner - INFO -     🔧 Tool call: move_character(x=290, y=155)
2025-10-09 15:14:11,739 - TaskRunner - INFO -     ✅ Result: Character moved from (250, 180) to (290, 155) (distance: 65 tiles)
2025-10-09 15:14:11,739 - TaskRunner - INFO -     💭 Content: move_character(x=290, y=155)  Character moved from (250, 180) to (290, 155) (distance: 65 tiles)
2025-10-09 15:14:11,740 - TaskRunner - INFO - 📊 agent_2 observation recorded (round 7)
2025-10-09 15:14:11,741 - TaskRunner - INFO -   🤖 agent_3 executing tool call...
2025-10-09 15:14:16,371 - TaskRunner - INFO -     💭 No tool call (thinking/planning)
2025-10-09 15:14:16,402 - TaskRunner - INFO -     📊 State: active | Actions: 2 | Chats: 1
2025-10-09 15:14:16,402 - TaskRunner - INFO -     📊 Lv.63 | XP:48537 | ❤️939/939 | 💙68/68 | 📍(235,42)
2025-10-09 15:14:16,402 - TaskRunner - INFO -     🔧 Tool call: check_inventory_status()
2025-10-09 15:14:16,402 - TaskRunner - INFO -     ✅ Result: 🎒 CURRENT INVENTORY: flask (15x), apple (20x), ironbar (1x), ironore (3x)
2025-10-09 15:14:16,402 - TaskRunner - INFO -     💭 Content: check_inventory_status()  🎒 CURRENT INVENTORY: flask (15x), apple (20x), ironbar (1x), ironore (3x...
2025-10-09 15:14:16,403 - TaskRunner - INFO - 📊 agent_3 observation recorded (round 7)
2025-10-09 15:14:16,403 - TaskRunner - INFO -   🤖 agent_4 executing tool call...
2025-10-09 15:14:21,311 - TaskRunner - INFO -     💭 No tool call (thinking/planning)
2025-10-09 15:14:21,342 - TaskRunner - INFO -     📊 State: active | Actions: 0 | Chats: 3
2025-10-09 15:14:21,342 - TaskRunner - INFO -     📊 Lv.58 | XP:37322 | ❤️0/939 | 💙68/68 | 📍(237,44)
2025-10-09 15:14:21,342 - TaskRunner - INFO -     🔧 Tool call: check_inventory_status()
2025-10-09 15:14:21,342 - TaskRunner - INFO -     ✅ Result: 🎒 CURRENT INVENTORY: flask (15x), apple (20x), hilt2 (1x)
2025-10-09 15:14:21,342 - TaskRunner - INFO -     💭 Content: check_inventory_status()  🎒 CURRENT INVENTORY: flask (15x), apple (20x), hilt2 (1x)
2025-10-09 15:14:21,343 - TaskRunner - INFO - 📊 agent_4 observation recorded (round 7)
2025-10-09 15:14:21,343 - TaskRunner - INFO -   🤖 agent_5 executing tool call...
2025-10-09 15:14:26,688 - TaskRunner - INFO -     💭 No tool call (thinking/planning)
2025-10-09 15:14:26,718 - TaskRunner - INFO -     📊 State: active | Actions: 3 | Chats: 1
2025-10-09 15:14:26,718 - TaskRunner - INFO -     📊 Lv.81 | XP:44600 | ❤️939/939 | 💙68/68 | 📍(259,26)
2025-10-09 15:14:26,718 - TaskRunner - INFO -     🔧 Tool call: verify_inventory(required_items=['logs'])
2025-10-09 15:14:26,719 - TaskRunner - INFO -     ✅ Result: 📋 INVENTORY VERIFICATION:
2025-10-09 15:14:26,719 - TaskRunner - INFO -     💭 Content: verify_inventory(required_items=['logs'])  📋 INVENTORY VERIFICATION: 🎒 Complete Inventory: flask (...
2025-10-09 15:14:26,719 - TaskRunner - INFO - 📊 agent_5 observation recorded (round 7)
2025-10-09 15:14:26,719 - TaskRunner - INFO - 📊 Round 7 Summary: Active=5, Completed=0, Failed=0
2025-10-09 15:14:26,720 - TaskRunner - INFO - ================================================================================
2025-10-09 15:14:26,720 - TaskRunner - INFO - 🔄 ROUND 8
2025-10-09 15:14:26,720 - TaskRunner - INFO - ================================================================================
2025-10-09 15:14:26,720 - TaskRunner - INFO -   🤖 agent_1 executing tool call...
2025-10-09 15:15:04,894 - TaskRunner - INFO -     🔧 Tool called: harvest_resource(targetInstance=646013894)
2025-10-09 15:15:04,918 - TaskRunner - INFO -     📊 State: active | Actions: 5 | Chats: 2
2025-10-09 15:15:04,918 - TaskRunner - INFO -     📊 Lv.91 | XP:57022 | ❤️939/939 | 💙68/68 | 📍(294,43)
2025-10-09 15:15:04,918 - TaskRunner - INFO -     🔧 Tool call: harvest_resource(targetInstance=646013894)
2025-10-09 15:15:04,918 - TaskRunner - INFO -     ✅ Result: Already near Nisoc Rock. ⏳ HARVEST IN PROGRESS: Mining Nisoc Rock at (294, 43)
2025-10-09 15:15:04,919 - TaskRunner - INFO -     💭 Content: harvest_resource(targetInstance=646013894)  Already near Nisoc Rock. ⏳ HARVEST IN PROGRESS: Mining...
2025-10-09 15:15:04,919 - TaskRunner - INFO - 📊 agent_1 observation recorded (round 8)
2025-10-09 15:15:04,919 - TaskRunner - INFO -   🤖 agent_2 executing tool call...
2025-10-09 15:15:12,243 - TaskRunner - INFO -     🔧 Tool called: chat(message=I'm now at location (290, 155)
2025-10-09 15:15:12,244 - TaskRunner - INFO - 💬 agent_2: I'm now at location (290, 155) and ready to assist with coal gathering. Mastersmeltergamma, please let me know if you need additional coal for smelting operations. I can continue gathering fuel to support our team's production pipeline.
2025-10-09 15:15:12,279 - TaskRunner - INFO -     📊 State: active | Actions: 3 | Chats: 3
2025-10-09 15:15:12,279 - TaskRunner - INFO -     📊 Lv.81 | XP:42241 | ❤️939/939 | 💙68/68 | 📍(290,155)
2025-10-09 15:15:12,279 - TaskRunner - INFO -     🔧 Tool call: chat(message=I'm now at location (290, 155)...)
2025-10-09 15:15:12,279 - TaskRunner - INFO -     ✅ Result: Global chat message sent: I'm now at location (290, 155) and ready to assist with coal gathering. Mastersmeltergamma, please let me know if you need additional coal for smelting operations. I can continue gathering fuel to support our team's production pipeline.
2025-10-09 15:15:12,279 - TaskRunner - INFO -     💭 Content: chat(message=I'm now at location (290, 155)...)  Global chat message sent: I'm now at location (29...
2025-10-09 15:15:12,280 - TaskRunner - INFO - 📊 agent_2 observation recorded (round 8)
2025-10-09 15:15:12,280 - TaskRunner - INFO -   🤖 agent_3 executing tool call...
2025-10-09 15:15:21,614 - TaskRunner - INFO -     🔧 Tool called: chat(message=My inventory: flask (15x)
2025-10-09 15:15:21,614 - TaskRunner - INFO - 💬 agent_3: My inventory: flask (15x), apple (20x), ironbar (1x), ironore (3x). I have 1 iron bar available to transfer once we receive more coal and can complete smelting. What does everyone else have available for the team?
2025-10-09 15:15:21,652 - TaskRunner - INFO -     📊 State: active | Actions: 2 | Chats: 2
2025-10-09 15:15:21,652 - TaskRunner - INFO -     📊 Lv.63 | XP:48557 | ❤️939/939 | 💙68/68 | 📍(235,42)
2025-10-09 15:15:21,652 - TaskRunner - INFO -     🔧 Tool call: chat(message=My inventory: flask (15x), app...)
2025-10-09 15:15:21,652 - TaskRunner - INFO -     ✅ Result: Global chat message sent: My inventory: flask (15x), apple (20x), ironbar (1x), ironore (3x). I have 1 iron bar available to transfer once we receive more coal and can complete smelting. What does everyone else have available for the team?
2025-10-09 15:15:21,652 - TaskRunner - INFO -     💭 Content: chat(message=My inventory: flask (15x), app...)  Global chat message sent: My inventory: flask (15...
2025-10-09 15:15:21,653 - TaskRunner - INFO - 📊 agent_3 observation recorded (round 8)
2025-10-09 15:15:21,653 - TaskRunner - INFO -   🤖 agent_4 executing tool call...
2025-10-09 15:15:26,562 - TaskRunner - INFO -     🔧 Tool called: move_character(x=235, y=42)
2025-10-09 15:15:26,593 - TaskRunner - INFO -     📊 State: active | Actions: 1 | Chats: 3
2025-10-09 15:15:26,593 - TaskRunner - INFO -     📊 Lv.58 | XP:37342 | ❤️0/939 | 💙68/68 | 📍(237,44)
2025-10-09 15:15:26,593 - TaskRunner - INFO -     🔧 Tool call: move_character(x=235, y=42)
2025-10-09 15:15:26,593 - TaskRunner - INFO -     ✅ Result: Character moved from (237, 44) to (235, 42) (distance: 4 tiles)
2025-10-09 15:15:26,593 - TaskRunner - INFO -     💭 Content: move_character(x=235, y=42)  Character moved from (237, 44) to (235, 42) (distance: 4 tiles)
2025-10-09 15:15:26,594 - TaskRunner - INFO - 📊 agent_4 observation recorded (round 8)
2025-10-09 15:15:26,594 - TaskRunner - INFO -   🤖 agent_5 executing tool call...
2025-10-09 15:15:32,026 - TaskRunner - INFO -     🔧 Tool called: move_character(x=262, y=38)
2025-10-09 15:15:32,053 - TaskRunner - INFO -     📊 State: active | Actions: 4 | Chats: 1
2025-10-09 15:15:32,053 - TaskRunner - INFO -     📊 Lv.81 | XP:44615 | ❤️711/939 | 💙68/68 | 📍(262,38)
2025-10-09 15:15:32,053 - TaskRunner - INFO -     🔧 Tool call: move_character(x=262, y=38)
2025-10-09 15:15:32,053 - TaskRunner - INFO -     ✅ Result: Character moved from (259, 26) to (262, 38) (distance: 15 tiles)
2025-10-09 15:15:32,053 - TaskRunner - INFO -     💭 Content: move_character(x=262, y=38)  Character moved from (259, 26) to (262, 38) (distance: 15 tiles)
2025-10-09 15:15:32,054 - TaskRunner - INFO - 📊 agent_5 observation recorded (round 8)
2025-10-09 15:15:32,054 - TaskRunner - INFO - 📊 Round 8 Summary: Active=5, Completed=0, Failed=0
2025-10-09 15:15:32,054 - TaskRunner - INFO - ================================================================================
2025-10-09 15:15:32,054 - TaskRunner - INFO - 🔄 ROUND 9
2025-10-09 15:15:32,054 - TaskRunner - INFO - ================================================================================
2025-10-09 15:15:32,054 - TaskRunner - INFO -   🤖 agent_1 executing tool call...
2025-10-09 15:15:37,758 - TaskRunner - INFO -     💭 No tool call (thinking/planning)
2025-10-09 15:15:37,772 - TaskRunner - INFO -     📊 State: active | Actions: 5 | Chats: 2
2025-10-09 15:15:37,772 - TaskRunner - INFO -     📊 Lv.91 | XP:57027 | ❤️939/939 | 💙68/68 | 📍(294,43)
2025-10-09 15:15:37,772 - TaskRunner - INFO -     🔧 Tool call: verify_inventory(required_items=['ironore'])
2025-10-09 15:15:37,772 - TaskRunner - INFO -     ✅ Result: 📋 INVENTORY VERIFICATION:
2025-10-09 15:15:37,772 - TaskRunner - INFO -     💭 Content: verify_inventory(required_items=['ironore'])  📋 INVENTORY VERIFICATION: 🎒 Complete Inventory: flas...
2025-10-09 15:15:37,772 - TaskRunner - INFO - 📊 agent_1 observation recorded (round 9)
2025-10-09 15:15:37,772 - TaskRunner - INFO -   🤖 agent_2 executing tool call...
2025-10-09 15:15:43,326 - TaskRunner - ERROR - ❌ [RESOURCE ERROR] Resource with instance 63851407 not found!
2025-10-09 15:15:43,327 - TaskRunner - ERROR -    - Available resources in environment:
2025-10-09 15:15:43,327 - TaskRunner - ERROR -      [0] Instance: 63633552, Name: Pine Tree, Position: (346, 156)
2025-10-09 15:15:43,327 - TaskRunner - ERROR -      [1] Instance: 64938535, Name: Willow Tree, Position: (250, 151)
2025-10-09 15:15:43,327 - TaskRunner - ERROR -      [2] Instance: 610876572, Name: Willow Tree, Position: (259, 164)
2025-10-09 15:15:43,327 - TaskRunner - ERROR -      [3] Instance: 618378503, Name: Snowoak Tree, Position: (329, 140)
2025-10-09 15:15:43,327 - TaskRunner - ERROR -      [4] Instance: 618769472, Name: Willow Tree, Position: (253, 130)
2025-10-09 15:15:43,327 - TaskRunner - ERROR -      [5] Instance: 619842532, Name: Willow Tree, Position: (237, 150)
2025-10-09 15:15:43,327 - TaskRunner - ERROR -      [6] Instance: 623431533, Name: Snowoak Tree, Position: (336, 150)
2025-10-09 15:15:43,328 - TaskRunner - ERROR -      [7] Instance: 639619551, Name: Pine Tree, Position: (327, 156)
2025-10-09 15:15:43,328 - TaskRunner - ERROR -      [8] Instance: 669452590, Name: Pine Tree, Position: (330, 172)
2025-10-09 15:15:43,328 - TaskRunner - ERROR -      [9] Instance: 679661578, Name: Pine Tree, Position: (336, 168)
2025-10-09 15:15:43,328 - TaskRunner - ERROR -      [10] Instance: 682265542, Name: Snowoak Tree, Position: (353, 154)
2025-10-09 15:15:43,328 - TaskRunner - ERROR -      [11] Instance: 685508508, Name: Willow Tree, Position: (247, 141)
2025-10-09 15:15:43,328 - TaskRunner - ERROR -      [12] Instance: 689786617, Name: Snowoak Tree, Position: (323, 183)
2025-10-09 15:15:43,328 - TaskRunner - ERROR -      [13] Instance: 695593611, Name: Willow Tree, Position: (261, 181)
2025-10-09 15:15:43,328 - TaskRunner - ERROR -      [14] Instance: 623631261, Name: Fishing Spot, Position: (260, 188)
2025-10-09 15:15:43,328 - TaskRunner - ERROR -      [15] Instance: 621441487, Name: Bluelily Plant, Position: (253, 159)
2025-10-09 15:15:43,328 - TaskRunner - ERROR -      [16] Instance: 640811525, Name: Bluelily Plant, Position: (293, 199)
2025-10-09 15:15:43,328 - TaskRunner - ERROR -      [17] Instance: 641681503, Name: Bluelily Plant, Position: (267, 169)
2025-10-09 15:15:43,329 - TaskRunner - ERROR -      [18] Instance: 670241488, Name: Tomato Plant, Position: (232, 160)
2025-10-09 15:15:43,329 - TaskRunner - ERROR -      [19] Instance: 681511509, Name: Bluelily Plant, Position: (285, 176)
2025-10-09 15:15:43,329 - TaskRunner - ERROR -      [20] Instance: 694551447, Name: Bluelily Plant, Position: (306, 118)
2025-10-09 15:15:43,329 - TaskRunner - ERROR -      [21] Instance: 6840601446, Name: Bluelily Plant, Position: (296, 118)
2025-10-09 15:15:43,329 - TaskRunner - ERROR -      [22] Instance: 6217841448, Name: Bluelily Plant, Position: (312, 118)
2025-10-09 15:15:43,329 - TaskRunner - ERROR -      [23] Instance: 6748001453, Name: Bluelily Plant, Position: (278, 120)
2025-10-09 15:15:43,329 - TaskRunner - ERROR -      [24] Instance: 6323941455, Name: Bluelily Plant, Position: (290, 123)
2025-10-09 15:15:43,329 - TaskRunner - ERROR -      [25] Instance: 6523301457, Name: Bluelily Plant, Position: (284, 125)
2025-10-09 15:15:43,329 - TaskRunner - ERROR -      [26] Instance: 6306631458, Name: Bluelily Plant, Position: (303, 126)
2025-10-09 15:15:43,329 - TaskRunner - ERROR -      [27] Instance: 6183331459, Name: Bluelily Plant, Position: (265, 127)
2025-10-09 15:15:43,330 - TaskRunner - ERROR -      [28] Instance: 6696531461, Name: Bluelily Plant, Position: (313, 128)
2025-10-09 15:15:43,330 - TaskRunner - ERROR -      [29] Instance: 6770571462, Name: Bluelily Plant, Position: (272, 129)
2025-10-09 15:15:43,330 - TaskRunner - ERROR -      [30] Instance: 6771161463, Name: Bluelily Plant, Position: (308, 129)
2025-10-09 15:15:43,330 - TaskRunner - ERROR -      [31] Instance: 6754461466, Name: Tomato Plant, Position: (264, 133)
2025-10-09 15:15:43,330 - TaskRunner - ERROR -      [32] Instance: 6434541467, Name: Bluelily Plant, Position: (288, 135)
2025-10-09 15:15:43,330 - TaskRunner - ERROR -      [33] Instance: 6661531468, Name: Bluelily Plant, Position: (314, 136)
2025-10-09 15:15:43,330 - TaskRunner - ERROR -      [34] Instance: 6608771469, Name: Bluelily Plant, Position: (282, 139)
2025-10-09 15:15:43,330 - TaskRunner - ERROR -      [35] Instance: 6446551470, Name: Bluelily Plant, Position: (302, 141)
2025-10-09 15:15:43,330 - TaskRunner - ERROR -      [36] Instance: 6574701471, Name: Tomato Plant, Position: (265, 142)
2025-10-09 15:15:43,330 - TaskRunner - ERROR -      [37] Instance: 6150051473, Name: Bluelily Plant, Position: (255, 144)
2025-10-09 15:15:43,330 - TaskRunner - ERROR -      [38] Instance: 6253771474, Name: Bluelily Plant, Position: (266, 145)
2025-10-09 15:15:43,330 - TaskRunner - ERROR -      [39] Instance: 6686971475, Name: Bluelily Plant, Position: (287, 147)
2025-10-09 15:15:43,331 - TaskRunner - ERROR -      [40] Instance: 6611541477, Name: Bluelily Plant, Position: (273, 149)
2025-10-09 15:15:43,331 - TaskRunner - ERROR -      [41] Instance: 6660241479, Name: Bluelily Plant, Position: (289, 150)
2025-10-09 15:15:43,331 - TaskRunner - ERROR -      [42] Instance: 6340751481, Name: Bluelily Plant, Position: (243, 153)
2025-10-09 15:15:43,331 - TaskRunner - ERROR -      [43] Instance: 6912671482, Name: Bluelily Plant, Position: (281, 153)
2025-10-09 15:15:43,331 - TaskRunner - ERROR -      [44] Instance: 6804901484, Name: Bluelily Plant, Position: (310, 155)
2025-10-09 15:15:43,331 - TaskRunner - ERROR -      [45] Instance: 6557671486, Name: Tomato Plant, Position: (242, 159)
2025-10-09 15:15:43,331 - TaskRunner - ERROR -      [46] Instance: 6617971489, Name: Tomato Plant, Position: (265, 160)
2025-10-09 15:15:43,331 - TaskRunner - ERROR -      [47] Instance: 6802381491, Name: Bluelily Plant, Position: (303, 161)
2025-10-09 15:15:43,331 - TaskRunner - ERROR -      [48] Instance: 6756401493, Name: Bluelily Plant, Position: (239, 162)
2025-10-09 15:15:43,331 - TaskRunner - ERROR -      [49] Instance: 6206631494, Name: Bluelily Plant, Position: (280, 162)
2025-10-09 15:15:43,331 - TaskRunner - ERROR -      [50] Instance: 6292221495, Name: Bluelily Plant, Position: (290, 163)
2025-10-09 15:15:43,332 - TaskRunner - ERROR -      [51] Instance: 6972581498, Name: Bluelily Plant, Position: (246, 168)
2025-10-09 15:15:43,332 - TaskRunner - ERROR -      [52] Instance: 6249681499, Name: Bluelily Plant, Position: (315, 168)
2025-10-09 15:15:43,332 - TaskRunner - ERROR -      [53] Instance: 6530821502, Name: Tomato Plant, Position: (250, 169)
2025-10-09 15:15:43,332 - TaskRunner - ERROR -      [54] Instance: 6147211504, Name: Bluelily Plant, Position: (277, 169)
2025-10-09 15:15:43,332 - TaskRunner - ERROR -      [55] Instance: 6465491505, Name: Bluelily Plant, Position: (295, 172)
2025-10-09 15:15:43,332 - TaskRunner - ERROR -      [56] Instance: 6986881506, Name: Bluelily Plant, Position: (308, 172)
2025-10-09 15:15:43,332 - TaskRunner - ERROR -      [57] Instance: 6423591510, Name: Bluelily Plant, Position: (266, 177)
2025-10-09 15:15:43,332 - TaskRunner - ERROR -      [58] Instance: 6554241512, Name: Bluelily Plant, Position: (282, 180)
2025-10-09 15:15:43,332 - TaskRunner - ERROR -      [59] Instance: 6246861515, Name: Bluelily Plant, Position: (290, 184)
2025-10-09 15:15:43,332 - TaskRunner - ERROR -      [60] Instance: 6768321516, Name: Bluelily Plant, Position: (315, 184)
2025-10-09 15:15:43,332 - TaskRunner - ERROR -      [61] Instance: 6725691517, Name: Bluelily Plant, Position: (274, 186)
2025-10-09 15:15:43,333 - TaskRunner - ERROR -      [62] Instance: 6314001518, Name: Bluelily Plant, Position: (286, 190)
2025-10-09 15:15:43,333 - TaskRunner - ERROR -      [63] Instance: 6489651520, Name: Bluelily Plant, Position: (311, 194)
2025-10-09 15:15:43,333 - TaskRunner - ERROR -      [64] Instance: 6210561521, Name: Bluelily Plant, Position: (278, 196)
2025-10-09 15:15:43,333 - TaskRunner - ERROR -      [65] Instance: 6966181522, Name: Bluelily Plant, Position: (300, 196)
2025-10-09 15:15:43,333 - TaskRunner - ERROR -      [66] Instance: 6490161527, Name: Bluelily Plant, Position: (273, 200)
2025-10-09 15:15:43,333 - TaskRunner - ERROR -      [67] Instance: 6174021530, Name: Bluelily Plant, Position: (304, 203)
2025-10-09 15:15:43,333 - TaskRunner - ERROR -      [68] Instance: 6798661538, Name: Bluelily Plant, Position: (286, 208)
2025-10-09 15:15:43,333 - TaskRunner - ERROR -    - Total resources found: 69
2025-10-09 15:15:43,333 - TaskRunner - ERROR -    - Requested instance: 63851407
2025-10-09 15:15:43,369 - TaskRunner - INFO -     🔧 Tool called: harvest_resource(targetInstance=63851407)
2025-10-09 15:15:43,399 - TaskRunner - INFO -     📊 State: active | Actions: 4 | Chats: 3
2025-10-09 15:15:43,400 - TaskRunner - INFO -     📊 Lv.81 | XP:42241 | ❤️939/939 | 💙68/68 | 📍(290,155)
2025-10-09 15:15:43,400 - TaskRunner - INFO -     🔧 Tool call: harvest_resource(targetInstance=63851407)
2025-10-09 15:15:43,400 - TaskRunner - INFO -     ✅ Result: Error: Resource with instance 63851407 not found in current environment. Found 69 resources total.
2025-10-09 15:15:43,400 - TaskRunner - INFO -     💭 Content: harvest_resource(targetInstance=63851407)  Error: Resource with instance 63851407 not found in cur...
2025-10-09 15:15:43,401 - TaskRunner - INFO - 📊 agent_2 observation recorded (round 9)
2025-10-09 15:15:43,401 - TaskRunner - INFO -   🤖 agent_3 executing tool call...
2025-10-09 15:15:52,396 - TaskRunner - INFO -     🔧 Tool called: attack_entity(targetInstance=3241971796)
2025-10-09 15:15:52,412 - TaskRunner - INFO -     📊 State: active | Actions: 3 | Chats: 2
2025-10-09 15:15:52,413 - TaskRunner - INFO -     📊 Lv.63 | XP:48706 | ❤️925/939 | 💙68/68 | 📍(232,48) ⚔️
2025-10-09 15:15:52,413 - TaskRunner - INFO -     🔧 Tool call: attack_entity(targetInstance=3241971796)
2025-10-09 15:15:52,413 - TaskRunner - INFO -     ✅ Result: Moved from (235, 42) to (232, 47) to attack Iron Ogre. Attack initiated successfully on Iron Ogre: Attack initiated successfully After combat, moved to (232, 48) to collect any dropped items.
2025-10-09 15:15:52,413 - TaskRunner - INFO -     💭 Content: attack_entity(targetInstance=3241971796)  Moved from (235, 42) to (232, 47) to attack Iron Ogre. A...
2025-10-09 15:15:52,414 - TaskRunner - INFO - 📊 agent_3 observation recorded (round 9)
2025-10-09 15:15:52,414 - TaskRunner - INFO -   🤖 agent_4 executing tool call...
2025-10-09 15:16:01,548 - TaskRunner - INFO -     🔧 Tool called: attack_entity(targetInstance=3241971796)
2025-10-09 15:16:01,585 - TaskRunner - INFO -     📊 State: active | Actions: 2 | Chats: 3
2025-10-09 15:16:01,585 - TaskRunner - INFO -     📊 Lv.58 | XP:37352 | ❤️0/939 | 💙68/68 | 📍(237,44) ⚔️
2025-10-09 15:16:01,585 - TaskRunner - INFO -     🔧 Tool call: attack_entity(targetInstance=3241971796)
2025-10-09 15:16:01,585 - TaskRunner - INFO -     ✅ Result: Moved from (237, 44) to (232, 47) to attack Iron Ogre. Attack initiated successfully on Iron Ogre: Attack initiated successfully After combat, moved to (232, 48) to collect any dropped items.
2025-10-09 15:16:01,585 - TaskRunner - INFO -     💭 Content: attack_entity(targetInstance=3241971796)  Moved from (237, 44) to (232, 47) to attack Iron Ogre. A...
2025-10-09 15:16:01,586 - TaskRunner - INFO - 📊 agent_4 observation recorded (round 9)
2025-10-09 15:16:01,586 - TaskRunner - INFO -   🤖 agent_5 executing tool call...
2025-10-09 15:16:41,552 - TaskRunner - INFO -     🔧 Tool called: harvest_resource(targetInstance=689247175)
2025-10-09 15:16:41,580 - TaskRunner - INFO -     📊 State: active | Actions: 5 | Chats: 1
2025-10-09 15:16:41,580 - TaskRunner - INFO -     📊 Lv.81 | XP:44635 | ❤️518/939 | 💙68/68 | 📍(262,38) ⚔️
2025-10-09 15:16:41,581 - TaskRunner - INFO -     🔧 Tool call: harvest_resource(targetInstance=689247175)
2025-10-09 15:16:41,581 - TaskRunner - INFO -     ✅ Result: Already near Oak2 Tree. ⏳ HARVEST IN PROGRESS: Chopping Oak2 Tree at (262, 38)
2025-10-09 15:16:41,581 - TaskRunner - INFO -     💭 Content: harvest_resource(targetInstance=689247175)  Already near Oak2 Tree. ⏳ HARVEST IN PROGRESS: Choppin...
2025-10-09 15:16:41,581 - TaskRunner - INFO - 📊 agent_5 observation recorded (round 9)
2025-10-09 15:16:41,582 - TaskRunner - INFO - 📊 Round 9 Summary: Active=5, Completed=0, Failed=0
2025-10-09 15:16:41,582 - TaskRunner - INFO - ================================================================================
2025-10-09 15:16:41,582 - TaskRunner - INFO - 🔄 ROUND 10
2025-10-09 15:16:41,582 - TaskRunner - INFO - ================================================================================
2025-10-09 15:16:41,582 - TaskRunner - INFO -   🤖 agent_1 executing tool call...
2025-10-09 15:16:48,662 - TaskRunner - INFO -     🔧 Tool called: chat(message=I just harvested Nisoc Rock at...)
2025-10-09 15:16:48,662 - TaskRunner - INFO - 💬 agent_1: I just harvested Nisoc Rock at (294, 43) but it didn't yield ironore. Team, I need to find actual Iron Rocks to get ironore for our smelting operations. Does anyone know where we can find Iron Rocks in this region?
2025-10-09 15:16:48,680 - TaskRunner - INFO -     📊 State: active | Actions: 5 | Chats: 3
2025-10-09 15:16:48,680 - TaskRunner - INFO -     📊 Lv.91 | XP:57042 | ❤️939/939 | 💙68/68 | 📍(294,43)
2025-10-09 15:16:48,680 - TaskRunner - INFO -     🔧 Tool call: chat(message=I just harvested Nisoc Rock at...)
2025-10-09 15:16:48,681 - TaskRunner - INFO -     ✅ Result: Global chat message sent: I just harvested Nisoc Rock at (294, 43) but it didn't yield ironore. Team, I need to find actual Iron Rocks to get ironore for our smelting operations. Does anyone know where we can find Iron Rocks in this region?
2025-10-09 15:16:48,681 - TaskRunner - INFO -     💭 Content: chat(message=I just harvested Nisoc Rock at...)  Global chat message sent: I just harvested Nisoc...
2025-10-09 15:16:48,681 - TaskRunner - INFO - 📊 agent_1 observation recorded (round 10)
2025-10-09 15:16:48,681 - TaskRunner - INFO -   🤖 agent_2 executing tool call...
2025-10-09 15:16:54,097 - TaskRunner - ERROR - ❌ [RESOURCE ERROR] Resource with instance 62549031 not found!
2025-10-09 15:16:54,097 - TaskRunner - ERROR -    - Available resources in environment:
2025-10-09 15:16:54,097 - TaskRunner - ERROR -      [0] Instance: 63633552, Name: Pine Tree, Position: (346, 156)
2025-10-09 15:16:54,097 - TaskRunner - ERROR -      [1] Instance: 64938535, Name: Willow Tree, Position: (250, 151)
2025-10-09 15:16:54,097 - TaskRunner - ERROR -      [2] Instance: 610876572, Name: Willow Tree, Position: (259, 164)
2025-10-09 15:16:54,097 - TaskRunner - ERROR -      [3] Instance: 618378503, Name: Snowoak Tree, Position: (329, 140)
2025-10-09 15:16:54,098 - TaskRunner - ERROR -      [4] Instance: 618769472, Name: Willow Tree, Position: (253, 130)
2025-10-09 15:16:54,098 - TaskRunner - ERROR -      [5] Instance: 619842532, Name: Willow Tree, Position: (237, 150)
2025-10-09 15:16:54,098 - TaskRunner - ERROR -      [6] Instance: 623431533, Name: Snowoak Tree, Position: (336, 150)
2025-10-09 15:16:54,098 - TaskRunner - ERROR -      [7] Instance: 639619551, Name: Pine Tree, Position: (327, 156)
2025-10-09 15:16:54,098 - TaskRunner - ERROR -      [8] Instance: 669452590, Name: Pine Tree, Position: (330, 172)
2025-10-09 15:16:54,098 - TaskRunner - ERROR -      [9] Instance: 679661578, Name: Pine Tree, Position: (336, 168)
2025-10-09 15:16:54,098 - TaskRunner - ERROR -      [10] Instance: 682265542, Name: Snowoak Tree, Position: (353, 154)
2025-10-09 15:16:54,098 - TaskRunner - ERROR -      [11] Instance: 685508508, Name: Willow Tree, Position: (247, 141)
2025-10-09 15:16:54,098 - TaskRunner - ERROR -      [12] Instance: 689786617, Name: Snowoak Tree, Position: (323, 183)
2025-10-09 15:16:54,098 - TaskRunner - ERROR -      [13] Instance: 695593611, Name: Willow Tree, Position: (261, 181)
2025-10-09 15:16:54,098 - TaskRunner - ERROR -      [14] Instance: 623631261, Name: Fishing Spot, Position: (260, 188)
2025-10-09 15:16:54,099 - TaskRunner - ERROR -      [15] Instance: 621441487, Name: Bluelily Plant, Position: (253, 159)
2025-10-09 15:16:54,099 - TaskRunner - ERROR -      [16] Instance: 640811525, Name: Bluelily Plant, Position: (293, 199)
2025-10-09 15:16:54,099 - TaskRunner - ERROR -      [17] Instance: 641681503, Name: Bluelily Plant, Position: (267, 169)
2025-10-09 15:16:54,099 - TaskRunner - ERROR -      [18] Instance: 670241488, Name: Tomato Plant, Position: (232, 160)
2025-10-09 15:16:54,099 - TaskRunner - ERROR -      [19] Instance: 681511509, Name: Bluelily Plant, Position: (285, 176)
2025-10-09 15:16:54,099 - TaskRunner - ERROR -      [20] Instance: 694551447, Name: Bluelily Plant, Position: (306, 118)
2025-10-09 15:16:54,099 - TaskRunner - ERROR -      [21] Instance: 6840601446, Name: Bluelily Plant, Position: (296, 118)
2025-10-09 15:16:54,099 - TaskRunner - ERROR -      [22] Instance: 6217841448, Name: Bluelily Plant, Position: (312, 118)
2025-10-09 15:16:54,099 - TaskRunner - ERROR -      [23] Instance: 6748001453, Name: Bluelily Plant, Position: (278, 120)
2025-10-09 15:16:54,099 - TaskRunner - ERROR -      [24] Instance: 6323941455, Name: Bluelily Plant, Position: (290, 123)
2025-10-09 15:16:54,099 - TaskRunner - ERROR -      [25] Instance: 6523301457, Name: Bluelily Plant, Position: (284, 125)
2025-10-09 15:16:54,100 - TaskRunner - ERROR -      [26] Instance: 6306631458, Name: Bluelily Plant, Position: (303, 126)
2025-10-09 15:16:54,100 - TaskRunner - ERROR -      [27] Instance: 6183331459, Name: Bluelily Plant, Position: (265, 127)
2025-10-09 15:16:54,100 - TaskRunner - ERROR -      [28] Instance: 6696531461, Name: Bluelily Plant, Position: (313, 128)
2025-10-09 15:16:54,100 - TaskRunner - ERROR -      [29] Instance: 6770571462, Name: Bluelily Plant, Position: (272, 129)
2025-10-09 15:16:54,100 - TaskRunner - ERROR -      [30] Instance: 6771161463, Name: Bluelily Plant, Position: (308, 129)
2025-10-09 15:16:54,100 - TaskRunner - ERROR -      [31] Instance: 6754461466, Name: Tomato Plant, Position: (264, 133)
2025-10-09 15:16:54,100 - TaskRunner - ERROR -      [32] Instance: 6434541467, Name: Bluelily Plant, Position: (288, 135)
2025-10-09 15:16:54,100 - TaskRunner - ERROR -      [33] Instance: 6661531468, Name: Bluelily Plant, Position: (314, 136)
2025-10-09 15:16:54,100 - TaskRunner - ERROR -      [34] Instance: 6608771469, Name: Bluelily Plant, Position: (282, 139)
2025-10-09 15:16:54,100 - TaskRunner - ERROR -      [35] Instance: 6446551470, Name: Bluelily Plant, Position: (302, 141)
2025-10-09 15:16:54,100 - TaskRunner - ERROR -      [36] Instance: 6574701471, Name: Tomato Plant, Position: (265, 142)
2025-10-09 15:16:54,101 - TaskRunner - ERROR -      [37] Instance: 6150051473, Name: Bluelily Plant, Position: (255, 144)
2025-10-09 15:16:54,101 - TaskRunner - ERROR -      [38] Instance: 6253771474, Name: Bluelily Plant, Position: (266, 145)
2025-10-09 15:16:54,101 - TaskRunner - ERROR -      [39] Instance: 6686971475, Name: Bluelily Plant, Position: (287, 147)
2025-10-09 15:16:54,101 - TaskRunner - ERROR -      [40] Instance: 6611541477, Name: Bluelily Plant, Position: (273, 149)
2025-10-09 15:16:54,101 - TaskRunner - ERROR -      [41] Instance: 6660241479, Name: Bluelily Plant, Position: (289, 150)
2025-10-09 15:16:54,101 - TaskRunner - ERROR -      [42] Instance: 6340751481, Name: Bluelily Plant, Position: (243, 153)
2025-10-09 15:16:54,101 - TaskRunner - ERROR -      [43] Instance: 6912671482, Name: Bluelily Plant, Position: (281, 153)
2025-10-09 15:16:54,101 - TaskRunner - ERROR -      [44] Instance: 6804901484, Name: Bluelily Plant, Position: (310, 155)
2025-10-09 15:16:54,101 - TaskRunner - ERROR -      [45] Instance: 6557671486, Name: Tomato Plant, Position: (242, 159)
2025-10-09 15:16:54,101 - TaskRunner - ERROR -      [46] Instance: 6617971489, Name: Tomato Plant, Position: (265, 160)
2025-10-09 15:16:54,102 - TaskRunner - ERROR -      [47] Instance: 6802381491, Name: Bluelily Plant, Position: (303, 161)
2025-10-09 15:16:54,102 - TaskRunner - ERROR -      [48] Instance: 6756401493, Name: Bluelily Plant, Position: (239, 162)
2025-10-09 15:16:54,102 - TaskRunner - ERROR -      [49] Instance: 6206631494, Name: Bluelily Plant, Position: (280, 162)
2025-10-09 15:16:54,102 - TaskRunner - ERROR -      [50] Instance: 6292221495, Name: Bluelily Plant, Position: (290, 163)
2025-10-09 15:16:54,102 - TaskRunner - ERROR -      [51] Instance: 6972581498, Name: Bluelily Plant, Position: (246, 168)
2025-10-09 15:16:54,102 - TaskRunner - ERROR -      [52] Instance: 6249681499, Name: Bluelily Plant, Position: (315, 168)
2025-10-09 15:16:54,102 - TaskRunner - ERROR -      [53] Instance: 6530821502, Name: Tomato Plant, Position: (250, 169)
2025-10-09 15:16:54,102 - TaskRunner - ERROR -      [54] Instance: 6147211504, Name: Bluelily Plant, Position: (277, 169)
2025-10-09 15:16:54,102 - TaskRunner - ERROR -      [55] Instance: 6465491505, Name: Bluelily Plant, Position: (295, 172)
2025-10-09 15:16:54,102 - TaskRunner - ERROR -      [56] Instance: 6986881506, Name: Bluelily Plant, Position: (308, 172)
2025-10-09 15:16:54,102 - TaskRunner - ERROR -      [57] Instance: 6423591510, Name: Bluelily Plant, Position: (266, 177)
2025-10-09 15:16:54,102 - TaskRunner - ERROR -      [58] Instance: 6554241512, Name: Bluelily Plant, Position: (282, 180)
2025-10-09 15:16:54,103 - TaskRunner - ERROR -      [59] Instance: 6246861515, Name: Bluelily Plant, Position: (290, 184)
2025-10-09 15:16:54,103 - TaskRunner - ERROR -      [60] Instance: 6768321516, Name: Bluelily Plant, Position: (315, 184)
2025-10-09 15:16:54,103 - TaskRunner - ERROR -      [61] Instance: 6725691517, Name: Bluelily Plant, Position: (274, 186)
2025-10-09 15:16:54,103 - TaskRunner - ERROR -      [62] Instance: 6314001518, Name: Bluelily Plant, Position: (286, 190)
2025-10-09 15:16:54,103 - TaskRunner - ERROR -      [63] Instance: 6489651520, Name: Bluelily Plant, Position: (311, 194)
2025-10-09 15:16:54,103 - TaskRunner - ERROR -      [64] Instance: 6210561521, Name: Bluelily Plant, Position: (278, 196)
2025-10-09 15:16:54,103 - TaskRunner - ERROR -      [65] Instance: 6966181522, Name: Bluelily Plant, Position: (300, 196)
2025-10-09 15:16:54,103 - TaskRunner - ERROR -      [66] Instance: 6490161527, Name: Bluelily Plant, Position: (273, 200)
2025-10-09 15:16:54,103 - TaskRunner - ERROR -      [67] Instance: 6174021530, Name: Bluelily Plant, Position: (304, 203)
2025-10-09 15:16:54,103 - TaskRunner - ERROR -      [68] Instance: 6798661538, Name: Bluelily Plant, Position: (286, 208)
2025-10-09 15:16:54,103 - TaskRunner - ERROR -    - Total resources found: 69
2025-10-09 15:16:54,104 - TaskRunner - ERROR -    - Requested instance: 62549031
2025-10-09 15:16:54,138 - TaskRunner - INFO -     🔧 Tool called: harvest_resource(targetInstance=62549031)
2025-10-09 15:16:54,169 - TaskRunner - INFO -     📊 State: active | Actions: 5 | Chats: 3
2025-10-09 15:16:54,169 - TaskRunner - INFO -     📊 Lv.81 | XP:42256 | ❤️939/939 | 💙68/68 | 📍(290,155)
2025-10-09 15:16:54,169 - TaskRunner - INFO -     🔧 Tool call: harvest_resource(targetInstance=62549031)
2025-10-09 15:16:54,169 - TaskRunner - INFO -     ✅ Result: Error: Resource with instance 62549031 not found in current environment. Found 69 resources total.
2025-10-09 15:16:54,169 - TaskRunner - INFO -     💭 Content: harvest_resource(targetInstance=62549031)  Error: Resource with instance 62549031 not found in cur...
2025-10-09 15:16:54,170 - TaskRunner - INFO - 📊 agent_2 observation recorded (round 10)
2025-10-09 15:16:54,170 - TaskRunner - INFO -   🤖 agent_3 executing tool call...
2025-10-09 15:17:03,725 - TaskRunner - INFO -     🔧 Tool called: attack_entity(targetInstance=3766911760)
2025-10-09 15:17:03,756 - TaskRunner - INFO -     📊 State: active | Actions: 4 | Chats: 2
2025-10-09 15:17:03,756 - TaskRunner - INFO -     📊 Lv.65 | XP:48834 | ❤️633/939 | 💙68/68 | 📍(231,39) ⚔️
2025-10-09 15:17:03,756 - TaskRunner - INFO -     🔧 Tool call: attack_entity(targetInstance=3766911760)
2025-10-09 15:17:03,756 - TaskRunner - INFO -     ✅ Result: Moved from (233, 48) to (231, 40) to attack Eye. Attack initiated successfully on Eye: Attack initiated successfully After combat, moved to (231, 39) to collect any dropped items.
2025-10-09 15:17:03,756 - TaskRunner - INFO -     💭 Content: attack_entity(targetInstance=3766911760)  Moved from (233, 48) to (231, 40) to attack Eye. Attack...
2025-10-09 15:17:03,757 - TaskRunner - INFO - 📊 agent_3 observation recorded (round 10)
2025-10-09 15:17:03,757 - TaskRunner - INFO -   🤖 agent_4 executing tool call...
2025-10-09 15:17:12,480 - TaskRunner - INFO -     🔧 Tool called: attack_entity(targetInstance=3896411771)
2025-10-09 15:17:12,517 - TaskRunner - INFO -     📊 State: active | Actions: 3 | Chats: 3
2025-10-09 15:17:12,517 - TaskRunner - INFO -     📊 Lv.58 | XP:37372 | ❤️0/939 | 💙68/68 | 📍(237,44) ⚔️
2025-10-09 15:17:12,517 - TaskRunner - INFO -     🔧 Tool call: attack_entity(targetInstance=3896411771)
2025-10-09 15:17:12,517 - TaskRunner - INFO -     ✅ Result: Moved from (237, 44) to (242, 44) to attack Spectre. Attack initiated successfully on Spectre: Attack initiated successfully After combat, moved to (242, 45) to collect any dropped items.
2025-10-09 15:17:12,517 - TaskRunner - INFO -     💭 Content: attack_entity(targetInstance=3896411771)  Moved from (237, 44) to (242, 44) to attack Spectre. Att...
2025-10-09 15:17:12,518 - TaskRunner - INFO - 📊 agent_4 observation recorded (round 10)
2025-10-09 15:17:12,518 - TaskRunner - INFO -   🤖 agent_5 executing tool call...
2025-10-09 15:17:17,920 - TaskRunner - INFO -     💭 No tool call (thinking/planning)
2025-10-09 15:17:17,950 - TaskRunner - INFO -     📊 State: active | Actions: 5 | Chats: 1
2025-10-09 15:17:17,950 - TaskRunner - INFO -     📊 Lv.81 | XP:44655 | ❤️288/939 | 💙68/68 | 📍(262,38) ⚔️
2025-10-09 15:17:17,950 - TaskRunner - INFO -     🔧 Tool call: verify_inventory(required_items=['logs'])
2025-10-09 15:17:17,951 - TaskRunner - INFO -     ✅ Result: 📋 INVENTORY VERIFICATION:
2025-10-09 15:17:17,951 - TaskRunner - INFO -     💭 Content: verify_inventory(required_items=['logs'])  📋 INVENTORY VERIFICATION: 🎒 Complete Inventory: flask (...
2025-10-09 15:17:17,951 - TaskRunner - INFO - 📊 agent_5 observation recorded (round 10)
2025-10-09 15:17:17,951 - TaskRunner - INFO - 📊 Round 10 Summary: Active=5, Completed=0, Failed=0
2025-10-09 15:17:17,952 - TaskRunner - INFO - ================================================================================
2025-10-09 15:17:17,952 - TaskRunner - INFO - 🔄 ROUND 11
2025-10-09 15:17:17,952 - TaskRunner - INFO - ================================================================================
2025-10-09 15:17:17,952 - TaskRunner - INFO -   🤖 agent_1 executing tool call...
2025-10-09 15:17:23,237 - TaskRunner - INFO -     🔧 Tool called: move_character(x=290, y=58)
2025-10-09 15:17:23,263 - TaskRunner - INFO -     📊 State: active | Actions: 6 | Chats: 3
2025-10-09 15:17:23,263 - TaskRunner - INFO -     📊 Lv.91 | XP:57052 | ❤️939/939 | 💙68/68 | 📍(235,42)
2025-10-09 15:17:23,263 - TaskRunner - INFO -     🔧 Tool call: move_character(x=290, y=58)
2025-10-09 15:17:23,263 - TaskRunner - INFO -     ✅ Result: Character moved from (294, 43) to (290, 58) (distance: 19 tiles)
2025-10-09 15:17:23,263 - TaskRunner - INFO -     💭 Content: move_character(x=290, y=58)  Character moved from (294, 43) to (290, 58) (distance: 19 tiles)
2025-10-09 15:17:23,264 - TaskRunner - INFO - 📊 agent_1 observation recorded (round 11)
2025-10-09 15:17:23,264 - TaskRunner - INFO -   🤖 agent_2 executing tool call...
2025-10-09 15:17:29,457 - TaskRunner - INFO -     🔧 Tool called: move_character(x=294, y=43)
2025-10-09 15:17:29,475 - TaskRunner - INFO -     📊 State: active | Actions: 6 | Chats: 3
2025-10-09 15:17:29,475 - TaskRunner - INFO -     📊 Lv.81 | XP:42266 | ❤️939/939 | 💙68/68 | 📍(294,43)
2025-10-09 15:17:29,475 - TaskRunner - INFO -     🔧 Tool call: move_character(x=294, y=43)
2025-10-09 15:17:29,475 - TaskRunner - INFO -     ✅ Result: Character moved from (290, 155) to (294, 43) (distance: 116 tiles)
2025-10-09 15:17:29,475 - TaskRunner - INFO -     💭 Content: move_character(x=294, y=43)  Character moved from (290, 155) to (294, 43) (distance: 116 tiles)
2025-10-09 15:17:29,476 - TaskRunner - INFO - 📊 agent_2 observation recorded (round 11)
2025-10-09 15:17:29,476 - TaskRunner - INFO -   🤖 agent_3 executing tool call...
2025-10-09 15:17:38,011 - TaskRunner - INFO -     🔧 Tool called: attack_entity(targetInstance=3307261743)
2025-10-09 15:17:38,049 - TaskRunner - INFO -     📊 State: active | Actions: 5 | Chats: 2
2025-10-09 15:17:38,049 - TaskRunner - INFO -     📊 Lv.65 | XP:48834 | ❤️658/939 | 💙68/68 | 📍(239,38)
2025-10-09 15:17:38,049 - TaskRunner - INFO -     🔧 Tool call: attack_entity(targetInstance=3307261743)
2025-10-09 15:17:38,049 - TaskRunner - INFO -     ✅ Result: Moved from (231, 39) to (239, 39) to attack Eye. Attack initiated successfully on Eye: Attack initiated successfully After combat, moved to (239, 38) to collect any dropped items.
2025-10-09 15:17:38,050 - TaskRunner - INFO -     💭 Content: attack_entity(targetInstance=3307261743)  Moved from (231, 39) to (239, 39) to attack Eye. Attack...
2025-10-09 15:17:38,050 - TaskRunner - INFO - 📊 agent_3 observation recorded (round 11)
2025-10-09 15:17:38,050 - TaskRunner - INFO -   🤖 agent_4 executing tool call...
2025-10-09 15:17:43,422 - TaskRunner - INFO -     💭 No tool call (thinking/planning)
2025-10-09 15:17:43,451 - TaskRunner - INFO -     📊 State: active | Actions: 3 | Chats: 3
2025-10-09 15:17:43,451 - TaskRunner - INFO -     📊 Lv.58 | XP:37392 | ❤️0/939 | 💙68/68 | 📍(237,44) ⚔️
2025-10-09 15:17:43,451 - TaskRunner - INFO -     🔧 Tool call: verify_inventory(required_items=['ironbar'])
2025-10-09 15:17:43,451 - TaskRunner - INFO -     ✅ Result: 📋 INVENTORY VERIFICATION:
2025-10-09 15:17:43,451 - TaskRunner - INFO -     💭 Content: verify_inventory(required_items=['ironbar'])  📋 INVENTORY VERIFICATION: 🎒 Complete Inventory: flas...
2025-10-09 15:17:43,452 - TaskRunner - INFO - 📊 agent_4 observation recorded (round 11)
2025-10-09 15:17:43,452 - TaskRunner - INFO -   🤖 agent_5 executing tool call...
2025-10-09 15:17:48,393 - TaskRunner - INFO -     🔧 Tool called: move_character(x=256, y=58)
2025-10-09 15:17:48,414 - TaskRunner - INFO -     📊 State: active | Actions: 6 | Chats: 1
2025-10-09 15:17:48,415 - TaskRunner - INFO -     📊 Lv.81 | XP:44665 | ❤️173/939 | 💙68/68 | 📍(256,58)
2025-10-09 15:17:48,415 - TaskRunner - INFO -     🔧 Tool call: move_character(x=256, y=58)
2025-10-09 15:17:48,415 - TaskRunner - INFO -     ✅ Result: Character moved from (262, 38) to (256, 58) (distance: 26 tiles)
2025-10-09 15:17:48,415 - TaskRunner - INFO -     💭 Content: move_character(x=256, y=58)  Character moved from (262, 38) to (256, 58) (distance: 26 tiles)
2025-10-09 15:17:48,415 - TaskRunner - INFO - 📊 agent_5 observation recorded (round 11)
2025-10-09 15:17:48,415 - TaskRunner - INFO - 📊 Round 11 Summary: Active=5, Completed=0, Failed=0
2025-10-09 15:17:48,415 - TaskRunner - INFO - ================================================================================
2025-10-09 15:17:48,415 - TaskRunner - INFO - 🔄 ROUND 12
2025-10-09 15:17:48,415 - TaskRunner - INFO - ================================================================================
2025-10-09 15:17:48,415 - TaskRunner - INFO -   🤖 agent_1 executing tool call...
2025-10-09 15:17:52,996 - TaskRunner - INFO -     💭 No tool call (thinking/planning)
2025-10-09 15:17:53,034 - TaskRunner - INFO -     📊 State: active | Actions: 6 | Chats: 3
2025-10-09 15:17:53,034 - TaskRunner - INFO -     📊 Lv.91 | XP:57052 | ❤️939/939 | 💙68/68 | 📍(235,42)
2025-10-09 15:17:53,034 - TaskRunner - INFO -     🔧 Tool call: environment_observation(radius=64)
2025-10-09 15:17:53,034 - TaskRunner - INFO -     ✅ Result: Unknown tool: environment_observation
2025-10-09 15:17:53,035 - TaskRunner - INFO -     💭 Content: environment_observation(radius=64)  Unknown tool: environment_observation
2025-10-09 15:17:53,035 - TaskRunner - INFO - 📊 agent_1 observation recorded (round 12)
2025-10-09 15:17:53,035 - TaskRunner - INFO -   🤖 agent_2 executing tool call...
2025-10-09 15:18:29,898 - TaskRunner - INFO -     🔧 Tool called: harvest_resource(targetInstance=646013894)
2025-10-09 15:18:29,913 - TaskRunner - INFO -     📊 State: active | Actions: 7 | Chats: 3
2025-10-09 15:18:29,913 - TaskRunner - INFO -     📊 Lv.81 | XP:42266 | ❤️939/939 | 💙68/68 | 📍(294,43)
2025-10-09 15:18:29,913 - TaskRunner - INFO -     🔧 Tool call: harvest_resource(targetInstance=646013894)
2025-10-09 15:18:29,913 - TaskRunner - INFO -     ✅ Result: Already near Nisoc Rock. ⏳ HARVEST IN PROGRESS: Mining Nisoc Rock at (294, 43)
2025-10-09 15:18:29,913 - TaskRunner - INFO -     💭 Content: harvest_resource(targetInstance=646013894)  Already near Nisoc Rock. ⏳ HARVEST IN PROGRESS: Mining...
2025-10-09 15:18:29,913 - TaskRunner - INFO - 📊 agent_2 observation recorded (round 12)
2025-10-09 15:18:29,914 - TaskRunner - INFO -   🤖 agent_3 executing tool call...
2025-10-09 15:18:39,024 - TaskRunner - INFO -     🔧 Tool called: attack_entity(targetInstance=3896411771)
2025-10-09 15:18:39,058 - TaskRunner - INFO -     📊 State: active | Actions: 6 | Chats: 2
2025-10-09 15:18:39,059 - TaskRunner - INFO -     📊 Lv.65 | XP:48847 | ❤️679/939 | 💙68/68 | 📍(241,35) ⚔️
2025-10-09 15:18:39,059 - TaskRunner - INFO -     🔧 Tool call: attack_entity(targetInstance=3896411771)
2025-10-09 15:18:39,059 - TaskRunner - INFO -     ✅ Result: Moved from (239, 38) to (241, 36) to attack Spectre. Attack initiated successfully on Spectre: Attack initiated successfully After combat, moved to (241, 35) to collect any dropped items.
2025-10-09 15:18:39,059 - TaskRunner - INFO -     💭 Content: attack_entity(targetInstance=3896411771)  Moved from (239, 38) to (241, 36) to attack Spectre. Att...
2025-10-09 15:18:39,060 - TaskRunner - INFO - 📊 agent_3 observation recorded (round 12)
2025-10-09 15:18:39,060 - TaskRunner - INFO -   🤖 agent_4 executing tool call...
2025-10-09 15:18:44,946 - TaskRunner - INFO -     🔧 Tool called: chat(message=Mastersmeltergamma, I'm still ...)
2025-10-09 15:18:44,946 - TaskRunner - INFO - 💬 agent_4: Mastersmeltergamma, I'm still waiting for iron bars to complete our crafting. Please confirm when you have them ready for transfer. I'm ready to craft the pickaxe, axe, and sword2 as soon as I receive the iron bars. Team, let's keep coordinating to finish this grand mining expedition.
2025-10-09 15:18:44,983 - TaskRunner - INFO -     📊 State: active | Actions: 3 | Chats: 4
2025-10-09 15:18:44,983 - TaskRunner - INFO -     📊 Lv.58 | XP:37422 | ❤️0/939 | 💙68/68 | 📍(237,44) ⚔️
2025-10-09 15:18:44,983 - TaskRunner - INFO -     🔧 Tool call: chat(message=Mastersmeltergamma, I'm still ...)
2025-10-09 15:18:44,983 - TaskRunner - INFO -     ✅ Result: Global chat message sent: Mastersmeltergamma, I'm still waiting for iron bars to complete our crafting. Please confirm when you have them ready for transfer. I'm ready to craft the pickaxe, axe, and sword2 as soon as I receive the iron bars. Team, let's keep coordinating to finish this grand mining expedition.
2025-10-09 15:18:44,984 - TaskRunner - INFO -     💭 Content: chat(message=Mastersmeltergamma, I'm still ...)  Global chat message sent: Mastersmeltergamma, I'm...
2025-10-09 15:18:44,984 - TaskRunner - INFO - 📊 agent_4 observation recorded (round 12)
2025-10-09 15:18:44,984 - TaskRunner - INFO -   🤖 agent_5 executing tool call...
2025-10-09 15:19:21,675 - TaskRunner - INFO -     🔧 Tool called: harvest_resource(targetInstance=622166231)
2025-10-09 15:19:21,701 - TaskRunner - INFO -     📊 State: active | Actions: 7 | Chats: 1
2025-10-09 15:19:21,701 - TaskRunner - INFO -     📊 Lv.81 | XP:44665 | ❤️238/939 | 💙68/68 | 📍(256,58)
2025-10-09 15:19:21,701 - TaskRunner - INFO -     🔧 Tool call: harvest_resource(targetInstance=622166231)
2025-10-09 15:19:21,702 - TaskRunner - INFO -     ✅ Result: Already near Oak2 Tree. ⏳ HARVEST IN PROGRESS: Chopping Oak2 Tree at (256, 58)
2025-10-09 15:19:21,702 - TaskRunner - INFO -     💭 Content: harvest_resource(targetInstance=622166231)  Already near Oak2 Tree. ⏳ HARVEST IN PROGRESS: Choppin...
2025-10-09 15:19:21,702 - TaskRunner - INFO - 📊 agent_5 observation recorded (round 12)
2025-10-09 15:19:21,703 - TaskRunner - INFO - 📊 Round 12 Summary: Active=5, Completed=0, Failed=0
2025-10-09 15:19:21,703 - TaskRunner - INFO - ================================================================================
2025-10-09 15:19:21,703 - TaskRunner - INFO - 🔄 ROUND 13
2025-10-09 15:19:21,703 - TaskRunner - INFO - ================================================================================
2025-10-09 15:19:21,703 - TaskRunner - INFO -   🤖 agent_1 executing tool call...
2025-10-09 15:19:26,945 - TaskRunner - INFO -     🔧 Tool called: move_character(x=280, y=40)
2025-10-09 15:19:26,970 - TaskRunner - INFO -     📊 State: active | Actions: 7 | Chats: 3
2025-10-09 15:19:26,970 - TaskRunner - INFO -     📊 Lv.91 | XP:57057 | ❤️939/939 | 💙68/68 | 📍(294,43)
2025-10-09 15:19:26,970 - TaskRunner - INFO -     🔧 Tool call: move_character(x=280, y=40)
2025-10-09 15:19:26,970 - TaskRunner - INFO -     ✅ Result: Character moved from (235, 42) to (280, 40) (distance: 47 tiles)
2025-10-09 15:19:26,970 - TaskRunner - INFO -     💭 Content: move_character(x=280, y=40)  Character moved from (235, 42) to (280, 40) (distance: 47 tiles)
2025-10-09 15:19:26,971 - TaskRunner - INFO - 📊 agent_1 observation recorded (round 13)
2025-10-09 15:19:26,971 - TaskRunner - INFO -   🤖 agent_2 executing tool call...
2025-10-09 15:19:32,593 - TaskRunner - INFO -     💭 No tool call (thinking/planning)
2025-10-09 15:19:32,620 - TaskRunner - INFO -     📊 State: active | Actions: 7 | Chats: 3
2025-10-09 15:19:32,621 - TaskRunner - INFO -     📊 Lv.81 | XP:42276 | ❤️939/939 | 💙68/68 | 📍(294,43)
2025-10-09 15:19:32,621 - TaskRunner - INFO -     🔧 Tool call: verify_inventory(required_items=['coal'])
2025-10-09 15:19:32,621 - TaskRunner - INFO -     ✅ Result: 📋 INVENTORY VERIFICATION:
2025-10-09 15:19:32,621 - TaskRunner - INFO -     💭 Content: verify_inventory(required_items=['coal'])  📋 INVENTORY VERIFICATION: 🎒 Complete Inventory: flask (...
2025-10-09 15:19:32,622 - TaskRunner - INFO - 📊 agent_2 observation recorded (round 13)
2025-10-09 15:19:32,622 - TaskRunner - INFO -   🤖 agent_3 executing tool call...
2025-10-09 15:19:41,804 - TaskRunner - INFO -     🔧 Tool called: attack_entity(targetInstance=3860851777)
2025-10-09 15:19:41,840 - TaskRunner - INFO -     📊 State: active | Actions: 7 | Chats: 2
2025-10-09 15:19:41,840 - TaskRunner - INFO -     📊 Lv.65 | XP:48852 | ❤️342/939 | 💙68/68 | 📍(249,46) ⚔️
2025-10-09 15:19:41,840 - TaskRunner - INFO -     🔧 Tool call: attack_entity(targetInstance=3860851777)
2025-10-09 15:19:41,840 - TaskRunner - INFO -     ✅ Result: Moved from (242, 35) to (249, 45) to attack Eye. Attack initiated successfully on Eye: Attack initiated successfully After combat, moved to (249, 46) to collect any dropped items.
2025-10-09 15:19:41,840 - TaskRunner - INFO -     💭 Content: attack_entity(targetInstance=3860851777)  Moved from (242, 35) to (249, 45) to attack Eye. Attack...
2025-10-09 15:19:41,841 - TaskRunner - INFO - 📊 agent_3 observation recorded (round 13)
2025-10-09 15:19:41,841 - TaskRunner - INFO -   🤖 agent_4 executing tool call...
2025-10-09 15:19:46,450 - TaskRunner - INFO -     🔧 Tool called: move_character(x=249, y=46)
2025-10-09 15:19:46,482 - TaskRunner - INFO -     📊 State: active | Actions: 4 | Chats: 4
2025-10-09 15:19:46,482 - TaskRunner - INFO -     📊 Lv.58 | XP:37452 | ❤️0/939 | 💙68/68 | 📍(237,44) ⚔️
2025-10-09 15:19:46,482 - TaskRunner - INFO -     🔧 Tool call: move_character(x=249, y=46)
2025-10-09 15:19:46,482 - TaskRunner - INFO -     ✅ Result: Character moved from (237, 44) to (249, 46) (distance: 14 tiles)
2025-10-09 15:19:46,483 - TaskRunner - INFO -     💭 Content: move_character(x=249, y=46)  Character moved from (237, 44) to (249, 46) (distance: 14 tiles)
2025-10-09 15:19:46,483 - TaskRunner - INFO - 📊 agent_4 observation recorded (round 13)
2025-10-09 15:19:46,483 - TaskRunner - INFO -   🤖 agent_5 executing tool call...
2025-10-09 15:19:51,504 - TaskRunner - INFO -     💭 No tool call (thinking/planning)
2025-10-09 15:19:51,533 - TaskRunner - INFO -     📊 State: active | Actions: 7 | Chats: 1
2025-10-09 15:19:51,533 - TaskRunner - INFO -     📊 Lv.81 | XP:44675 | ❤️263/939 | 💙68/68 | 📍(256,58)
2025-10-09 15:19:51,533 - TaskRunner - INFO -     🔧 Tool call: verify_inventory(required_items=['logs'])
2025-10-09 15:19:51,533 - TaskRunner - INFO -     ✅ Result: 📋 INVENTORY VERIFICATION:
2025-10-09 15:19:51,533 - TaskRunner - INFO -     💭 Content: verify_inventory(required_items=['logs'])  📋 INVENTORY VERIFICATION: 🎒 Complete Inventory: flask (...
2025-10-09 15:19:51,534 - TaskRunner - INFO - 📊 agent_5 observation recorded (round 13)
2025-10-09 15:19:51,534 - TaskRunner - INFO - 📊 Round 13 Summary: Active=5, Completed=0, Failed=0
2025-10-09 15:19:51,534 - TaskRunner - INFO - ================================================================================
2025-10-09 15:19:51,534 - TaskRunner - INFO - 🔄 ROUND 14
2025-10-09 15:19:51,534 - TaskRunner - INFO - ================================================================================
2025-10-09 15:19:51,535 - TaskRunner - INFO -   🤖 agent_1 executing tool call...
2025-10-09 15:19:56,843 - TaskRunner - INFO -     🔧 Tool called: move_character(x=280, y=40)
2025-10-09 15:19:56,868 - TaskRunner - INFO -     📊 State: active | Actions: 8 | Chats: 3
2025-10-09 15:19:56,868 - TaskRunner - INFO -     📊 Lv.91 | XP:57057 | ❤️939/939 | 💙68/68 | 📍(235,42)
2025-10-09 15:19:56,868 - TaskRunner - INFO -     🔧 Tool call: move_character(x=280, y=40)
2025-10-09 15:19:56,868 - TaskRunner - INFO -     ✅ Result: Character moved from (294, 43) to (280, 40) (distance: 17 tiles)
2025-10-09 15:19:56,868 - TaskRunner - INFO -     💭 Content: move_character(x=280, y=40)  Character moved from (294, 43) to (280, 40) (distance: 17 tiles)
2025-10-09 15:19:56,869 - TaskRunner - INFO - 📊 agent_1 observation recorded (round 14)
2025-10-09 15:19:56,869 - TaskRunner - INFO -   🤖 agent_2 executing tool call...
2025-10-09 15:20:03,441 - TaskRunner - INFO -     🔧 Tool called: chat(message=I just harvested Nisoc Rock at...)
2025-10-09 15:20:03,441 - TaskRunner - INFO - 💬 agent_2: I just harvested Nisoc Rock at (294, 43) but it didn't yield ironore. Team, I need to find actual Iron Rocks to get ironore for our smelting operations. Does anyone know where we can find Iron Rocks in this region?
2025-10-09 15:20:03,468 - TaskRunner - INFO -     📊 State: active | Actions: 7 | Chats: 4
2025-10-09 15:20:03,468 - TaskRunner - INFO -     📊 Lv.81 | XP:42281 | ❤️939/939 | 💙68/68 | 📍(294,43)
2025-10-09 15:20:03,468 - TaskRunner - INFO -     🔧 Tool call: chat(message=I just harvested Nisoc Rock at...)
2025-10-09 15:20:03,468 - TaskRunner - INFO -     ✅ Result: Global chat message sent: I just harvested Nisoc Rock at (294, 43) but it didn't yield ironore. Team, I need to find actual Iron Rocks to get ironore for our smelting operations. Does anyone know where we can find Iron Rocks in this region?
2025-10-09 15:20:03,469 - TaskRunner - INFO -     💭 Content: chat(message=I just harvested Nisoc Rock at...)  Global chat message sent: I just harvested Nisoc...
2025-10-09 15:20:03,469 - TaskRunner - INFO - 📊 agent_2 observation recorded (round 14)
2025-10-09 15:20:03,469 - TaskRunner - INFO -   🤖 agent_3 executing tool call...
2025-10-09 15:20:08,752 - TaskRunner - INFO -     💭 No tool call (thinking/planning)
2025-10-09 15:20:08,782 - TaskRunner - INFO -     📊 State: active | Actions: 7 | Chats: 2
2025-10-09 15:20:08,782 - TaskRunner - INFO -     📊 Lv.65 | XP:48852 | ❤️362/939 | 💙68/68 | 📍(249,46)
2025-10-09 15:20:08,782 - TaskRunner - INFO -     🔧 Tool call: verify_inventory(required_items=['ironore', 'coal'])
2025-10-09 15:20:08,782 - TaskRunner - INFO -     ✅ Result: 📋 INVENTORY VERIFICATION:
2025-10-09 15:20:08,782 - TaskRunner - INFO -     💭 Content: verify_inventory(required_items=['ironore', 'coal'])  📋 INVENTORY VERIFICATION: 🎒 Complete Invento...
2025-10-09 15:20:08,783 - TaskRunner - INFO - 📊 agent_3 observation recorded (round 14)
2025-10-09 15:20:08,783 - TaskRunner - INFO -   🤖 agent_4 executing tool call...
2025-10-09 15:20:18,029 - TaskRunner - INFO -     🔧 Tool called: attack_entity(targetInstance=3723141870)
2025-10-09 15:20:18,065 - TaskRunner - INFO -     📊 State: active | Actions: 5 | Chats: 4
2025-10-09 15:20:18,066 - TaskRunner - INFO -     📊 Lv.58 | XP:37482 | ❤️0/939 | 💙68/68 | 📍(237,44) ⚔️
2025-10-09 15:20:18,066 - TaskRunner - INFO -     🔧 Tool call: attack_entity(targetInstance=3723141870)
2025-10-09 15:20:18,066 - TaskRunner - INFO -     ✅ Result: Moved from (237, 44) to (244, 66) to attack Ogre Lord. Attack initiated successfully on Ogre Lord: Attack initiated successfully After combat, moved to (244, 67) to collect any dropped items.
2025-10-09 15:20:18,066 - TaskRunner - INFO -     💭 Content: attack_entity(targetInstance=3723141870)  Moved from (237, 44) to (244, 66) to attack Ogre Lord. A...
2025-10-09 15:20:18,067 - TaskRunner - INFO - 📊 agent_4 observation recorded (round 14)
2025-10-09 15:20:18,067 - TaskRunner - INFO -   🤖 agent_5 executing tool call...
2025-10-09 15:20:23,809 - TaskRunner - INFO -     🔧 Tool called: move_character(x=257, y=66)
2025-10-09 15:20:23,835 - TaskRunner - INFO -     📊 State: active | Actions: 8 | Chats: 1
2025-10-09 15:20:23,835 - TaskRunner - INFO -     📊 Lv.81 | XP:44695 | ❤️283/939 | 💙68/68 | 📍(257,66)
2025-10-09 15:20:23,835 - TaskRunner - INFO -     🔧 Tool call: move_character(x=257, y=66)
2025-10-09 15:20:23,836 - TaskRunner - INFO -     ✅ Result: Character moved from (256, 58) to (257, 66) (distance: 9 tiles)
2025-10-09 15:20:23,836 - TaskRunner - INFO -     💭 Content: move_character(x=257, y=66)  Character moved from (256, 58) to (257, 66) (distance: 9 tiles)
2025-10-09 15:20:23,836 - TaskRunner - INFO - 📊 agent_5 observation recorded (round 14)
2025-10-09 15:20:23,836 - TaskRunner - INFO - 📊 Round 14 Summary: Active=5, Completed=0, Failed=0
2025-10-09 15:20:23,836 - TaskRunner - INFO - ================================================================================
2025-10-09 15:20:23,836 - TaskRunner - INFO - 🔄 ROUND 15
2025-10-09 15:20:23,836 - TaskRunner - INFO - ================================================================================
2025-10-09 15:20:23,836 - TaskRunner - INFO -   🤖 agent_1 executing tool call...
2025-10-09 15:20:30,857 - TaskRunner - ERROR - ❌ [HTTP ERROR] POST /ai/collect - Attempt 1/3
2025-10-09 15:20:30,857 - TaskRunner - ERROR -    📍 URL: http://localhost:7031/ai/collect
2025-10-09 15:20:30,857 - TaskRunner - ERROR -    📊 Status Code: 400
2025-10-09 15:20:30,857 - TaskRunner - ERROR -    💬 Error Message: Too far from resource
2025-10-09 15:20:30,858 - TaskRunner - ERROR -    📤 Request Data: {"token": "f0480616cfcee822be881f7bf7aa3211", "targetInstance": "694441890"}
2025-10-09 15:20:30,858 - TaskRunner - ERROR -    📤 Request Params: None
2025-10-09 15:20:30,858 - TaskRunner - ERROR -    📥 Response Headers: {"X-Powered-By": "Express", "Content-Type": "application/json; charset=utf-8", "Content-Length": "82", "ETag": "W/\"52-VThhttsMgptoU5RAeK3CKRHbpdk\"", "Date": "Thu, 09 Oct 2025 19:20:30 GMT", "Connection": "keep-alive", "Keep-Alive": "timeout=5"}
2025-10-09 15:20:30,858 - TaskRunner - ERROR -    📥 Full Response: {"status":"error","message":"Too far from resource","distance":26,"maxDistance":2}
2025-10-09 15:20:30,858 - TaskRunner - ERROR - ❌ [HTTP ERROR] POST /ai/collect - Attempt 1/3
2025-10-09 15:20:30,858 - TaskRunner - ERROR -    📍 URL: http://localhost:7031/ai/collect
2025-10-09 15:20:30,858 - TaskRunner - ERROR -    📊 Status Code: 400
2025-10-09 15:20:30,858 - TaskRunner - ERROR -    💬 Error Message: Too far from resource
2025-10-09 15:20:30,858 - TaskRunner - ERROR -    📤 Request Data: {"token": "f0480616cfcee822be881f7bf7aa3211", "targetInstance": "694441890"}
2025-10-09 15:20:30,858 - TaskRunner - ERROR -    📤 Request Params: None
2025-10-09 15:20:30,858 - TaskRunner - ERROR -    📥 Response Headers: {"X-Powered-By": "Express", "Content-Type": "application/json; charset=utf-8", "Content-Length": "82", "ETag": "W/\"52-VThhttsMgptoU5RAeK3CKRHbpdk\"", "Date": "Thu, 09 Oct 2025 19:20:30 GMT", "Connection": "keep-alive", "Keep-Alive": "timeout=5"}
2025-10-09 15:20:30,858 - TaskRunner - ERROR -    📥 Full Response: {"status":"error","message":"Too far from resource","distance":26,"maxDistance":2}
2025-10-09 15:20:31,862 - TaskRunner - ERROR - ❌ [HTTP ERROR] POST /ai/collect - Attempt 2/3
2025-10-09 15:20:31,862 - TaskRunner - ERROR -    📍 URL: http://localhost:7031/ai/collect
2025-10-09 15:20:31,862 - TaskRunner - ERROR -    📊 Status Code: 400
2025-10-09 15:20:31,863 - TaskRunner - ERROR -    💬 Error Message: Too far from resource
2025-10-09 15:20:31,863 - TaskRunner - ERROR -    📤 Request Data: {"token": "f0480616cfcee822be881f7bf7aa3211", "targetInstance": "694441890"}
2025-10-09 15:20:31,863 - TaskRunner - ERROR -    📤 Request Params: None
2025-10-09 15:20:31,863 - TaskRunner - ERROR -    📥 Response Headers: {"X-Powered-By": "Express", "Content-Type": "application/json; charset=utf-8", "Content-Length": "82", "ETag": "W/\"52-VThhttsMgptoU5RAeK3CKRHbpdk\"", "Date": "Thu, 09 Oct 2025 19:20:31 GMT", "Connection": "keep-alive", "Keep-Alive": "timeout=5"}
2025-10-09 15:20:31,863 - TaskRunner - ERROR -    📥 Full Response: {"status":"error","message":"Too far from resource","distance":26,"maxDistance":2}
2025-10-09 15:20:31,863 - TaskRunner - ERROR - ❌ [HTTP ERROR] POST /ai/collect - Attempt 2/3
2025-10-09 15:20:31,863 - TaskRunner - ERROR -    📍 URL: http://localhost:7031/ai/collect
2025-10-09 15:20:31,863 - TaskRunner - ERROR -    📊 Status Code: 400
2025-10-09 15:20:31,864 - TaskRunner - ERROR -    💬 Error Message: Too far from resource
2025-10-09 15:20:31,864 - TaskRunner - ERROR -    📤 Request Data: {"token": "f0480616cfcee822be881f7bf7aa3211", "targetInstance": "694441890"}
2025-10-09 15:20:31,864 - TaskRunner - ERROR -    📤 Request Params: None
2025-10-09 15:20:31,864 - TaskRunner - ERROR -    📥 Response Headers: {"X-Powered-By": "Express", "Content-Type": "application/json; charset=utf-8", "Content-Length": "82", "ETag": "W/\"52-VThhttsMgptoU5RAeK3CKRHbpdk\"", "Date": "Thu, 09 Oct 2025 19:20:31 GMT", "Connection": "keep-alive", "Keep-Alive": "timeout=5"}
2025-10-09 15:20:31,864 - TaskRunner - ERROR -    📥 Full Response: {"status":"error","message":"Too far from resource","distance":26,"maxDistance":2}
2025-10-09 15:20:32,868 - TaskRunner - ERROR - ❌ [HTTP ERROR] POST /ai/collect - Attempt 3/3
2025-10-09 15:20:32,869 - TaskRunner - ERROR -    📍 URL: http://localhost:7031/ai/collect
2025-10-09 15:20:32,869 - TaskRunner - ERROR -    📊 Status Code: 400
2025-10-09 15:20:32,869 - TaskRunner - ERROR -    💬 Error Message: Too far from resource
2025-10-09 15:20:32,869 - TaskRunner - ERROR -    📤 Request Data: {"token": "f0480616cfcee822be881f7bf7aa3211", "targetInstance": "694441890"}
2025-10-09 15:20:32,869 - TaskRunner - ERROR -    📤 Request Params: None
2025-10-09 15:20:32,869 - TaskRunner - ERROR -    📥 Response Headers: {"X-Powered-By": "Express", "Content-Type": "application/json; charset=utf-8", "Content-Length": "82", "ETag": "W/\"52-VThhttsMgptoU5RAeK3CKRHbpdk\"", "Date": "Thu, 09 Oct 2025 19:20:32 GMT", "Connection": "keep-alive", "Keep-Alive": "timeout=5"}
2025-10-09 15:20:32,869 - TaskRunner - ERROR -    📥 Full Response: {"status":"error","message":"Too far from resource","distance":26,"maxDistance":2}
2025-10-09 15:20:32,870 - TaskRunner - ERROR - ❌ [HTTP ERROR] POST /ai/collect - Attempt 3/3
2025-10-09 15:20:32,870 - TaskRunner - ERROR -    📍 URL: http://localhost:7031/ai/collect
2025-10-09 15:20:32,870 - TaskRunner - ERROR -    📊 Status Code: 400
2025-10-09 15:20:32,870 - TaskRunner - ERROR -    💬 Error Message: Too far from resource
2025-10-09 15:20:32,870 - TaskRunner - ERROR -    📤 Request Data: {"token": "f0480616cfcee822be881f7bf7aa3211", "targetInstance": "694441890"}
2025-10-09 15:20:32,870 - TaskRunner - ERROR -    📤 Request Params: None
2025-10-09 15:20:32,870 - TaskRunner - ERROR -    📥 Response Headers: {"X-Powered-By": "Express", "Content-Type": "application/json; charset=utf-8", "Content-Length": "82", "ETag": "W/\"52-VThhttsMgptoU5RAeK3CKRHbpdk\"", "Date": "Thu, 09 Oct 2025 19:20:32 GMT", "Connection": "keep-alive", "Keep-Alive": "timeout=5"}
2025-10-09 15:20:32,870 - TaskRunner - ERROR -    📥 Full Response: {"status":"error","message":"Too far from resource","distance":26,"maxDistance":2}
2025-10-09 15:20:32,870 - TaskRunner - ERROR - ❌ FINAL HTTP ERROR: HTTP 400 error after 3 attempts: 400 Client Error: Bad Request for url: http://localhost:7031/ai/collect
2025-10-09 15:20:32,871 - TaskRunner - ERROR - ❌ HARVEST ERROR: Moved closer to Nisoc Rock at (279, 32) from position (278, 33). Failed to start mining Nisoc Rock: API returned status 'error' with message: HTTP 400 error after 3 attempts: 400 Client Error: Bad Request for url: http://localhost:7031/ai/collect
2025-10-09 15:20:32,898 - TaskRunner - INFO -     🔧 Tool called: harvest_resource(targetInstance=694441890)
2025-10-09 15:20:32,925 - TaskRunner - INFO -     📊 State: active | Actions: 9 | Chats: 3
2025-10-09 15:20:32,925 - TaskRunner - INFO -     📊 Lv.91 | XP:57057 | ❤️937/939 | 💙68/68 | 📍(294,43)
2025-10-09 15:20:32,925 - TaskRunner - INFO -     🔧 Tool call: harvest_resource(targetInstance=694441890)
2025-10-09 15:20:32,925 - TaskRunner - INFO -     ✅ Result: Moved closer to Nisoc Rock at (279, 32) from position (278, 33). Failed to start mining Nisoc Rock: API returned status 'error' with message: HTTP 400 error after 3 attempts: 400 Client Error: Bad Request for url: http://localhost:7031/ai/collect
2025-10-09 15:20:32,925 - TaskRunner - INFO -     💭 Content: harvest_resource(targetInstance=694441890)  Moved closer to Nisoc Rock at (279, 32) from position...
2025-10-09 15:20:32,926 - TaskRunner - INFO - 📊 agent_1 observation recorded (round 15)
2025-10-09 15:20:32,926 - TaskRunner - INFO -   🤖 agent_2 executing tool call...
2025-10-09 15:20:38,286 - TaskRunner - INFO -     🔧 Tool called: move_character(x=290, y=155)
2025-10-09 15:20:38,316 - TaskRunner - INFO -     📊 State: active | Actions: 8 | Chats: 4
2025-10-09 15:20:38,316 - TaskRunner - INFO -     📊 Lv.81 | XP:42291 | ❤️939/939 | 💙68/68 | 📍(290,155)
2025-10-09 15:20:38,316 - TaskRunner - INFO -     🔧 Tool call: move_character(x=290, y=155)
2025-10-09 15:20:38,316 - TaskRunner - INFO -     ✅ Result: Character moved from (294, 43) to (290, 155) (distance: 116 tiles)
2025-10-09 15:20:38,317 - TaskRunner - INFO -     💭 Content: move_character(x=290, y=155)  Character moved from (294, 43) to (290, 155) (distance: 116 tiles)
2025-10-09 15:20:38,317 - TaskRunner - INFO - 📊 agent_2 observation recorded (round 15)
2025-10-09 15:20:38,317 - TaskRunner - INFO -   🤖 agent_3 executing tool call...
2025-10-09 15:20:43,957 - TaskRunner - INFO -     🔧 Tool called: chat(message=Still waiting for additional c...)
2025-10-09 15:20:43,957 - TaskRunner - INFO - 💬 agent_3: Still waiting for additional coal to continue smelting operations. I have 3x ironore ready and can produce more iron bars as soon as we receive coal. Please send coal when available.
2025-10-09 15:20:43,989 - TaskRunner - INFO -     📊 State: active | Actions: 7 | Chats: 3
2025-10-09 15:20:43,989 - TaskRunner - INFO -     📊 Lv.65 | XP:48862 | ❤️387/939 | 💙68/68 | 📍(249,46)
2025-10-09 15:20:43,989 - TaskRunner - INFO -     🔧 Tool call: chat(message=Still waiting for additional c...)
2025-10-09 15:20:43,989 - TaskRunner - INFO -     ✅ Result: Global chat message sent: Still waiting for additional coal to continue smelting operations. I have 3x ironore ready and can produce more iron bars as soon as we receive coal. Please send coal when available.
2025-10-09 15:20:43,989 - TaskRunner - INFO -     💭 Content: chat(message=Still waiting for additional c...)  Global chat message sent: Still waiting for addit...
2025-10-09 15:20:43,990 - TaskRunner - INFO - 📊 agent_3 observation recorded (round 15)
2025-10-09 15:20:43,990 - TaskRunner - INFO -   🤖 agent_4 executing tool call...
2025-10-09 15:20:53,130 - TaskRunner - INFO -     🔧 Tool called: attack_entity(targetInstance=3598821682)
2025-10-09 15:20:53,167 - TaskRunner - INFO -     📊 State: active | Actions: 6 | Chats: 4
2025-10-09 15:20:53,167 - TaskRunner - INFO -     📊 Lv.58 | XP:37512 | ❤️0/939 | 💙68/68 | 📍(237,44) ⚔️
2025-10-09 15:20:53,167 - TaskRunner - INFO -     🔧 Tool call: attack_entity(targetInstance=3598821682)
2025-10-09 15:20:53,167 - TaskRunner - INFO -     ✅ Result: Moved from (237, 44) to (249, 24) to attack Spectre. Attack initiated successfully on Spectre: Attack initiated successfully After combat, moved to (249, 23) to collect any dropped items.
2025-10-09 15:20:53,167 - TaskRunner - INFO -     💭 Content: attack_entity(targetInstance=3598821682)  Moved from (237, 44) to (249, 24) to attack Spectre. Att...
2025-10-09 15:20:53,168 - TaskRunner - INFO - 📊 agent_4 observation recorded (round 15)
2025-10-09 15:20:53,168 - TaskRunner - INFO -   🤖 agent_5 executing tool call...
2025-10-09 15:21:29,856 - TaskRunner - INFO -     🔧 Tool called: harvest_resource(targetInstance=638732248)
2025-10-09 15:21:29,875 - TaskRunner - INFO -     📊 State: active | Actions: 9 | Chats: 1
2025-10-09 15:21:29,875 - TaskRunner - INFO -     📊 Lv.81 | XP:44740 | ❤️333/939 | 💙68/68 | 📍(257,66)
2025-10-09 15:21:29,876 - TaskRunner - INFO -     🔧 Tool call: harvest_resource(targetInstance=638732248)
2025-10-09 15:21:29,876 - TaskRunner - INFO -     ✅ Result: Already near Oak2 Tree. ⏳ HARVEST IN PROGRESS: Chopping Oak2 Tree at (257, 66)
2025-10-09 15:21:29,876 - TaskRunner - INFO -     💭 Content: harvest_resource(targetInstance=638732248)  Already near Oak2 Tree. ⏳ HARVEST IN PROGRESS: Choppin...
2025-10-09 15:21:29,876 - TaskRunner - INFO - 📊 agent_5 observation recorded (round 15)
2025-10-09 15:21:29,876 - TaskRunner - INFO - 📊 Round 15 Summary: Active=5, Completed=0, Failed=0
2025-10-09 15:21:29,876 - TaskRunner - INFO - ================================================================================
2025-10-09 15:21:29,876 - TaskRunner - INFO - 🔄 ROUND 16
2025-10-09 15:21:29,876 - TaskRunner - INFO - ================================================================================
2025-10-09 15:21:29,876 - TaskRunner - INFO -   🤖 agent_1 executing tool call...
2025-10-09 15:21:35,443 - TaskRunner - INFO -     🔧 Tool called: move_character(x=302, y=5)
2025-10-09 15:21:35,468 - TaskRunner - INFO -     📊 State: active | Actions: 10 | Chats: 3
2025-10-09 15:21:35,468 - TaskRunner - INFO -     📊 Lv.91 | XP:57057 | ❤️939/939 | 💙68/68 | 📍(235,42)
2025-10-09 15:21:35,468 - TaskRunner - INFO -     🔧 Tool call: move_character(x=302, y=5)
2025-10-09 15:21:35,468 - TaskRunner - INFO -     ✅ Result: Character moved from (294, 43) to (302, 5) (distance: 46 tiles)
2025-10-09 15:21:35,468 - TaskRunner - INFO -     💭 Content: move_character(x=302, y=5)  Character moved from (294, 43) to (302, 5) (distance: 46 tiles)
2025-10-09 15:21:35,469 - TaskRunner - INFO - 📊 agent_1 observation recorded (round 16)
2025-10-09 15:21:35,469 - TaskRunner - INFO -   🤖 agent_2 executing tool call...
2025-10-09 15:21:41,882 - TaskRunner - INFO -     🔧 Tool called: chat(message=I'm back at (290, 155)
2025-10-09 15:21:41,882 - TaskRunner - INFO - 💬 agent_2: I'm back at (290, 155) and ready to search for coal deposits. Team, I'll focus on gathering coal while others locate Iron Rocks. Mastersmeltergamma, please let me know when you need more coal for smelting operations.
2025-10-09 15:21:41,912 - TaskRunner - INFO -     📊 State: active | Actions: 8 | Chats: 5
2025-10-09 15:21:41,912 - TaskRunner - INFO -     📊 Lv.81 | XP:42291 | ❤️939/939 | 💙68/68 | 📍(290,155)
2025-10-09 15:21:41,913 - TaskRunner - INFO -     🔧 Tool call: chat(message=I'm back at (290, 155) and rea...)
2025-10-09 15:21:41,913 - TaskRunner - INFO -     ✅ Result: Global chat message sent: I'm back at (290, 155) and ready to search for coal deposits. Team, I'll focus on gathering coal while others locate Iron Rocks. Mastersmeltergamma, please let me know when you need more coal for smelting operations.
2025-10-09 15:21:41,913 - TaskRunner - INFO -     💭 Content: chat(message=I'm back at (290, 155) and rea...)  Global chat message sent: I'm back at (290, 155)...
2025-10-09 15:21:41,914 - TaskRunner - INFO - 📊 agent_2 observation recorded (round 16)
2025-10-09 15:21:41,914 - TaskRunner - INFO -   🤖 agent_3 executing tool call...
2025-10-09 15:21:47,259 - TaskRunner - INFO -     🔧 Tool called: move_character(x=258, y=66)
2025-10-09 15:21:47,285 - TaskRunner - INFO -     📊 State: active | Actions: 8 | Chats: 3
2025-10-09 15:21:47,285 - TaskRunner - INFO -     📊 Lv.65 | XP:48902 | ❤️432/939 | 💙68/68 | 📍(258,66)
2025-10-09 15:21:47,285 - TaskRunner - INFO -     🔧 Tool call: move_character(x=258, y=66)
2025-10-09 15:21:47,285 - TaskRunner - INFO -     ✅ Result: Character moved from (249, 46) to (258, 66) (distance: 29 tiles)
2025-10-09 15:21:47,285 - TaskRunner - INFO -     💭 Content: move_character(x=258, y=66)  Character moved from (249, 46) to (258, 66) (distance: 29 tiles)
2025-10-09 15:21:47,286 - TaskRunner - INFO - 📊 agent_3 observation recorded (round 16)
2025-10-09 15:21:47,286 - TaskRunner - INFO -   🤖 agent_4 executing tool call...
2025-10-09 15:21:53,703 - TaskRunner - INFO -     💭 No tool call (thinking/planning)
2025-10-09 15:21:53,734 - TaskRunner - INFO -     📊 State: active | Actions: 6 | Chats: 4
2025-10-09 15:21:53,734 - TaskRunner - INFO -     📊 Lv.58 | XP:37557 | ❤️0/939 | 💙68/68 | 📍(237,44) ⚔️
2025-10-09 15:21:53,734 - TaskRunner - INFO -     🔧 Tool call: verify_inventory(required_items=['ironbar'])
2025-10-09 15:21:53,734 - TaskRunner - INFO -     ✅ Result: 📋 INVENTORY VERIFICATION:
2025-10-09 15:21:53,734 - TaskRunner - INFO -     💭 Content: verify_inventory(required_items=['ironbar'])  📋 INVENTORY VERIFICATION: 🎒 Complete Inventory: flas...
2025-10-09 15:21:53,735 - TaskRunner - INFO - 📊 agent_4 observation recorded (round 16)
2025-10-09 15:21:53,735 - TaskRunner - INFO -   🤖 agent_5 executing tool call...
2025-10-09 15:21:58,824 - TaskRunner - INFO -     💭 No tool call (thinking/planning)
2025-10-09 15:21:58,845 - TaskRunner - INFO -     📊 State: active | Actions: 9 | Chats: 1
2025-10-09 15:21:58,845 - TaskRunner - INFO -     📊 Lv.81 | XP:44755 | ❤️353/939 | 💙68/68 | 📍(257,66)
2025-10-09 15:21:58,845 - TaskRunner - INFO -     🔧 Tool call: verify_inventory(required_items=['logs'])
2025-10-09 15:21:58,845 - TaskRunner - INFO -     ✅ Result: 📋 INVENTORY VERIFICATION:
2025-10-09 15:21:58,845 - TaskRunner - INFO -     💭 Content: verify_inventory(required_items=['logs'])  📋 INVENTORY VERIFICATION: 🎒 Complete Inventory: flask (...
2025-10-09 15:21:58,845 - TaskRunner - INFO - 📊 agent_5 observation recorded (round 16)
2025-10-09 15:21:58,845 - TaskRunner - INFO - 📊 Round 16 Summary: Active=5, Completed=0, Failed=0
2025-10-09 15:21:58,845 - TaskRunner - INFO - ================================================================================
2025-10-09 15:21:58,845 - TaskRunner - INFO - 🔄 ROUND 17
2025-10-09 15:21:58,845 - TaskRunner - INFO - ================================================================================
2025-10-09 15:21:58,845 - TaskRunner - INFO -   🤖 agent_1 executing tool call...
2025-10-09 15:22:03,817 - TaskRunner - INFO -     🔧 Tool called: move_character(x=300, y=5)
2025-10-09 15:22:03,833 - TaskRunner - INFO -     📊 State: active | Actions: 11 | Chats: 3
2025-10-09 15:22:03,833 - TaskRunner - INFO -     📊 Lv.91 | XP:57057 | ❤️939/939 | 💙68/68 | 📍(300,5)
2025-10-09 15:22:03,833 - TaskRunner - INFO -     🔧 Tool call: move_character(x=300, y=5)
2025-10-09 15:22:03,833 - TaskRunner - INFO -     ✅ Result: Character moved from (235, 42) to (300, 5) (distance: 102 tiles)
2025-10-09 15:22:03,833 - TaskRunner - INFO -     💭 Content: move_character(x=300, y=5)  Character moved from (235, 42) to (300, 5) (distance: 102 tiles)
2025-10-09 15:22:03,833 - TaskRunner - INFO - 📊 agent_1 observation recorded (round 17)
2025-10-09 15:22:03,833 - TaskRunner - INFO -   🤖 agent_2 executing tool call...
2025-10-09 15:22:09,205 - TaskRunner - INFO -     💭 No tool call (thinking/planning)
2025-10-09 15:22:09,226 - TaskRunner - INFO -     📊 State: active | Actions: 8 | Chats: 5
2025-10-09 15:22:09,226 - TaskRunner - INFO -     📊 Lv.81 | XP:42291 | ❤️939/939 | 💙68/68 | 📍(290,155)
2025-10-09 15:22:09,227 - TaskRunner - INFO -     🔧 Tool call: environment()
2025-10-09 15:22:09,227 - TaskRunner - INFO -     ✅ Result: Unknown tool: environment
2025-10-09 15:22:09,227 - TaskRunner - INFO -     💭 Content: environment()  Unknown tool: environment
2025-10-09 15:22:09,228 - TaskRunner - INFO - 📊 agent_2 observation recorded (round 17)
2025-10-09 15:22:09,228 - TaskRunner - INFO -   🤖 agent_3 executing tool call...
2025-10-09 15:22:14,473 - TaskRunner - INFO -     💭 No tool call (thinking/planning)
2025-10-09 15:22:14,501 - TaskRunner - INFO -     📊 State: active | Actions: 8 | Chats: 3
2025-10-09 15:22:14,501 - TaskRunner - INFO -     📊 Lv.65 | XP:48902 | ❤️452/939 | 💙68/68 | 📍(258,66)
2025-10-09 15:22:14,501 - TaskRunner - INFO -     🔧 Tool call: check_inventory_status()
2025-10-09 15:22:14,501 - TaskRunner - INFO -     ✅ Result: 🎒 CURRENT INVENTORY: flask (15x), apple (20x), ironbar (1x), ironore (3x)
2025-10-09 15:22:14,501 - TaskRunner - INFO -     💭 Content: check_inventory_status()  🎒 CURRENT INVENTORY: flask (15x), apple (20x), ironbar (1x), ironore (3x...
2025-10-09 15:22:14,501 - TaskRunner - INFO - 📊 agent_3 observation recorded (round 17)
2025-10-09 15:22:14,501 - TaskRunner - INFO -   🤖 agent_4 executing tool call...
2025-10-09 15:22:20,126 - TaskRunner - INFO -     🔧 Tool called: chat(message=Mastersmeltergamma, I'm still ...)
2025-10-09 15:22:20,126 - TaskRunner - INFO - 💬 agent_4: Mastersmeltergamma, I'm still waiting for iron bars to complete our crafting. Please confirm when you have them ready for transfer. I'm ready to craft the pickaxe, axe, and sword2 as soon as I receive the iron bars. Team, let's keep coordinating to finish this grand mining expedition.
2025-10-09 15:22:20,163 - TaskRunner - INFO -     📊 State: active | Actions: 6 | Chats: 5
2025-10-09 15:22:20,163 - TaskRunner - INFO -     📊 Lv.58 | XP:37577 | ❤️0/939 | 💙68/68 | 📍(237,44) ⚔️
2025-10-09 15:22:20,163 - TaskRunner - INFO -     🔧 Tool call: chat(message=Mastersmeltergamma, I'm still ...)
2025-10-09 15:22:20,163 - TaskRunner - INFO -     ✅ Result: Global chat message sent: Mastersmeltergamma, I'm still waiting for iron bars to complete our crafting. Please confirm when you have them ready for transfer. I'm ready to craft the pickaxe, axe, and sword2 as soon as I receive the iron bars. Team, let's keep coordinating to finish this grand mining expedition.
2025-10-09 15:22:20,164 - TaskRunner - INFO -     💭 Content: chat(message=Mastersmeltergamma, I'm still ...)  Global chat message sent: Mastersmeltergamma, I'm...
2025-10-09 15:22:20,164 - TaskRunner - INFO - 📊 agent_4 observation recorded (round 17)
2025-10-09 15:22:20,164 - TaskRunner - INFO -   🤖 agent_5 executing tool call...
2025-10-09 15:22:30,414 - TaskRunner - INFO -     🔧 Tool called: chat(message=Team, I've attempted to harves...)
2025-10-09 15:22:30,414 - TaskRunner - INFO - 💬 agent_5: Team, I've attempted to harvest multiple Oak2 Trees but haven't successfully obtained any logs. I'm not sure why the harvesting isn't yielding resources. Could someone confirm if they're having success with tree harvesting? I'll continue trying different trees in the area.
2025-10-09 15:22:30,446 - TaskRunner - INFO -     📊 State: active | Actions: 9 | Chats: 2
2025-10-09 15:22:30,446 - TaskRunner - INFO -     📊 Lv.81 | XP:44785 | ❤️373/939 | 💙68/68 | 📍(257,66)
2025-10-09 15:22:30,446 - TaskRunner - INFO -     🔧 Tool call: chat(message=Team, I've attempted to harves...)
2025-10-09 15:22:30,446 - TaskRunner - INFO -     ✅ Result: Global chat message sent: Team, I've attempted to harvest multiple Oak2 Trees but haven't successfully obtained any logs. I'm not sure why the harvesting isn't yielding resources. Could someone confirm if they're having success with tree harvesting? I'll continue trying different trees in the area.
2025-10-09 15:22:30,446 - TaskRunner - INFO -     💭 Content: chat(message=Team, I've attempted to harves...)  Global chat message sent: Team, I've attempted to...
2025-10-09 15:22:30,447 - TaskRunner - INFO - 📊 agent_5 observation recorded (round 17)
2025-10-09 15:22:30,447 - TaskRunner - INFO - 📊 Round 17 Summary: Active=5, Completed=0, Failed=0
2025-10-09 15:22:30,447 - TaskRunner - INFO - ================================================================================
2025-10-09 15:22:30,447 - TaskRunner - INFO - 🔄 ROUND 18
2025-10-09 15:22:30,447 - TaskRunner - INFO - ================================================================================
2025-10-09 15:22:30,447 - TaskRunner - INFO -   🤖 agent_1 executing tool call...
2025-10-09 15:23:06,486 - TaskRunner - INFO -     🔧 Tool called: harvest_resource(targetInstance=64919860)
2025-10-09 15:23:06,505 - TaskRunner - INFO -     📊 State: active | Actions: 12 | Chats: 3
2025-10-09 15:23:06,505 - TaskRunner - INFO -     📊 Lv.91 | XP:57057 | ❤️939/939 | 💙68/68 | 📍(300,5)
2025-10-09 15:23:06,505 - TaskRunner - INFO -     🔧 Tool call: harvest_resource(targetInstance=64919860)
2025-10-09 15:23:06,505 - TaskRunner - INFO -     ✅ Result: Already near Pythar Rock. ⏳ HARVEST IN PROGRESS: Mining Pythar Rock at (302, 5)
2025-10-09 15:23:06,506 - TaskRunner - INFO -     💭 Content: harvest_resource(targetInstance=64919860)  Already near Pythar Rock. ⏳ HARVEST IN PROGRESS: Mining...
2025-10-09 15:23:06,506 - TaskRunner - INFO - 📊 agent_1 observation recorded (round 18)
2025-10-09 15:23:06,506 - TaskRunner - INFO -   🤖 agent_2 executing tool call...
2025-10-09 15:23:12,751 - TaskRunner - INFO -     💭 No tool call (thinking/planning)
2025-10-09 15:23:12,782 - TaskRunner - INFO -     📊 State: active | Actions: 8 | Chats: 5
2025-10-09 15:23:12,782 - TaskRunner - INFO -     📊 Lv.81 | XP:42311 | ❤️939/939 | 💙68/68 | 📍(290,155)
2025-10-09 15:23:12,782 - TaskRunner - INFO -     🔧 Tool call: check_inventory_status()
2025-10-09 15:23:12,783 - TaskRunner - INFO -     ✅ Result: 🎒 CURRENT INVENTORY: flask (15x), apple (20x)
2025-10-09 15:23:12,783 - TaskRunner - INFO -     💭 Content: check_inventory_status()  🎒 CURRENT INVENTORY: flask (15x), apple (20x)
2025-10-09 15:23:12,783 - TaskRunner - INFO - 📊 agent_2 observation recorded (round 18)
2025-10-09 15:23:12,783 - TaskRunner - INFO -   🤖 agent_3 executing tool call...
2025-10-09 15:23:19,027 - TaskRunner - INFO -     🔧 Tool called: chat(message=I'm now at coordinates (258, 6...)
2025-10-09 15:23:19,027 - TaskRunner - INFO - 💬 agent_3: I'm now at coordinates (258, 66) with LogisticsCoordinatorEpsilon. I have 1 iron bar and 3 iron ore available. Still waiting for coal to continue smelting operations. Team, please coordinate resource delivery to this location.
2025-10-09 15:23:19,057 - TaskRunner - INFO -     📊 State: active | Actions: 8 | Chats: 4
2025-10-09 15:23:19,057 - TaskRunner - INFO -     📊 Lv.65 | XP:48902 | ❤️497/939 | 💙68/68 | 📍(258,66)
2025-10-09 15:23:19,057 - TaskRunner - INFO -     🔧 Tool call: chat(message=I'm now at coordinates (258, 6...)
2025-10-09 15:23:19,057 - TaskRunner - INFO -     ✅ Result: Global chat message sent: I'm now at coordinates (258, 66) with LogisticsCoordinatorEpsilon. I have 1 iron bar and 3 iron ore available. Still waiting for coal to continue smelting operations. Team, please coordinate resource delivery to this location.
2025-10-09 15:23:19,057 - TaskRunner - INFO -     💭 Content: chat(message=I'm now at coordinates (258, 6...)  Global chat message sent: I'm now at coordinates...
2025-10-09 15:23:19,058 - TaskRunner - INFO - 📊 agent_3 observation recorded (round 18)
2025-10-09 15:23:19,058 - TaskRunner - INFO -   🤖 agent_4 executing tool call...
2025-10-09 15:23:24,138 - TaskRunner - INFO -     🔧 Tool called: move_character(x=258, y=66)
2025-10-09 15:23:24,168 - TaskRunner - INFO -     📊 State: active | Actions: 7 | Chats: 5
2025-10-09 15:23:24,169 - TaskRunner - INFO -     📊 Lv.58 | XP:37657 | ❤️0/939 | 💙68/68 | 📍(237,44) ⚔️
2025-10-09 15:23:24,169 - TaskRunner - INFO -     🔧 Tool call: move_character(x=258, y=66)
2025-10-09 15:23:24,169 - TaskRunner - INFO -     ✅ Result: Character moved from (237, 44) to (258, 66) (distance: 43 tiles)
2025-10-09 15:23:24,169 - TaskRunner - INFO -     💭 Content: move_character(x=258, y=66)  Character moved from (237, 44) to (258, 66) (distance: 43 tiles)
2025-10-09 15:23:24,170 - TaskRunner - INFO - 📊 agent_4 observation recorded (round 18)
2025-10-09 15:23:24,170 - TaskRunner - INFO -   🤖 agent_5 executing tool call...
2025-10-09 15:23:28,938 - TaskRunner - INFO -     🔧 Tool called: move_character(x=274, y=82)
2025-10-09 15:23:28,958 - TaskRunner - INFO -     📊 State: active | Actions: 10 | Chats: 2
2025-10-09 15:23:28,958 - TaskRunner - INFO -     📊 Lv.81 | XP:44830 | ❤️418/939 | 💙68/68 | 📍(274,82)
2025-10-09 15:23:28,959 - TaskRunner - INFO -     🔧 Tool call: move_character(x=274, y=82)
2025-10-09 15:23:28,959 - TaskRunner - INFO -     ✅ Result: Character moved from (257, 66) to (274, 82) (distance: 33 tiles)
2025-10-09 15:23:28,959 - TaskRunner - INFO -     💭 Content: move_character(x=274, y=82)  Character moved from (257, 66) to (274, 82) (distance: 33 tiles)
2025-10-09 15:23:28,959 - TaskRunner - INFO - 📊 agent_5 observation recorded (round 18)
2025-10-09 15:23:28,959 - TaskRunner - INFO - 📊 Round 18 Summary: Active=5, Completed=0, Failed=0
2025-10-09 15:23:28,959 - TaskRunner - INFO - ================================================================================
2025-10-09 15:23:28,959 - TaskRunner - INFO - 🔄 ROUND 19
2025-10-09 15:23:28,959 - TaskRunner - INFO - ================================================================================
2025-10-09 15:23:28,959 - TaskRunner - INFO -   🤖 agent_1 executing tool call...
2025-10-09 15:23:34,170 - TaskRunner - INFO -     💭 No tool call (thinking/planning)
2025-10-09 15:23:34,190 - TaskRunner - INFO -     📊 State: active | Actions: 12 | Chats: 3
2025-10-09 15:23:34,190 - TaskRunner - INFO -     📊 Lv.91 | XP:57057 | ❤️939/939 | 💙68/68 | 📍(300,5)
2025-10-09 15:23:34,190 - TaskRunner - INFO -     🔧 Tool call: verify_inventory(required_items=['ironore'])
2025-10-09 15:23:34,190 - TaskRunner - INFO -     ✅ Result: 📋 INVENTORY VERIFICATION:
2025-10-09 15:23:34,190 - TaskRunner - INFO -     💭 Content: verify_inventory(required_items=['ironore'])  📋 INVENTORY VERIFICATION: 🎒 Complete Inventory: flas...
2025-10-09 15:23:34,191 - TaskRunner - INFO - 📊 agent_1 observation recorded (round 19)
2025-10-09 15:23:34,191 - TaskRunner - INFO -   🤖 agent_2 executing tool call...
2025-10-09 15:23:40,176 - TaskRunner - ERROR - ❌ [RESOURCE ERROR] Resource with instance 63851407 not found!
2025-10-09 15:23:40,176 - TaskRunner - ERROR -    - Available resources in environment:
2025-10-09 15:23:40,177 - TaskRunner - ERROR -      [0] Instance: 63633552, Name: Pine Tree, Position: (346, 156)
2025-10-09 15:23:40,177 - TaskRunner - ERROR -      [1] Instance: 64938535, Name: Willow Tree, Position: (250, 151)
2025-10-09 15:23:40,177 - TaskRunner - ERROR -      [2] Instance: 610876572, Name: Willow Tree, Position: (259, 164)
2025-10-09 15:23:40,177 - TaskRunner - ERROR -      [3] Instance: 618378503, Name: Snowoak Tree, Position: (329, 140)
2025-10-09 15:23:40,177 - TaskRunner - ERROR -      [4] Instance: 618769472, Name: Willow Tree, Position: (253, 130)
2025-10-09 15:23:40,177 - TaskRunner - ERROR -      [5] Instance: 619842532, Name: Willow Tree, Position: (237, 150)
2025-10-09 15:23:40,177 - TaskRunner - ERROR -      [6] Instance: 623431533, Name: Snowoak Tree, Position: (336, 150)
2025-10-09 15:23:40,177 - TaskRunner - ERROR -      [7] Instance: 639619551, Name: Pine Tree, Position: (327, 156)
2025-10-09 15:23:40,178 - TaskRunner - ERROR -      [8] Instance: 669452590, Name: Pine Tree, Position: (330, 172)
2025-10-09 15:23:40,178 - TaskRunner - ERROR -      [9] Instance: 679661578, Name: Pine Tree, Position: (336, 168)
2025-10-09 15:23:40,178 - TaskRunner - ERROR -      [10] Instance: 682265542, Name: Snowoak Tree, Position: (353, 154)
2025-10-09 15:23:40,178 - TaskRunner - ERROR -      [11] Instance: 685508508, Name: Willow Tree, Position: (247, 141)
2025-10-09 15:23:40,178 - TaskRunner - ERROR -      [12] Instance: 689786617, Name: Snowoak Tree, Position: (323, 183)
2025-10-09 15:23:40,178 - TaskRunner - ERROR -      [13] Instance: 695593611, Name: Willow Tree, Position: (261, 181)
2025-10-09 15:23:40,178 - TaskRunner - ERROR -      [14] Instance: 623631261, Name: Fishing Spot, Position: (260, 188)
2025-10-09 15:23:40,178 - TaskRunner - ERROR -      [15] Instance: 621441487, Name: Bluelily Plant, Position: (253, 159)
2025-10-09 15:23:40,178 - TaskRunner - ERROR -      [16] Instance: 640811525, Name: Bluelily Plant, Position: (293, 199)
2025-10-09 15:23:40,178 - TaskRunner - ERROR -      [17] Instance: 641681503, Name: Bluelily Plant, Position: (267, 169)
2025-10-09 15:23:40,179 - TaskRunner - ERROR -      [18] Instance: 670241488, Name: Tomato Plant, Position: (232, 160)
2025-10-09 15:23:40,179 - TaskRunner - ERROR -      [19] Instance: 681511509, Name: Bluelily Plant, Position: (285, 176)
2025-10-09 15:23:40,179 - TaskRunner - ERROR -      [20] Instance: 694551447, Name: Bluelily Plant, Position: (306, 118)
2025-10-09 15:23:40,179 - TaskRunner - ERROR -      [21] Instance: 6840601446, Name: Bluelily Plant, Position: (296, 118)
2025-10-09 15:23:40,179 - TaskRunner - ERROR -      [22] Instance: 6217841448, Name: Bluelily Plant, Position: (312, 118)
2025-10-09 15:23:40,179 - TaskRunner - ERROR -      [23] Instance: 6748001453, Name: Bluelily Plant, Position: (278, 120)
2025-10-09 15:23:40,179 - TaskRunner - ERROR -      [24] Instance: 6323941455, Name: Bluelily Plant, Position: (290, 123)
2025-10-09 15:23:40,179 - TaskRunner - ERROR -      [25] Instance: 6523301457, Name: Bluelily Plant, Position: (284, 125)
2025-10-09 15:23:40,179 - TaskRunner - ERROR -      [26] Instance: 6306631458, Name: Bluelily Plant, Position: (303, 126)
2025-10-09 15:23:40,180 - TaskRunner - ERROR -      [27] Instance: 6183331459, Name: Bluelily Plant, Position: (265, 127)
2025-10-09 15:23:40,180 - TaskRunner - ERROR -      [28] Instance: 6696531461, Name: Bluelily Plant, Position: (313, 128)
2025-10-09 15:23:40,180 - TaskRunner - ERROR -      [29] Instance: 6770571462, Name: Bluelily Plant, Position: (272, 129)
2025-10-09 15:23:40,180 - TaskRunner - ERROR -      [30] Instance: 6771161463, Name: Bluelily Plant, Position: (308, 129)
2025-10-09 15:23:40,180 - TaskRunner - ERROR -      [31] Instance: 6754461466, Name: Tomato Plant, Position: (264, 133)
2025-10-09 15:23:40,180 - TaskRunner - ERROR -      [32] Instance: 6434541467, Name: Bluelily Plant, Position: (288, 135)
2025-10-09 15:23:40,180 - TaskRunner - ERROR -      [33] Instance: 6661531468, Name: Bluelily Plant, Position: (314, 136)
2025-10-09 15:23:40,180 - TaskRunner - ERROR -      [34] Instance: 6608771469, Name: Bluelily Plant, Position: (282, 139)
2025-10-09 15:23:40,180 - TaskRunner - ERROR -      [35] Instance: 6446551470, Name: Bluelily Plant, Position: (302, 141)
2025-10-09 15:23:40,180 - TaskRunner - ERROR -      [36] Instance: 6574701471, Name: Tomato Plant, Position: (265, 142)
2025-10-09 15:23:40,181 - TaskRunner - ERROR -      [37] Instance: 6150051473, Name: Bluelily Plant, Position: (255, 144)
2025-10-09 15:23:40,181 - TaskRunner - ERROR -      [38] Instance: 6253771474, Name: Bluelily Plant, Position: (266, 145)
2025-10-09 15:23:40,181 - TaskRunner - ERROR -      [39] Instance: 6686971475, Name: Bluelily Plant, Position: (287, 147)
2025-10-09 15:23:40,181 - TaskRunner - ERROR -      [40] Instance: 6611541477, Name: Bluelily Plant, Position: (273, 149)
2025-10-09 15:23:40,181 - TaskRunner - ERROR -      [41] Instance: 6660241479, Name: Bluelily Plant, Position: (289, 150)
2025-10-09 15:23:40,181 - TaskRunner - ERROR -      [42] Instance: 6340751481, Name: Bluelily Plant, Position: (243, 153)
2025-10-09 15:23:40,181 - TaskRunner - ERROR -      [43] Instance: 6912671482, Name: Bluelily Plant, Position: (281, 153)
2025-10-09 15:23:40,181 - TaskRunner - ERROR -      [44] Instance: 6804901484, Name: Bluelily Plant, Position: (310, 155)
2025-10-09 15:23:40,181 - TaskRunner - ERROR -      [45] Instance: 6557671486, Name: Tomato Plant, Position: (242, 159)
2025-10-09 15:23:40,181 - TaskRunner - ERROR -      [46] Instance: 6617971489, Name: Tomato Plant, Position: (265, 160)
2025-10-09 15:23:40,182 - TaskRunner - ERROR -      [47] Instance: 6802381491, Name: Bluelily Plant, Position: (303, 161)
2025-10-09 15:23:40,182 - TaskRunner - ERROR -      [48] Instance: 6756401493, Name: Bluelily Plant, Position: (239, 162)
2025-10-09 15:23:40,182 - TaskRunner - ERROR -      [49] Instance: 6206631494, Name: Bluelily Plant, Position: (280, 162)
2025-10-09 15:23:40,182 - TaskRunner - ERROR -      [50] Instance: 6292221495, Name: Bluelily Plant, Position: (290, 163)
2025-10-09 15:23:40,182 - TaskRunner - ERROR -      [51] Instance: 6972581498, Name: Bluelily Plant, Position: (246, 168)
2025-10-09 15:23:40,182 - TaskRunner - ERROR -      [52] Instance: 6249681499, Name: Bluelily Plant, Position: (315, 168)
2025-10-09 15:23:40,182 - TaskRunner - ERROR -      [53] Instance: 6530821502, Name: Tomato Plant, Position: (250, 169)
2025-10-09 15:23:40,182 - TaskRunner - ERROR -      [54] Instance: 6147211504, Name: Bluelily Plant, Position: (277, 169)
2025-10-09 15:23:40,182 - TaskRunner - ERROR -      [55] Instance: 6465491505, Name: Bluelily Plant, Position: (295, 172)
2025-10-09 15:23:40,182 - TaskRunner - ERROR -      [56] Instance: 6986881506, Name: Bluelily Plant, Position: (308, 172)
2025-10-09 15:23:40,183 - TaskRunner - ERROR -      [57] Instance: 6423591510, Name: Bluelily Plant, Position: (266, 177)
2025-10-09 15:23:40,183 - TaskRunner - ERROR -      [58] Instance: 6554241512, Name: Bluelily Plant, Position: (282, 180)
2025-10-09 15:23:40,183 - TaskRunner - ERROR -      [59] Instance: 6246861515, Name: Bluelily Plant, Position: (290, 184)
2025-10-09 15:23:40,183 - TaskRunner - ERROR -      [60] Instance: 6768321516, Name: Bluelily Plant, Position: (315, 184)
2025-10-09 15:23:40,183 - TaskRunner - ERROR -      [61] Instance: 6725691517, Name: Bluelily Plant, Position: (274, 186)
2025-10-09 15:23:40,183 - TaskRunner - ERROR -      [62] Instance: 6314001518, Name: Bluelily Plant, Position: (286, 190)
2025-10-09 15:23:40,183 - TaskRunner - ERROR -      [63] Instance: 6489651520, Name: Bluelily Plant, Position: (311, 194)
2025-10-09 15:23:40,183 - TaskRunner - ERROR -      [64] Instance: 6210561521, Name: Bluelily Plant, Position: (278, 196)
2025-10-09 15:23:40,183 - TaskRunner - ERROR -      [65] Instance: 6966181522, Name: Bluelily Plant, Position: (300, 196)
2025-10-09 15:23:40,183 - TaskRunner - ERROR -      [66] Instance: 6490161527, Name: Bluelily Plant, Position: (273, 200)
2025-10-09 15:23:40,184 - TaskRunner - ERROR -      [67] Instance: 6174021530, Name: Bluelily Plant, Position: (304, 203)
2025-10-09 15:23:40,184 - TaskRunner - ERROR -      [68] Instance: 6798661538, Name: Bluelily Plant, Position: (286, 208)
2025-10-09 15:23:40,184 - TaskRunner - ERROR -    - Total resources found: 69
2025-10-09 15:23:40,184 - TaskRunner - ERROR -    - Requested instance: 63851407
2025-10-09 15:23:40,218 - TaskRunner - INFO -     🔧 Tool called: harvest_resource(targetInstance=63851407)
2025-10-09 15:23:40,249 - TaskRunner - INFO -     📊 State: active | Actions: 9 | Chats: 5
2025-10-09 15:23:40,249 - TaskRunner - INFO -     📊 Lv.81 | XP:42331 | ❤️939/939 | 💙68/68 | 📍(290,155)
2025-10-09 15:23:40,249 - TaskRunner - INFO -     🔧 Tool call: harvest_resource(targetInstance=63851407)
2025-10-09 15:23:40,249 - TaskRunner - INFO -     ✅ Result: Error: Resource with instance 63851407 not found in current environment. Found 69 resources total.
2025-10-09 15:23:40,249 - TaskRunner - INFO -     💭 Content: harvest_resource(targetInstance=63851407)  Error: Resource with instance 63851407 not found in cur...
2025-10-09 15:23:40,250 - TaskRunner - INFO - 📊 agent_2 observation recorded (round 19)
2025-10-09 15:23:40,250 - TaskRunner - INFO -   🤖 agent_3 executing tool call...
2025-10-09 15:24:17,086 - TaskRunner - INFO -     🔧 Tool called: harvest_resource(targetInstance=638732248)
2025-10-09 15:24:17,114 - TaskRunner - INFO -     📊 State: active | Actions: 9 | Chats: 4
2025-10-09 15:24:17,114 - TaskRunner - INFO -     📊 Lv.65 | XP:48932 | ❤️537/939 | 💙68/68 | 📍(258,66)
2025-10-09 15:24:17,114 - TaskRunner - INFO -     🔧 Tool call: harvest_resource(targetInstance=638732248)
2025-10-09 15:24:17,114 - TaskRunner - INFO -     ✅ Result: Already near Oak2 Tree. ⏳ HARVEST IN PROGRESS: Chopping Oak2 Tree at (257, 66)
2025-10-09 15:24:17,114 - TaskRunner - INFO -     💭 Content: harvest_resource(targetInstance=638732248)  Already near Oak2 Tree. ⏳ HARVEST IN PROGRESS: Choppin...
2025-10-09 15:24:17,115 - TaskRunner - INFO - 📊 agent_3 observation recorded (round 19)
2025-10-09 15:24:17,115 - TaskRunner - INFO -   🤖 agent_4 executing tool call...
2025-10-09 15:24:23,011 - TaskRunner - INFO -     🔧 Tool called: chat(message=I'm now at coordinates (258, 6...)
2025-10-09 15:24:23,011 - TaskRunner - INFO - 💬 agent_4: I'm now at coordinates (258, 66) with Mastersmeltergamma and LogisticsCoordinatorEpsilon. I'm ready to receive iron bars and logs for crafting operations. Please transfer the required materials so I can begin crafting the pickaxe, axe, and sword2 for our team.
2025-10-09 15:24:23,046 - TaskRunner - INFO -     📊 State: active | Actions: 7 | Chats: 6
2025-10-09 15:24:23,046 - TaskRunner - INFO -     📊 Lv.58 | XP:37727 | ❤️0/939 | 💙68/68 | 📍(237,44) ⚔️
2025-10-09 15:24:23,046 - TaskRunner - INFO -     🔧 Tool call: chat(message=I'm now at coordinates (258, 6...)
2025-10-09 15:24:23,046 - TaskRunner - INFO -     ✅ Result: Global chat message sent: I'm now at coordinates (258, 66) with Mastersmeltergamma and LogisticsCoordinatorEpsilon. I'm ready to receive iron bars and logs for crafting operations. Please transfer the required materials so I can begin crafting the pickaxe, axe, and sword2 for our team.
2025-10-09 15:24:23,046 - TaskRunner - INFO -     💭 Content: chat(message=I'm now at coordinates (258, 6...)  Global chat message sent: I'm now at coordinates...
2025-10-09 15:24:23,047 - TaskRunner - INFO - 📊 agent_4 observation recorded (round 19)
2025-10-09 15:24:23,047 - TaskRunner - INFO -   🤖 agent_5 executing tool call...
2025-10-09 15:25:00,031 - TaskRunner - INFO -     🔧 Tool called: harvest_resource(targetInstance=613552284)
2025-10-09 15:25:00,055 - TaskRunner - INFO -     📊 State: active | Actions: 11 | Chats: 2
2025-10-09 15:25:00,055 - TaskRunner - INFO -     📊 Lv.81 | XP:44930 | ❤️483/939 | 💙68/68 | 📍(274,82)
2025-10-09 15:25:00,055 - TaskRunner - INFO -     🔧 Tool call: harvest_resource(targetInstance=613552284)
2025-10-09 15:25:00,055 - TaskRunner - INFO -     ✅ Result: Already near Oak2 Tree. ⏳ HARVEST IN PROGRESS: Chopping Oak2 Tree at (274, 82)
2025-10-09 15:25:00,055 - TaskRunner - INFO -     💭 Content: harvest_resource(targetInstance=613552284)  Already near Oak2 Tree. ⏳ HARVEST IN PROGRESS: Choppin...
2025-10-09 15:25:00,056 - TaskRunner - INFO - 📊 agent_5 observation recorded (round 19)
2025-10-09 15:25:00,056 - TaskRunner - INFO - 📊 Round 19 Summary: Active=5, Completed=0, Failed=0
2025-10-09 15:25:00,056 - TaskRunner - INFO - ================================================================================
2025-10-09 15:25:00,056 - TaskRunner - INFO - 🔄 ROUND 20
2025-10-09 15:25:00,056 - TaskRunner - INFO - ================================================================================
2025-10-09 15:25:00,056 - TaskRunner - INFO -   🤖 agent_1 executing tool call...
2025-10-09 15:25:04,756 - TaskRunner - INFO -     🔧 Tool called: move_character(x=290, y=20)
2025-10-09 15:25:04,845 - TaskRunner - INFO -     📊 State: active | Actions: 13 | Chats: 3
2025-10-09 15:25:04,845 - TaskRunner - INFO -     📊 Lv.91 | XP:57102 | ❤️939/939 | 💙68/68 | 📍(235,42)
2025-10-09 15:25:04,845 - TaskRunner - INFO -     🔧 Tool call: move_character(x=290, y=20)
2025-10-09 15:25:04,846 - TaskRunner - INFO -     ✅ Result: Character moved from (300, 5) to (290, 20) (distance: 25 tiles)
2025-10-09 15:25:04,846 - TaskRunner - INFO -     💭 Content: move_character(x=290, y=20)  Character moved from (300, 5) to (290, 20) (distance: 25 tiles)
2025-10-09 15:25:04,846 - TaskRunner - INFO - 📊 agent_1 observation recorded (round 20)
2025-10-09 15:25:04,846 - TaskRunner - INFO -   🤖 agent_2 executing tool call...
2025-10-09 15:25:10,738 - TaskRunner - ERROR - ❌ [RESOURCE ERROR] Resource with instance 62549031 not found!
2025-10-09 15:25:10,738 - TaskRunner - ERROR -    - Available resources in environment:
2025-10-09 15:25:10,738 - TaskRunner - ERROR -      [0] Instance: 63633552, Name: Pine Tree, Position: (346, 156)
2025-10-09 15:25:10,738 - TaskRunner - ERROR -      [1] Instance: 64938535, Name: Willow Tree, Position: (250, 151)
2025-10-09 15:25:10,738 - TaskRunner - ERROR -      [2] Instance: 610876572, Name: Willow Tree, Position: (259, 164)
2025-10-09 15:25:10,738 - TaskRunner - ERROR -      [3] Instance: 618378503, Name: Snowoak Tree, Position: (329, 140)
2025-10-09 15:25:10,738 - TaskRunner - ERROR -      [4] Instance: 618769472, Name: Willow Tree, Position: (253, 130)
2025-10-09 15:25:10,738 - TaskRunner - ERROR -      [5] Instance: 619842532, Name: Willow Tree, Position: (237, 150)
2025-10-09 15:25:10,738 - TaskRunner - ERROR -      [6] Instance: 623431533, Name: Snowoak Tree, Position: (336, 150)
2025-10-09 15:25:10,738 - TaskRunner - ERROR -      [7] Instance: 639619551, Name: Pine Tree, Position: (327, 156)
2025-10-09 15:25:10,738 - TaskRunner - ERROR -      [8] Instance: 669452590, Name: Pine Tree, Position: (330, 172)
2025-10-09 15:25:10,738 - TaskRunner - ERROR -      [9] Instance: 679661578, Name: Pine Tree, Position: (336, 168)
2025-10-09 15:25:10,738 - TaskRunner - ERROR -      [10] Instance: 682265542, Name: Snowoak Tree, Position: (353, 154)
2025-10-09 15:25:10,738 - TaskRunner - ERROR -      [11] Instance: 685508508, Name: Willow Tree, Position: (247, 141)
2025-10-09 15:25:10,738 - TaskRunner - ERROR -      [12] Instance: 689786617, Name: Snowoak Tree, Position: (323, 183)
2025-10-09 15:25:10,738 - TaskRunner - ERROR -      [13] Instance: 695593611, Name: Willow Tree, Position: (261, 181)
2025-10-09 15:25:10,738 - TaskRunner - ERROR -      [14] Instance: 623631261, Name: Fishing Spot, Position: (260, 188)
2025-10-09 15:25:10,738 - TaskRunner - ERROR -      [15] Instance: 621441487, Name: Bluelily Plant, Position: (253, 159)
2025-10-09 15:25:10,739 - TaskRunner - ERROR -      [16] Instance: 640811525, Name: Bluelily Plant, Position: (293, 199)
2025-10-09 15:25:10,739 - TaskRunner - ERROR -      [17] Instance: 641681503, Name: Bluelily Plant, Position: (267, 169)
2025-10-09 15:25:10,739 - TaskRunner - ERROR -      [18] Instance: 670241488, Name: Tomato Plant, Position: (232, 160)
2025-10-09 15:25:10,739 - TaskRunner - ERROR -      [19] Instance: 681511509, Name: Bluelily Plant, Position: (285, 176)
2025-10-09 15:25:10,739 - TaskRunner - ERROR -      [20] Instance: 694551447, Name: Bluelily Plant, Position: (306, 118)
2025-10-09 15:25:10,739 - TaskRunner - ERROR -      [21] Instance: 6840601446, Name: Bluelily Plant, Position: (296, 118)
2025-10-09 15:25:10,739 - TaskRunner - ERROR -      [22] Instance: 6217841448, Name: Bluelily Plant, Position: (312, 118)
2025-10-09 15:25:10,739 - TaskRunner - ERROR -      [23] Instance: 6748001453, Name: Bluelily Plant, Position: (278, 120)
2025-10-09 15:25:10,739 - TaskRunner - ERROR -      [24] Instance: 6323941455, Name: Bluelily Plant, Position: (290, 123)
2025-10-09 15:25:10,739 - TaskRunner - ERROR -      [25] Instance: 6523301457, Name: Bluelily Plant, Position: (284, 125)
2025-10-09 15:25:10,739 - TaskRunner - ERROR -      [26] Instance: 6306631458, Name: Bluelily Plant, Position: (303, 126)
2025-10-09 15:25:10,739 - TaskRunner - ERROR -      [27] Instance: 6183331459, Name: Bluelily Plant, Position: (265, 127)
2025-10-09 15:25:10,739 - TaskRunner - ERROR -      [28] Instance: 6696531461, Name: Bluelily Plant, Position: (313, 128)
2025-10-09 15:25:10,739 - TaskRunner - ERROR -      [29] Instance: 6770571462, Name: Bluelily Plant, Position: (272, 129)
2025-10-09 15:25:10,739 - TaskRunner - ERROR -      [30] Instance: 6771161463, Name: Bluelily Plant, Position: (308, 129)
2025-10-09 15:25:10,739 - TaskRunner - ERROR -      [31] Instance: 6754461466, Name: Tomato Plant, Position: (264, 133)
2025-10-09 15:25:10,739 - TaskRunner - ERROR -      [32] Instance: 6434541467, Name: Bluelily Plant, Position: (288, 135)
2025-10-09 15:25:10,739 - TaskRunner - ERROR -      [33] Instance: 6661531468, Name: Bluelily Plant, Position: (314, 136)
2025-10-09 15:25:10,739 - TaskRunner - ERROR -      [34] Instance: 6608771469, Name: Bluelily Plant, Position: (282, 139)
2025-10-09 15:25:10,739 - TaskRunner - ERROR -      [35] Instance: 6446551470, Name: Bluelily Plant, Position: (302, 141)
2025-10-09 15:25:10,739 - TaskRunner - ERROR -      [36] Instance: 6574701471, Name: Tomato Plant, Position: (265, 142)
2025-10-09 15:25:10,739 - TaskRunner - ERROR -      [37] Instance: 6150051473, Name: Bluelily Plant, Position: (255, 144)
2025-10-09 15:25:10,739 - TaskRunner - ERROR -      [38] Instance: 6253771474, Name: Bluelily Plant, Position: (266, 145)
2025-10-09 15:25:10,740 - TaskRunner - ERROR -      [39] Instance: 6686971475, Name: Bluelily Plant, Position: (287, 147)
2025-10-09 15:25:10,740 - TaskRunner - ERROR -      [40] Instance: 6611541477, Name: Bluelily Plant, Position: (273, 149)
2025-10-09 15:25:10,740 - TaskRunner - ERROR -      [41] Instance: 6660241479, Name: Bluelily Plant, Position: (289, 150)
2025-10-09 15:25:10,740 - TaskRunner - ERROR -      [42] Instance: 6340751481, Name: Bluelily Plant, Position: (243, 153)
2025-10-09 15:25:10,740 - TaskRunner - ERROR -      [43] Instance: 6912671482, Name: Bluelily Plant, Position: (281, 153)
2025-10-09 15:25:10,740 - TaskRunner - ERROR -      [44] Instance: 6804901484, Name: Bluelily Plant, Position: (310, 155)
2025-10-09 15:25:10,740 - TaskRunner - ERROR -      [45] Instance: 6557671486, Name: Tomato Plant, Position: (242, 159)
2025-10-09 15:25:10,740 - TaskRunner - ERROR -      [46] Instance: 6617971489, Name: Tomato Plant, Position: (265, 160)
2025-10-09 15:25:10,740 - TaskRunner - ERROR -      [47] Instance: 6802381491, Name: Bluelily Plant, Position: (303, 161)
2025-10-09 15:25:10,740 - TaskRunner - ERROR -      [48] Instance: 6756401493, Name: Bluelily Plant, Position: (239, 162)
2025-10-09 15:25:10,740 - TaskRunner - ERROR -      [49] Instance: 6206631494, Name: Bluelily Plant, Position: (280, 162)
2025-10-09 15:25:10,740 - TaskRunner - ERROR -      [50] Instance: 6292221495, Name: Bluelily Plant, Position: (290, 163)
2025-10-09 15:25:10,740 - TaskRunner - ERROR -      [51] Instance: 6972581498, Name: Bluelily Plant, Position: (246, 168)
2025-10-09 15:25:10,740 - TaskRunner - ERROR -      [52] Instance: 6249681499, Name: Bluelily Plant, Position: (315, 168)
2025-10-09 15:25:10,740 - TaskRunner - ERROR -      [53] Instance: 6530821502, Name: Tomato Plant, Position: (250, 169)
2025-10-09 15:25:10,740 - TaskRunner - ERROR -      [54] Instance: 6147211504, Name: Bluelily Plant, Position: (277, 169)
2025-10-09 15:25:10,740 - TaskRunner - ERROR -      [55] Instance: 6465491505, Name: Bluelily Plant, Position: (295, 172)
2025-10-09 15:25:10,740 - TaskRunner - ERROR -      [56] Instance: 6986881506, Name: Bluelily Plant, Position: (308, 172)
2025-10-09 15:25:10,740 - TaskRunner - ERROR -      [57] Instance: 6423591510, Name: Bluelily Plant, Position: (266, 177)
2025-10-09 15:25:10,740 - TaskRunner - ERROR -      [58] Instance: 6554241512, Name: Bluelily Plant, Position: (282, 180)
2025-10-09 15:25:10,740 - TaskRunner - ERROR -      [59] Instance: 6246861515, Name: Bluelily Plant, Position: (290, 184)
2025-10-09 15:25:10,740 - TaskRunner - ERROR -      [60] Instance: 6768321516, Name: Bluelily Plant, Position: (315, 184)
2025-10-09 15:25:10,740 - TaskRunner - ERROR -      [61] Instance: 6725691517, Name: Bluelily Plant, Position: (274, 186)
2025-10-09 15:25:10,740 - TaskRunner - ERROR -      [62] Instance: 6314001518, Name: Bluelily Plant, Position: (286, 190)
2025-10-09 15:25:10,741 - TaskRunner - ERROR -      [63] Instance: 6489651520, Name: Bluelily Plant, Position: (311, 194)
2025-10-09 15:25:10,741 - TaskRunner - ERROR -      [64] Instance: 6210561521, Name: Bluelily Plant, Position: (278, 196)
2025-10-09 15:25:10,741 - TaskRunner - ERROR -      [65] Instance: 6966181522, Name: Bluelily Plant, Position: (300, 196)
2025-10-09 15:25:10,741 - TaskRunner - ERROR -      [66] Instance: 6490161527, Name: Bluelily Plant, Position: (273, 200)
2025-10-09 15:25:10,741 - TaskRunner - ERROR -      [67] Instance: 6174021530, Name: Bluelily Plant, Position: (304, 203)
2025-10-09 15:25:10,741 - TaskRunner - ERROR -      [68] Instance: 6798661538, Name: Bluelily Plant, Position: (286, 208)
2025-10-09 15:25:10,741 - TaskRunner - ERROR -    - Total resources found: 69
2025-10-09 15:25:10,741 - TaskRunner - ERROR -    - Requested instance: 62549031
2025-10-09 15:25:10,769 - TaskRunner - INFO -     🔧 Tool called: harvest_resource(targetInstance=62549031)
2025-10-09 15:25:10,793 - TaskRunner - INFO -     📊 State: active | Actions: 10 | Chats: 5
2025-10-09 15:25:10,793 - TaskRunner - INFO -     📊 Lv.81 | XP:42371 | ❤️939/939 | 💙68/68 | 📍(290,155)
2025-10-09 15:25:10,793 - TaskRunner - INFO -     🔧 Tool call: harvest_resource(targetInstance=62549031)
2025-10-09 15:25:10,793 - TaskRunner - INFO -     ✅ Result: Error: Resource with instance 62549031 not found in current environment. Found 69 resources total.
2025-10-09 15:25:10,793 - TaskRunner - INFO -     💭 Content: harvest_resource(targetInstance=62549031)  Error: Resource with instance 62549031 not found in cur...
2025-10-09 15:25:10,793 - TaskRunner - INFO - 📊 agent_2 observation recorded (round 20)
2025-10-09 15:25:10,793 - TaskRunner - INFO -   🤖 agent_3 executing tool call...
2025-10-09 15:25:15,982 - TaskRunner - INFO -     💭 No tool call (thinking/planning)
2025-10-09 15:25:15,998 - TaskRunner - INFO -     📊 State: active | Actions: 9 | Chats: 4
2025-10-09 15:25:15,998 - TaskRunner - INFO -     📊 Lv.65 | XP:48967 | ❤️577/939 | 💙68/68 | 📍(258,66)
2025-10-09 15:25:15,998 - TaskRunner - INFO -     🔧 Tool call: verify_inventory(required_items=['logs'])
2025-10-09 15:25:15,999 - TaskRunner - INFO -     ✅ Result: 📋 INVENTORY VERIFICATION:
2025-10-09 15:25:15,999 - TaskRunner - INFO -     💭 Content: verify_inventory(required_items=['logs'])  📋 INVENTORY VERIFICATION: 🎒 Complete Inventory: flask (...
2025-10-09 15:25:15,999 - TaskRunner - INFO - 📊 agent_3 observation recorded (round 20)
2025-10-09 15:25:15,999 - TaskRunner - INFO -   🤖 agent_4 executing tool call...
2025-10-09 15:25:21,176 - TaskRunner - INFO -     💭 No tool call (thinking/planning)
2025-10-09 15:25:21,206 - TaskRunner - INFO -     📊 State: active | Actions: 7 | Chats: 6
2025-10-09 15:25:21,206 - TaskRunner - INFO -     📊 Lv.58 | XP:37802 | ❤️0/939 | 💙68/68 | 📍(237,44) ⚔️
2025-10-09 15:25:21,207 - TaskRunner - INFO -     🔧 Tool call: check_inventory_status()
2025-10-09 15:25:21,207 - TaskRunner - INFO -     ✅ Result: 🎒 CURRENT INVENTORY: flask (15x), apple (20x), hilt2 (1x)
2025-10-09 15:25:21,207 - TaskRunner - INFO -     💭 Content: check_inventory_status()  🎒 CURRENT INVENTORY: flask (15x), apple (20x), hilt2 (1x)
2025-10-09 15:25:21,207 - TaskRunner - INFO - 📊 agent_4 observation recorded (round 20)
2025-10-09 15:25:21,208 - TaskRunner - INFO -   🤖 agent_5 executing tool call...
2025-10-09 15:25:26,512 - TaskRunner - INFO -     💭 No tool call (thinking/planning)
2025-10-09 15:25:26,535 - TaskRunner - INFO -     📊 State: active | Actions: 11 | Chats: 2
2025-10-09 15:25:26,535 - TaskRunner - INFO -     📊 Lv.81 | XP:44950 | ❤️503/939 | 💙68/68 | 📍(274,82)
2025-10-09 15:25:26,535 - TaskRunner - INFO -     🔧 Tool call: verify_inventory(required_items=['logs'])
2025-10-09 15:25:26,535 - TaskRunner - INFO -     ✅ Result: 📋 INVENTORY VERIFICATION:
2025-10-09 15:25:26,535 - TaskRunner - INFO -     💭 Content: verify_inventory(required_items=['logs'])  📋 INVENTORY VERIFICATION: 🎒 Complete Inventory: flask (...
2025-10-09 15:25:26,536 - TaskRunner - INFO - 📊 agent_5 observation recorded (round 20)
2025-10-09 15:25:26,536 - TaskRunner - INFO - 📊 Round 20 Summary: Active=5, Completed=0, Failed=0
2025-10-09 15:25:26,536 - TaskRunner - INFO - ================================================================================
2025-10-09 15:25:26,536 - TaskRunner - INFO - 🔄 ROUND 21
2025-10-09 15:25:26,537 - TaskRunner - INFO - ================================================================================
2025-10-09 15:25:26,537 - TaskRunner - INFO -   🤖 agent_1 executing tool call...
2025-10-09 15:25:33,285 - TaskRunner - ERROR - ❌ [HTTP ERROR] POST /ai/collect - Attempt 1/3
2025-10-09 15:25:33,286 - TaskRunner - ERROR -    📍 URL: http://localhost:7031/ai/collect
2025-10-09 15:25:33,286 - TaskRunner - ERROR -    📊 Status Code: 400
2025-10-09 15:25:33,286 - TaskRunner - ERROR -    💬 Error Message: Too far from resource
2025-10-09 15:25:33,286 - TaskRunner - ERROR -    📤 Request Data: {"token": "f0480616cfcee822be881f7bf7aa3211", "targetInstance": "662738891"}
2025-10-09 15:25:33,286 - TaskRunner - ERROR -    📤 Request Params: None
2025-10-09 15:25:33,286 - TaskRunner - ERROR -    📥 Response Headers: {"X-Powered-By": "Express", "Content-Type": "application/json; charset=utf-8", "Content-Length": "82", "ETag": "W/\"52-1mbg96pnziRaFvhBotGihwYBvDI\"", "Date": "Thu, 09 Oct 2025 19:25:33 GMT", "Connection": "keep-alive", "Keep-Alive": "timeout=5"}
2025-10-09 15:25:33,287 - TaskRunner - ERROR -    📥 Full Response: {"status":"error","message":"Too far from resource","distance":39,"maxDistance":2}
2025-10-09 15:25:33,287 - TaskRunner - ERROR - ❌ [HTTP ERROR] POST /ai/collect - Attempt 1/3
2025-10-09 15:25:33,287 - TaskRunner - ERROR -    📍 URL: http://localhost:7031/ai/collect
2025-10-09 15:25:33,287 - TaskRunner - ERROR -    📊 Status Code: 400
2025-10-09 15:25:33,287 - TaskRunner - ERROR -    💬 Error Message: Too far from resource
2025-10-09 15:25:33,287 - TaskRunner - ERROR -    📤 Request Data: {"token": "f0480616cfcee822be881f7bf7aa3211", "targetInstance": "662738891"}
2025-10-09 15:25:33,288 - TaskRunner - ERROR -    📤 Request Params: None
2025-10-09 15:25:33,288 - TaskRunner - ERROR -    📥 Response Headers: {"X-Powered-By": "Express", "Content-Type": "application/json; charset=utf-8", "Content-Length": "82", "ETag": "W/\"52-1mbg96pnziRaFvhBotGihwYBvDI\"", "Date": "Thu, 09 Oct 2025 19:25:33 GMT", "Connection": "keep-alive", "Keep-Alive": "timeout=5"}
2025-10-09 15:25:33,288 - TaskRunner - ERROR -    📥 Full Response: {"status":"error","message":"Too far from resource","distance":39,"maxDistance":2}
2025-10-09 15:25:34,293 - TaskRunner - ERROR - ❌ [HTTP ERROR] POST /ai/collect - Attempt 2/3
2025-10-09 15:25:34,293 - TaskRunner - ERROR -    📍 URL: http://localhost:7031/ai/collect
2025-10-09 15:25:34,293 - TaskRunner - ERROR -    📊 Status Code: 400
2025-10-09 15:25:34,293 - TaskRunner - ERROR -    💬 Error Message: Too far from resource
2025-10-09 15:25:34,293 - TaskRunner - ERROR -    📤 Request Data: {"token": "f0480616cfcee822be881f7bf7aa3211", "targetInstance": "662738891"}
2025-10-09 15:25:34,294 - TaskRunner - ERROR -    📤 Request Params: None
2025-10-09 15:25:34,294 - TaskRunner - ERROR -    📥 Response Headers: {"X-Powered-By": "Express", "Content-Type": "application/json; charset=utf-8", "Content-Length": "82", "ETag": "W/\"52-1mbg96pnziRaFvhBotGihwYBvDI\"", "Date": "Thu, 09 Oct 2025 19:25:34 GMT", "Connection": "keep-alive", "Keep-Alive": "timeout=5"}
2025-10-09 15:25:34,294 - TaskRunner - ERROR -    📥 Full Response: {"status":"error","message":"Too far from resource","distance":39,"maxDistance":2}
2025-10-09 15:25:34,294 - TaskRunner - ERROR - ❌ [HTTP ERROR] POST /ai/collect - Attempt 2/3
2025-10-09 15:25:34,294 - TaskRunner - ERROR -    📍 URL: http://localhost:7031/ai/collect
2025-10-09 15:25:34,294 - TaskRunner - ERROR -    📊 Status Code: 400
2025-10-09 15:25:34,294 - TaskRunner - ERROR -    💬 Error Message: Too far from resource
2025-10-09 15:25:34,294 - TaskRunner - ERROR -    📤 Request Data: {"token": "f0480616cfcee822be881f7bf7aa3211", "targetInstance": "662738891"}
2025-10-09 15:25:34,295 - TaskRunner - ERROR -    📤 Request Params: None
2025-10-09 15:25:34,295 - TaskRunner - ERROR -    📥 Response Headers: {"X-Powered-By": "Express", "Content-Type": "application/json; charset=utf-8", "Content-Length": "82", "ETag": "W/\"52-1mbg96pnziRaFvhBotGihwYBvDI\"", "Date": "Thu, 09 Oct 2025 19:25:34 GMT", "Connection": "keep-alive", "Keep-Alive": "timeout=5"}
2025-10-09 15:25:34,295 - TaskRunner - ERROR -    📥 Full Response: {"status":"error","message":"Too far from resource","distance":39,"maxDistance":2}
2025-10-09 15:25:35,300 - TaskRunner - ERROR - ❌ [HTTP ERROR] POST /ai/collect - Attempt 3/3
2025-10-09 15:25:35,300 - TaskRunner - ERROR -    📍 URL: http://localhost:7031/ai/collect
2025-10-09 15:25:35,300 - TaskRunner - ERROR -    📊 Status Code: 400
2025-10-09 15:25:35,300 - TaskRunner - ERROR -    💬 Error Message: Too far from resource
2025-10-09 15:25:35,300 - TaskRunner - ERROR -    📤 Request Data: {"token": "f0480616cfcee822be881f7bf7aa3211", "targetInstance": "662738891"}
2025-10-09 15:25:35,300 - TaskRunner - ERROR -    📤 Request Params: None
2025-10-09 15:25:35,300 - TaskRunner - ERROR -    📥 Response Headers: {"X-Powered-By": "Express", "Content-Type": "application/json; charset=utf-8", "Content-Length": "82", "ETag": "W/\"52-1mbg96pnziRaFvhBotGihwYBvDI\"", "Date": "Thu, 09 Oct 2025 19:25:35 GMT", "Connection": "keep-alive", "Keep-Alive": "timeout=5"}
2025-10-09 15:25:35,300 - TaskRunner - ERROR -    📥 Full Response: {"status":"error","message":"Too far from resource","distance":39,"maxDistance":2}
2025-10-09 15:25:35,301 - TaskRunner - ERROR - ❌ [HTTP ERROR] POST /ai/collect - Attempt 3/3
2025-10-09 15:25:35,301 - TaskRunner - ERROR -    📍 URL: http://localhost:7031/ai/collect
2025-10-09 15:25:35,301 - TaskRunner - ERROR -    📊 Status Code: 400
2025-10-09 15:25:35,301 - TaskRunner - ERROR -    💬 Error Message: Too far from resource
2025-10-09 15:25:35,301 - TaskRunner - ERROR -    📤 Request Data: {"token": "f0480616cfcee822be881f7bf7aa3211", "targetInstance": "662738891"}
2025-10-09 15:25:35,301 - TaskRunner - ERROR -    📤 Request Params: None
2025-10-09 15:25:35,301 - TaskRunner - ERROR -    📥 Response Headers: {"X-Powered-By": "Express", "Content-Type": "application/json; charset=utf-8", "Content-Length": "82", "ETag": "W/\"52-1mbg96pnziRaFvhBotGihwYBvDI\"", "Date": "Thu, 09 Oct 2025 19:25:35 GMT", "Connection": "keep-alive", "Keep-Alive": "timeout=5"}
2025-10-09 15:25:35,302 - TaskRunner - ERROR -    📥 Full Response: {"status":"error","message":"Too far from resource","distance":39,"maxDistance":2}
2025-10-09 15:25:35,302 - TaskRunner - ERROR - ❌ FINAL HTTP ERROR: HTTP 400 error after 3 attempts: 400 Client Error: Bad Request for url: http://localhost:7031/ai/collect
2025-10-09 15:25:35,302 - TaskRunner - ERROR - ❌ HARVEST ERROR: Moved closer to Gold Rock at (289, 33) from position (288, 34). Failed to start mining Gold Rock: API returned status 'error' with message: HTTP 400 error after 3 attempts: 400 Client Error: Bad Request for url: http://localhost:7031/ai/collect
2025-10-09 15:25:35,322 - TaskRunner - INFO -     🔧 Tool called: harvest_resource(targetInstance=662738891)
2025-10-09 15:25:35,341 - TaskRunner - INFO -     📊 State: active | Actions: 14 | Chats: 3
2025-10-09 15:25:35,342 - TaskRunner - INFO -     📊 Lv.91 | XP:57102 | ❤️939/939 | 💙68/68 | 📍(300,5)
2025-10-09 15:25:35,342 - TaskRunner - INFO -     🔧 Tool call: harvest_resource(targetInstance=662738891)
2025-10-09 15:25:35,342 - TaskRunner - INFO -     ✅ Result: Moved closer to Gold Rock at (289, 33) from position (288, 34). Failed to start mining Gold Rock: API returned status 'error' with message: HTTP 400 error after 3 attempts: 400 Client Error: Bad Request for url: http://localhost:7031/ai/collect
2025-10-09 15:25:35,342 - TaskRunner - INFO -     💭 Content: harvest_resource(targetInstance=662738891)  Moved closer to Gold Rock at (289, 33) from position (...
2025-10-09 15:25:35,343 - TaskRunner - INFO - 📊 agent_1 observation recorded (round 21)
2025-10-09 15:25:35,343 - TaskRunner - INFO -   🤖 agent_2 executing tool call...
2025-10-09 15:25:41,193 - TaskRunner - INFO -     🔧 Tool called: move_character(x=279, y=32)
2025-10-09 15:25:41,209 - TaskRunner - INFO -     📊 State: active | Actions: 11 | Chats: 5
2025-10-09 15:25:41,209 - TaskRunner - INFO -     📊 Lv.81 | XP:42391 | ❤️939/939 | 💙68/68 | 📍(294,43)
2025-10-09 15:25:41,210 - TaskRunner - INFO -     🔧 Tool call: move_character(x=279, y=32)
2025-10-09 15:25:41,210 - TaskRunner - INFO -     ✅ Result: Character moved from (290, 155) to (279, 32) (distance: 134 tiles)
2025-10-09 15:25:41,210 - TaskRunner - INFO -     💭 Content: move_character(x=279, y=32)  Character moved from (290, 155) to (279, 32) (distance: 134 tiles)
2025-10-09 15:25:41,210 - TaskRunner - INFO - 📊 agent_2 observation recorded (round 21)
2025-10-09 15:25:41,211 - TaskRunner - INFO -   🤖 agent_3 executing tool call...
2025-10-09 15:26:21,704 - TaskRunner - INFO -     🔧 Tool called: harvest_resource(targetInstance=653671243)
2025-10-09 15:26:21,731 - TaskRunner - INFO -     📊 State: active | Actions: 10 | Chats: 4
2025-10-09 15:26:21,731 - TaskRunner - INFO -     📊 Lv.65 | XP:49027 | ❤️627/939 | 💙68/68 | 📍(246,66)
2025-10-09 15:26:21,731 - TaskRunner - INFO -     🔧 Tool call: harvest_resource(targetInstance=653671243)
2025-10-09 15:26:21,731 - TaskRunner - INFO -     ✅ Result: Moved closer to Oak2 Tree at (245, 65) from position (246, 66). ⏳ HARVEST IN PROGRESS: Chopping Oak2 Tree at (245, 65)
2025-10-09 15:26:21,731 - TaskRunner - INFO -     💭 Content: harvest_resource(targetInstance=653671243)  Moved closer to Oak2 Tree at (245, 65) from position (...
2025-10-09 15:26:21,732 - TaskRunner - INFO - 📊 agent_3 observation recorded (round 21)
2025-10-09 15:26:21,732 - TaskRunner - INFO -   🤖 agent_4 executing tool call...
2025-10-09 15:26:27,107 - TaskRunner - INFO -     💭 No tool call (thinking/planning)
2025-10-09 15:26:27,141 - TaskRunner - INFO -     📊 State: active | Actions: 7 | Chats: 6
2025-10-09 15:26:27,141 - TaskRunner - INFO -     📊 Lv.58 | XP:37892 | ❤️0/939 | 💙68/68 | 📍(237,44) ⚔️
2025-10-09 15:26:27,141 - TaskRunner - INFO -     🔧 Tool call: verify_inventory(required_items=['ironbar', 'logs'])
2025-10-09 15:26:27,141 - TaskRunner - INFO -     ✅ Result: 📋 INVENTORY VERIFICATION:
2025-10-09 15:26:27,141 - TaskRunner - INFO -     💭 Content: verify_inventory(required_items=['ironbar', 'logs'])  📋 INVENTORY VERIFICATION: 🎒 Complete Invento...
2025-10-09 15:26:27,142 - TaskRunner - INFO - 📊 agent_4 observation recorded (round 21)
2025-10-09 15:26:27,142 - TaskRunner - INFO -   🤖 agent_5 executing tool call...
2025-10-09 15:26:35,389 - TaskRunner - INFO -     🔧 Tool called: chat(message=Team, I'm now at the Oak2 Tree...)
2025-10-09 15:26:35,389 - TaskRunner - INFO - 💬 agent_5: Team, I'm now at the Oak2 Tree at coordinates (274, 82) and have attempted to harvest it multiple times but still haven't obtained any logs. This is concerning as we need logs for crafting pickaxe and axe. Has anyone else been successful with lumberjacking? I'm wondering if there might be an issue with the harvesting mechanics or if these trees are depleted. I'll try one more time to harvest this tree.
2025-10-09 15:26:35,413 - TaskRunner - INFO -     📊 State: active | Actions: 11 | Chats: 3
2025-10-09 15:26:35,413 - TaskRunner - INFO -     📊 Lv.81 | XP:45025 | ❤️548/939 | 💙68/68 | 📍(274,82)
2025-10-09 15:26:35,413 - TaskRunner - INFO -     🔧 Tool call: chat(message=Team, I'm now at the Oak2 Tree...)
2025-10-09 15:26:35,413 - TaskRunner - INFO -     ✅ Result: Global chat message sent: Team, I'm now at the Oak2 Tree at coordinates (274, 82) and have attempted to harvest it multiple times but still haven't obtained any logs. This is concerning as we need logs for crafting pickaxe and axe. Has anyone else been successful with lumberjacking? I'm wondering if there might be an issue with the harvesting mechanics or if these trees are depleted. I'll try one more time to harvest this tree.
2025-10-09 15:26:35,413 - TaskRunner - INFO -     💭 Content: chat(message=Team, I'm now at the Oak2 Tree...)  Global chat message sent: Team, I'm now at the Oa...
2025-10-09 15:26:35,414 - TaskRunner - INFO - 📊 agent_5 observation recorded (round 21)
2025-10-09 15:26:35,414 - TaskRunner - INFO - 📊 Round 21 Summary: Active=5, Completed=0, Failed=0
2025-10-09 15:26:35,414 - TaskRunner - INFO - ================================================================================
2025-10-09 15:26:35,414 - TaskRunner - INFO - 🔄 ROUND 22
2025-10-09 15:26:35,414 - TaskRunner - INFO - ================================================================================
2025-10-09 15:26:35,415 - TaskRunner - INFO -   🤖 agent_1 executing tool call...
2025-10-09 15:26:40,372 - TaskRunner - INFO -     🔧 Tool called: move_character(x=308, y=7)
2025-10-09 15:26:40,401 - TaskRunner - INFO -     📊 State: active | Actions: 15 | Chats: 3
2025-10-09 15:26:40,401 - TaskRunner - INFO -     📊 Lv.91 | XP:57102 | ❤️939/939 | 💙68/68 | 📍(235,42)
2025-10-09 15:26:40,402 - TaskRunner - INFO -     🔧 Tool call: move_character(x=308, y=7)
2025-10-09 15:26:40,402 - TaskRunner - INFO -     ✅ Result: Character moved from (300, 5) to (308, 7) (distance: 10 tiles)
2025-10-09 15:26:40,402 - TaskRunner - INFO -     💭 Content: move_character(x=308, y=7)  Character moved from (300, 5) to (308, 7) (distance: 10 tiles)
2025-10-09 15:26:40,402 - TaskRunner - INFO - 📊 agent_1 observation recorded (round 22)
2025-10-09 15:26:40,403 - TaskRunner - INFO -   🤖 agent_2 executing tool call...
2025-10-09 15:26:48,392 - TaskRunner - ERROR - ❌ [HTTP ERROR] POST /ai/collect - Attempt 1/3
2025-10-09 15:26:48,393 - TaskRunner - ERROR -    📍 URL: http://localhost:7031/ai/collect
2025-10-09 15:26:48,394 - TaskRunner - ERROR -    📊 Status Code: 400
2025-10-09 15:26:48,394 - TaskRunner - ERROR -    💬 Error Message: Too far from resource
2025-10-09 15:26:48,394 - TaskRunner - ERROR -    📤 Request Data: {"token": "d00292cd184609c79437f7fdae308f44", "targetInstance": "694441890"}
2025-10-09 15:26:48,394 - TaskRunner - ERROR -    📤 Request Params: None
2025-10-09 15:26:48,394 - TaskRunner - ERROR -    📥 Response Headers: {"X-Powered-By": "Express", "Content-Type": "application/json; charset=utf-8", "Content-Length": "83", "ETag": "W/\"53-zBFXPLacEVhQxw2DAEpL3IQxpok\"", "Date": "Thu, 09 Oct 2025 19:26:48 GMT", "Connection": "keep-alive", "Keep-Alive": "timeout=5"}
2025-10-09 15:26:48,394 - TaskRunner - ERROR -    📥 Full Response: {"status":"error","message":"Too far from resource","distance":134,"maxDistance":2}
2025-10-09 15:26:48,394 - TaskRunner - ERROR - ❌ [HTTP ERROR] POST /ai/collect - Attempt 1/3
2025-10-09 15:26:48,395 - TaskRunner - ERROR -    📍 URL: http://localhost:7031/ai/collect
2025-10-09 15:26:48,395 - TaskRunner - ERROR -    📊 Status Code: 400
2025-10-09 15:26:48,395 - TaskRunner - ERROR -    💬 Error Message: Too far from resource
2025-10-09 15:26:48,395 - TaskRunner - ERROR -    📤 Request Data: {"token": "d00292cd184609c79437f7fdae308f44", "targetInstance": "694441890"}
2025-10-09 15:26:48,395 - TaskRunner - ERROR -    📤 Request Params: None
2025-10-09 15:26:48,395 - TaskRunner - ERROR -    📥 Response Headers: {"X-Powered-By": "Express", "Content-Type": "application/json; charset=utf-8", "Content-Length": "83", "ETag": "W/\"53-zBFXPLacEVhQxw2DAEpL3IQxpok\"", "Date": "Thu, 09 Oct 2025 19:26:48 GMT", "Connection": "keep-alive", "Keep-Alive": "timeout=5"}
2025-10-09 15:26:48,395 - TaskRunner - ERROR -    📥 Full Response: {"status":"error","message":"Too far from resource","distance":134,"maxDistance":2}
2025-10-09 15:26:49,400 - TaskRunner - ERROR - ❌ [HTTP ERROR] POST /ai/collect - Attempt 2/3
2025-10-09 15:26:49,400 - TaskRunner - ERROR -    📍 URL: http://localhost:7031/ai/collect
2025-10-09 15:26:49,400 - TaskRunner - ERROR -    📊 Status Code: 400
2025-10-09 15:26:49,400 - TaskRunner - ERROR -    💬 Error Message: Too far from resource
2025-10-09 15:26:49,401 - TaskRunner - ERROR -    📤 Request Data: {"token": "d00292cd184609c79437f7fdae308f44", "targetInstance": "694441890"}
2025-10-09 15:26:49,401 - TaskRunner - ERROR -    📤 Request Params: None
2025-10-09 15:26:49,401 - TaskRunner - ERROR -    📥 Response Headers: {"X-Powered-By": "Express", "Content-Type": "application/json; charset=utf-8", "Content-Length": "83", "ETag": "W/\"53-zBFXPLacEVhQxw2DAEpL3IQxpok\"", "Date": "Thu, 09 Oct 2025 19:26:49 GMT", "Connection": "keep-alive", "Keep-Alive": "timeout=5"}
2025-10-09 15:26:49,401 - TaskRunner - ERROR -    📥 Full Response: {"status":"error","message":"Too far from resource","distance":134,"maxDistance":2}
2025-10-09 15:26:49,401 - TaskRunner - ERROR - ❌ [HTTP ERROR] POST /ai/collect - Attempt 2/3
2025-10-09 15:26:49,401 - TaskRunner - ERROR -    📍 URL: http://localhost:7031/ai/collect
2025-10-09 15:26:49,401 - TaskRunner - ERROR -    📊 Status Code: 400
2025-10-09 15:26:49,402 - TaskRunner - ERROR -    💬 Error Message: Too far from resource
2025-10-09 15:26:49,402 - TaskRunner - ERROR -    📤 Request Data: {"token": "d00292cd184609c79437f7fdae308f44", "targetInstance": "694441890"}
2025-10-09 15:26:49,402 - TaskRunner - ERROR -    📤 Request Params: None
2025-10-09 15:26:49,402 - TaskRunner - ERROR -    📥 Response Headers: {"X-Powered-By": "Express", "Content-Type": "application/json; charset=utf-8", "Content-Length": "83", "ETag": "W/\"53-zBFXPLacEVhQxw2DAEpL3IQxpok\"", "Date": "Thu, 09 Oct 2025 19:26:49 GMT", "Connection": "keep-alive", "Keep-Alive": "timeout=5"}
2025-10-09 15:26:49,402 - TaskRunner - ERROR -    📥 Full Response: {"status":"error","message":"Too far from resource","distance":134,"maxDistance":2}
2025-10-09 15:26:50,407 - TaskRunner - ERROR - ❌ [HTTP ERROR] POST /ai/collect - Attempt 3/3
2025-10-09 15:26:50,407 - TaskRunner - ERROR -    📍 URL: http://localhost:7031/ai/collect
2025-10-09 15:26:50,407 - TaskRunner - ERROR -    📊 Status Code: 400
2025-10-09 15:26:50,407 - TaskRunner - ERROR -    💬 Error Message: Too far from resource
2025-10-09 15:26:50,407 - TaskRunner - ERROR -    📤 Request Data: {"token": "d00292cd184609c79437f7fdae308f44", "targetInstance": "694441890"}
2025-10-09 15:26:50,407 - TaskRunner - ERROR -    📤 Request Params: None
2025-10-09 15:26:50,408 - TaskRunner - ERROR -    📥 Response Headers: {"X-Powered-By": "Express", "Content-Type": "application/json; charset=utf-8", "Content-Length": "83", "ETag": "W/\"53-zBFXPLacEVhQxw2DAEpL3IQxpok\"", "Date": "Thu, 09 Oct 2025 19:26:50 GMT", "Connection": "keep-alive", "Keep-Alive": "timeout=5"}
2025-10-09 15:26:50,408 - TaskRunner - ERROR -    📥 Full Response: {"status":"error","message":"Too far from resource","distance":134,"maxDistance":2}
2025-10-09 15:26:50,408 - TaskRunner - ERROR - ❌ [HTTP ERROR] POST /ai/collect - Attempt 3/3
2025-10-09 15:26:50,408 - TaskRunner - ERROR -    📍 URL: http://localhost:7031/ai/collect
2025-10-09 15:26:50,408 - TaskRunner - ERROR -    📊 Status Code: 400
2025-10-09 15:26:50,408 - TaskRunner - ERROR -    💬 Error Message: Too far from resource
2025-10-09 15:26:50,408 - TaskRunner - ERROR -    📤 Request Data: {"token": "d00292cd184609c79437f7fdae308f44", "targetInstance": "694441890"}
2025-10-09 15:26:50,408 - TaskRunner - ERROR -    📤 Request Params: None
2025-10-09 15:26:50,408 - TaskRunner - ERROR -    📥 Response Headers: {"X-Powered-By": "Express", "Content-Type": "application/json; charset=utf-8", "Content-Length": "83", "ETag": "W/\"53-zBFXPLacEVhQxw2DAEpL3IQxpok\"", "Date": "Thu, 09 Oct 2025 19:26:50 GMT", "Connection": "keep-alive", "Keep-Alive": "timeout=5"}
2025-10-09 15:26:50,409 - TaskRunner - ERROR -    📥 Full Response: {"status":"error","message":"Too far from resource","distance":134,"maxDistance":2}
2025-10-09 15:26:50,409 - TaskRunner - ERROR - ❌ FINAL HTTP ERROR: HTTP 400 error after 3 attempts: 400 Client Error: Bad Request for url: http://localhost:7031/ai/collect
2025-10-09 15:26:50,409 - TaskRunner - ERROR - ❌ HARVEST ERROR: Moved closer to Nisoc Rock at (279, 32) from position (280, 33). Failed to start mining Nisoc Rock: API returned status 'error' with message: HTTP 400 error after 3 attempts: 400 Client Error: Bad Request for url: http://localhost:7031/ai/collect
2025-10-09 15:26:50,445 - TaskRunner - INFO -     🔧 Tool called: harvest_resource(targetInstance=694441890)
2025-10-09 15:26:50,478 - TaskRunner - INFO -     📊 State: active | Actions: 12 | Chats: 5
2025-10-09 15:26:50,478 - TaskRunner - INFO -     📊 Lv.81 | XP:42391 | ❤️939/939 | 💙68/68 | 📍(290,155)
2025-10-09 15:26:50,478 - TaskRunner - INFO -     🔧 Tool call: harvest_resource(targetInstance=694441890)
2025-10-09 15:26:50,478 - TaskRunner - INFO -     ✅ Result: Moved closer to Nisoc Rock at (279, 32) from position (280, 33). Failed to start mining Nisoc Rock: API returned status 'error' with message: HTTP 400 error after 3 attempts: 400 Client Error: Bad Request for url: http://localhost:7031/ai/collect
2025-10-09 15:26:50,478 - TaskRunner - INFO -     💭 Content: harvest_resource(targetInstance=694441890)  Moved closer to Nisoc Rock at (279, 32) from position...
2025-10-09 15:26:50,478 - TaskRunner - INFO - 📊 agent_2 observation recorded (round 22)
2025-10-09 15:26:50,478 - TaskRunner - INFO -   🤖 agent_3 executing tool call...
2025-10-09 15:26:56,119 - TaskRunner - INFO -     💭 No tool call (thinking/planning)
2025-10-09 15:26:56,153 - TaskRunner - INFO -     📊 State: active | Actions: 10 | Chats: 4
2025-10-09 15:26:56,153 - TaskRunner - INFO -     📊 Lv.65 | XP:49057 | ❤️652/939 | 💙68/68 | 📍(246,66)
2025-10-09 15:26:56,153 - TaskRunner - INFO -     🔧 Tool call: verify_inventory(required_items=['logs'])
2025-10-09 15:26:56,154 - TaskRunner - INFO -     ✅ Result: 📋 INVENTORY VERIFICATION:
2025-10-09 15:26:56,154 - TaskRunner - INFO -     💭 Content: verify_inventory(required_items=['logs'])  📋 INVENTORY VERIFICATION: 🎒 Complete Inventory: flask (...
2025-10-09 15:26:56,154 - TaskRunner - INFO - 📊 agent_3 observation recorded (round 22)
2025-10-09 15:26:56,154 - TaskRunner - INFO -   🤖 agent_4 executing tool call...
2025-10-09 15:27:03,681 - TaskRunner - INFO -     🔧 Tool called: chat(message=Team, I'm at coordinates (258,...)
2025-10-09 15:27:03,681 - TaskRunner - INFO - 💬 agent_4: Team, I'm at coordinates (258, 66) with Mastersmeltergamma and LogisticsCoordinatorEpsilon. I've checked my inventory and still need iron bars and logs to begin crafting. Mastersmeltergamma, please transfer any available iron bars. LogisticsCoordinatorEpsilon, I still need logs for the pickaxe and axe handles. Let's get these materials transferred so I can craft our essential equipment for the mining expedition.
2025-10-09 15:27:03,718 - TaskRunner - INFO -     📊 State: active | Actions: 7 | Chats: 7
2025-10-09 15:27:03,718 - TaskRunner - INFO -     📊 Lv.58 | XP:37952 | ❤️0/939 | 💙68/68 | 📍(237,44) ⚔️
2025-10-09 15:27:03,718 - TaskRunner - INFO -     🔧 Tool call: chat(message=Team, I'm at coordinates (258,...)
2025-10-09 15:27:03,718 - TaskRunner - INFO -     ✅ Result: Global chat message sent: Team, I'm at coordinates (258, 66) with Mastersmeltergamma and LogisticsCoordinatorEpsilon. I've checked my inventory and still need iron bars and logs to begin crafting. Mastersmeltergamma, please transfer any available iron bars. LogisticsCoordinatorEpsilon, I still need logs for the pickaxe and axe handles. Let's get these materials transferred so I can craft our essential equipment for the mining expedition.
2025-10-09 15:27:03,718 - TaskRunner - INFO -     💭 Content: chat(message=Team, I'm at coordinates (258,...)  Global chat message sent: Team, I'm at coordinate...
2025-10-09 15:27:03,719 - TaskRunner - INFO - 📊 agent_4 observation recorded (round 22)
2025-10-09 15:27:03,719 - TaskRunner - INFO -   🤖 agent_5 executing tool call...
2025-10-09 15:27:39,580 - TaskRunner - INFO -     🔧 Tool called: harvest_resource(targetInstance=613552284)
2025-10-09 15:27:39,603 - TaskRunner - INFO -     📊 State: active | Actions: 12 | Chats: 3
2025-10-09 15:27:39,603 - TaskRunner - INFO -     📊 Lv.81 | XP:45135 | ❤️598/939 | 💙68/68 | 📍(274,82)
2025-10-09 15:27:39,603 - TaskRunner - INFO -     🔧 Tool call: harvest_resource(targetInstance=613552284)
2025-10-09 15:27:39,603 - TaskRunner - INFO -     ✅ Result: Already near Oak2 Tree. ⏳ HARVEST IN PROGRESS: Chopping Oak2 Tree at (274, 82)
2025-10-09 15:27:39,603 - TaskRunner - INFO -     💭 Content: harvest_resource(targetInstance=613552284)  Already near Oak2 Tree. ⏳ HARVEST IN PROGRESS: Choppin...
2025-10-09 15:27:39,604 - TaskRunner - INFO - 📊 agent_5 observation recorded (round 22)
2025-10-09 15:27:39,604 - TaskRunner - INFO - 📊 Round 22 Summary: Active=5, Completed=0, Failed=0
2025-10-09 15:27:39,604 - TaskRunner - INFO - ================================================================================
2025-10-09 15:27:39,604 - TaskRunner - INFO - 🔄 ROUND 23
2025-10-09 15:27:39,604 - TaskRunner - INFO - ================================================================================
2025-10-09 15:27:39,604 - TaskRunner - INFO -   🤖 agent_1 executing tool call...
2025-10-09 15:27:44,598 - TaskRunner - ERROR - ❌ [RESOURCE ERROR] Resource with instance 64919860 not found!
2025-10-09 15:27:44,598 - TaskRunner - ERROR -    - Available resources in environment:
2025-10-09 15:27:44,598 - TaskRunner - ERROR -      [0] Instance: 66772143, Name: Oak2 Tree, Position: (239, 30)
2025-10-09 15:27:44,598 - TaskRunner - ERROR -      [1] Instance: 614182260, Name: Oak2 Tree, Position: (251, 72)
2025-10-09 15:27:44,598 - TaskRunner - ERROR -      [2] Instance: 615763223, Name: Oak3 Tree, Position: (185, 55)
2025-10-09 15:27:44,599 - TaskRunner - ERROR -      [3] Instance: 622166231, Name: Oak2 Tree, Position: (256, 58)
2025-10-09 15:27:44,599 - TaskRunner - ERROR -      [4] Instance: 624398242, Name: Oak3 Tree, Position: (196, 65)
2025-10-09 15:27:44,599 - TaskRunner - ERROR -      [5] Instance: 625328233, Name: Oak2 Tree, Position: (234, 59)
2025-10-09 15:27:44,599 - TaskRunner - ERROR -      [6] Instance: 633776114, Name: Oak2 Tree, Position: (247, 20)
2025-10-09 15:27:44,599 - TaskRunner - ERROR -      [7] Instance: 634708200, Name: Oak3 Tree, Position: (210, 46)
2025-10-09 15:27:44,599 - TaskRunner - ERROR -      [8] Instance: 636530259, Name: Oak2 Tree, Position: (235, 72)
2025-10-09 15:27:44,599 - TaskRunner - ERROR -      [9] Instance: 638732248, Name: Oak2 Tree, Position: (257, 66)
2025-10-09 15:27:44,599 - TaskRunner - ERROR -      [10] Instance: 639987174, Name: Oak4 Tree, Position: (186, 38)
2025-10-09 15:27:44,599 - TaskRunner - ERROR -      [11] Instance: 642032186, Name: Oak4 Tree, Position: (184, 43)
2025-10-09 15:27:44,599 - TaskRunner - ERROR -      [12] Instance: 647177187, Name: Oak2 Tree, Position: (233, 43)
2025-10-09 15:27:44,600 - TaskRunner - ERROR -      [13] Instance: 648206169, Name: Oak3 Tree, Position: (179, 37)
2025-10-09 15:27:44,600 - TaskRunner - ERROR -      [14] Instance: 653671243, Name: Oak2 Tree, Position: (245, 65)
2025-10-09 15:27:44,600 - TaskRunner - ERROR -      [15] Instance: 655360133, Name: Oak2 Tree, Position: (259, 26)
2025-10-09 15:27:44,600 - TaskRunner - ERROR -      [16] Instance: 655468191, Name: Oak2 Tree, Position: (247, 44)
2025-10-09 15:27:44,600 - TaskRunner - ERROR -      [17] Instance: 665319152, Name: Oak2 Tree, Position: (229, 32)
2025-10-09 15:27:44,600 - TaskRunner - ERROR -      [18] Instance: 666361236, Name: Oak3 Tree, Position: (202, 61)
2025-10-09 15:27:44,600 - TaskRunner - ERROR -      [19] Instance: 668512217, Name: Oak3 Tree, Position: (194, 53)
2025-10-09 15:27:44,600 - TaskRunner - ERROR -      [20] Instance: 676580190, Name: Oak3 Tree, Position: (191, 44)
2025-10-09 15:27:44,600 - TaskRunner - ERROR -      [21] Instance: 683124104, Name: Oak2 Tree, Position: (228, 16)
2025-10-09 15:27:44,600 - TaskRunner - ERROR -      [22] Instance: 689247175, Name: Oak2 Tree, Position: (262, 38)
2025-10-09 15:27:44,600 - TaskRunner - ERROR -      [23] Instance: 697054257, Name: Oak3 Tree, Position: (205, 71)
2025-10-09 15:27:44,601 - TaskRunner - ERROR -      [24] Instance: 613761895, Name: Cinnabar Rock, Position: (291, 44)
2025-10-09 15:27:44,601 - TaskRunner - ERROR -      [25] Instance: 616984899, Name: Nisoc Rock, Position: (284, 53)
2025-10-09 15:27:44,601 - TaskRunner - ERROR -      [26] Instance: 623417897, Name: Nisoc Rock, Position: (292, 49)
2025-10-09 15:27:44,601 - TaskRunner - ERROR -      [27] Instance: 640728896, Name: Nisoc Rock, Position: (281, 47)
2025-10-09 15:27:44,601 - TaskRunner - ERROR -      [28] Instance: 646013894, Name: Nisoc Rock, Position: (294, 43)
2025-10-09 15:27:44,601 - TaskRunner - ERROR -      [29] Instance: 648492872, Name: Nisoc Rock, Position: (268, 15)
2025-10-09 15:27:44,601 - TaskRunner - ERROR -      [30] Instance: 662738891, Name: Gold Rock, Position: (289, 33)
2025-10-09 15:27:44,601 - TaskRunner - ERROR -      [31] Instance: 667591886, Name: Cinnabar Rock, Position: (279, 24)
2025-10-09 15:27:44,601 - TaskRunner - ERROR -      [32] Instance: 675499892, Name: Nisoc Rock, Position: (292, 37)
2025-10-09 15:27:44,601 - TaskRunner - ERROR -      [33] Instance: 694441890, Name: Nisoc Rock, Position: (279, 32)
2025-10-09 15:27:44,601 - TaskRunner - ERROR -    - Total resources found: 34
2025-10-09 15:27:44,602 - TaskRunner - ERROR -    - Requested instance: 64919860
2025-10-09 15:27:44,640 - TaskRunner - INFO -     🔧 Tool called: harvest_resource(targetInstance=64919860)
2025-10-09 15:27:44,671 - TaskRunner - INFO -     📊 State: active | Actions: 16 | Chats: 3
2025-10-09 15:27:44,671 - TaskRunner - INFO -     📊 Lv.91 | XP:57102 | ❤️939/939 | 💙68/68 | 📍(235,42)
2025-10-09 15:27:44,671 - TaskRunner - INFO -     🔧 Tool call: harvest_resource(targetInstance=64919860)
2025-10-09 15:27:44,671 - TaskRunner - INFO -     ✅ Result: Error: Resource with instance 64919860 not found in current environment. Found 34 resources total.
2025-10-09 15:27:44,671 - TaskRunner - INFO -     💭 Content: harvest_resource(targetInstance=64919860)  Error: Resource with instance 64919860 not found in cur...
2025-10-09 15:27:44,672 - TaskRunner - INFO - 📊 agent_1 observation recorded (round 23)
2025-10-09 15:27:44,672 - TaskRunner - INFO -   🤖 agent_2 executing tool call...
2025-10-09 15:27:51,254 - TaskRunner - ERROR - ❌ [RESOURCE ERROR] Resource with instance 694441890 not found!
2025-10-09 15:27:51,254 - TaskRunner - ERROR -    - Available resources in environment:
2025-10-09 15:27:51,254 - TaskRunner - ERROR -      [0] Instance: 63633552, Name: Pine Tree, Position: (346, 156)
2025-10-09 15:27:51,254 - TaskRunner - ERROR -      [1] Instance: 64938535, Name: Willow Tree, Position: (250, 151)
2025-10-09 15:27:51,254 - TaskRunner - ERROR -      [2] Instance: 610876572, Name: Willow Tree, Position: (259, 164)
2025-10-09 15:27:51,254 - TaskRunner - ERROR -      [3] Instance: 618378503, Name: Snowoak Tree, Position: (329, 140)
2025-10-09 15:27:51,254 - TaskRunner - ERROR -      [4] Instance: 618769472, Name: Willow Tree, Position: (253, 130)
2025-10-09 15:27:51,254 - TaskRunner - ERROR -      [5] Instance: 619842532, Name: Willow Tree, Position: (237, 150)
2025-10-09 15:27:51,254 - TaskRunner - ERROR -      [6] Instance: 623431533, Name: Snowoak Tree, Position: (336, 150)
2025-10-09 15:27:51,254 - TaskRunner - ERROR -      [7] Instance: 639619551, Name: Pine Tree, Position: (327, 156)
2025-10-09 15:27:51,254 - TaskRunner - ERROR -      [8] Instance: 669452590, Name: Pine Tree, Position: (330, 172)
2025-10-09 15:27:51,254 - TaskRunner - ERROR -      [9] Instance: 679661578, Name: Pine Tree, Position: (336, 168)
2025-10-09 15:27:51,254 - TaskRunner - ERROR -      [10] Instance: 682265542, Name: Snowoak Tree, Position: (353, 154)
2025-10-09 15:27:51,255 - TaskRunner - ERROR -      [11] Instance: 685508508, Name: Willow Tree, Position: (247, 141)
2025-10-09 15:27:51,255 - TaskRunner - ERROR -      [12] Instance: 689786617, Name: Snowoak Tree, Position: (323, 183)
2025-10-09 15:27:51,255 - TaskRunner - ERROR -      [13] Instance: 695593611, Name: Willow Tree, Position: (261, 181)
2025-10-09 15:27:51,255 - TaskRunner - ERROR -      [14] Instance: 623631261, Name: Fishing Spot, Position: (260, 188)
2025-10-09 15:27:51,255 - TaskRunner - ERROR -      [15] Instance: 621441487, Name: Bluelily Plant, Position: (253, 159)
2025-10-09 15:27:51,255 - TaskRunner - ERROR -      [16] Instance: 640811525, Name: Bluelily Plant, Position: (293, 199)
2025-10-09 15:27:51,255 - TaskRunner - ERROR -      [17] Instance: 641681503, Name: Bluelily Plant, Position: (267, 169)
2025-10-09 15:27:51,255 - TaskRunner - ERROR -      [18] Instance: 670241488, Name: Tomato Plant, Position: (232, 160)
2025-10-09 15:27:51,255 - TaskRunner - ERROR -      [19] Instance: 681511509, Name: Bluelily Plant, Position: (285, 176)
2025-10-09 15:27:51,255 - TaskRunner - ERROR -      [20] Instance: 694551447, Name: Bluelily Plant, Position: (306, 118)
2025-10-09 15:27:51,255 - TaskRunner - ERROR -      [21] Instance: 6840601446, Name: Bluelily Plant, Position: (296, 118)
2025-10-09 15:27:51,255 - TaskRunner - ERROR -      [22] Instance: 6217841448, Name: Bluelily Plant, Position: (312, 118)
2025-10-09 15:27:51,255 - TaskRunner - ERROR -      [23] Instance: 6748001453, Name: Bluelily Plant, Position: (278, 120)
2025-10-09 15:27:51,255 - TaskRunner - ERROR -      [24] Instance: 6323941455, Name: Bluelily Plant, Position: (290, 123)
2025-10-09 15:27:51,255 - TaskRunner - ERROR -      [25] Instance: 6523301457, Name: Bluelily Plant, Position: (284, 125)
2025-10-09 15:27:51,255 - TaskRunner - ERROR -      [26] Instance: 6306631458, Name: Bluelily Plant, Position: (303, 126)
2025-10-09 15:27:51,255 - TaskRunner - ERROR -      [27] Instance: 6183331459, Name: Bluelily Plant, Position: (265, 127)
2025-10-09 15:27:51,255 - TaskRunner - ERROR -      [28] Instance: 6696531461, Name: Bluelily Plant, Position: (313, 128)
2025-10-09 15:27:51,255 - TaskRunner - ERROR -      [29] Instance: 6770571462, Name: Bluelily Plant, Position: (272, 129)
2025-10-09 15:27:51,255 - TaskRunner - ERROR -      [30] Instance: 6771161463, Name: Bluelily Plant, Position: (308, 129)
2025-10-09 15:27:51,255 - TaskRunner - ERROR -      [31] Instance: 6754461466, Name: Tomato Plant, Position: (264, 133)
2025-10-09 15:27:51,255 - TaskRunner - ERROR -      [32] Instance: 6434541467, Name: Bluelily Plant, Position: (288, 135)
2025-10-09 15:27:51,256 - TaskRunner - ERROR -      [33] Instance: 6661531468, Name: Bluelily Plant, Position: (314, 136)
2025-10-09 15:27:51,256 - TaskRunner - ERROR -      [34] Instance: 6608771469, Name: Bluelily Plant, Position: (282, 139)
2025-10-09 15:27:51,256 - TaskRunner - ERROR -      [35] Instance: 6446551470, Name: Bluelily Plant, Position: (302, 141)
2025-10-09 15:27:51,256 - TaskRunner - ERROR -      [36] Instance: 6574701471, Name: Tomato Plant, Position: (265, 142)
2025-10-09 15:27:51,256 - TaskRunner - ERROR -      [37] Instance: 6150051473, Name: Bluelily Plant, Position: (255, 144)
2025-10-09 15:27:51,256 - TaskRunner - ERROR -      [38] Instance: 6253771474, Name: Bluelily Plant, Position: (266, 145)
2025-10-09 15:27:51,256 - TaskRunner - ERROR -      [39] Instance: 6686971475, Name: Bluelily Plant, Position: (287, 147)
2025-10-09 15:27:51,256 - TaskRunner - ERROR -      [40] Instance: 6611541477, Name: Bluelily Plant, Position: (273, 149)
2025-10-09 15:27:51,256 - TaskRunner - ERROR -      [41] Instance: 6660241479, Name: Bluelily Plant, Position: (289, 150)
2025-10-09 15:27:51,256 - TaskRunner - ERROR -      [42] Instance: 6340751481, Name: Bluelily Plant, Position: (243, 153)
2025-10-09 15:27:51,256 - TaskRunner - ERROR -      [43] Instance: 6912671482, Name: Bluelily Plant, Position: (281, 153)
2025-10-09 15:27:51,256 - TaskRunner - ERROR -      [44] Instance: 6804901484, Name: Bluelily Plant, Position: (310, 155)
2025-10-09 15:27:51,256 - TaskRunner - ERROR -      [45] Instance: 6557671486, Name: Tomato Plant, Position: (242, 159)
2025-10-09 15:27:51,256 - TaskRunner - ERROR -      [46] Instance: 6617971489, Name: Tomato Plant, Position: (265, 160)
2025-10-09 15:27:51,256 - TaskRunner - ERROR -      [47] Instance: 6802381491, Name: Bluelily Plant, Position: (303, 161)
2025-10-09 15:27:51,256 - TaskRunner - ERROR -      [48] Instance: 6756401493, Name: Bluelily Plant, Position: (239, 162)
2025-10-09 15:27:51,256 - TaskRunner - ERROR -      [49] Instance: 6206631494, Name: Bluelily Plant, Position: (280, 162)
2025-10-09 15:27:51,256 - TaskRunner - ERROR -      [50] Instance: 6292221495, Name: Bluelily Plant, Position: (290, 163)
2025-10-09 15:27:51,256 - TaskRunner - ERROR -      [51] Instance: 6972581498, Name: Bluelily Plant, Position: (246, 168)
2025-10-09 15:27:51,256 - TaskRunner - ERROR -      [52] Instance: 6249681499, Name: Bluelily Plant, Position: (315, 168)
2025-10-09 15:27:51,256 - TaskRunner - ERROR -      [53] Instance: 6530821502, Name: Tomato Plant, Position: (250, 169)
2025-10-09 15:27:51,256 - TaskRunner - ERROR -      [54] Instance: 6147211504, Name: Bluelily Plant, Position: (277, 169)
2025-10-09 15:27:51,257 - TaskRunner - ERROR -      [55] Instance: 6465491505, Name: Bluelily Plant, Position: (295, 172)
2025-10-09 15:27:51,257 - TaskRunner - ERROR -      [56] Instance: 6986881506, Name: Bluelily Plant, Position: (308, 172)
2025-10-09 15:27:51,257 - TaskRunner - ERROR -      [57] Instance: 6423591510, Name: Bluelily Plant, Position: (266, 177)
2025-10-09 15:27:51,257 - TaskRunner - ERROR -      [58] Instance: 6554241512, Name: Bluelily Plant, Position: (282, 180)
2025-10-09 15:27:51,257 - TaskRunner - ERROR -      [59] Instance: 6246861515, Name: Bluelily Plant, Position: (290, 184)
2025-10-09 15:27:51,257 - TaskRunner - ERROR -      [60] Instance: 6768321516, Name: Bluelily Plant, Position: (315, 184)
2025-10-09 15:27:51,257 - TaskRunner - ERROR -      [61] Instance: 6725691517, Name: Bluelily Plant, Position: (274, 186)
2025-10-09 15:27:51,257 - TaskRunner - ERROR -      [62] Instance: 6314001518, Name: Bluelily Plant, Position: (286, 190)
2025-10-09 15:27:51,257 - TaskRunner - ERROR -      [63] Instance: 6489651520, Name: Bluelily Plant, Position: (311, 194)
2025-10-09 15:27:51,257 - TaskRunner - ERROR -      [64] Instance: 6210561521, Name: Bluelily Plant, Position: (278, 196)
2025-10-09 15:27:51,257 - TaskRunner - ERROR -      [65] Instance: 6966181522, Name: Bluelily Plant, Position: (300, 196)
2025-10-09 15:27:51,257 - TaskRunner - ERROR -      [66] Instance: 6490161527, Name: Bluelily Plant, Position: (273, 200)
2025-10-09 15:27:51,257 - TaskRunner - ERROR -      [67] Instance: 6174021530, Name: Bluelily Plant, Position: (304, 203)
2025-10-09 15:27:51,257 - TaskRunner - ERROR -      [68] Instance: 6798661538, Name: Bluelily Plant, Position: (286, 208)
2025-10-09 15:27:51,257 - TaskRunner - ERROR -    - Total resources found: 69
2025-10-09 15:27:51,257 - TaskRunner - ERROR -    - Requested instance: 694441890
2025-10-09 15:27:51,291 - TaskRunner - INFO -     🔧 Tool called: harvest_resource(targetInstance=694441890)
2025-10-09 15:27:51,321 - TaskRunner - INFO -     📊 State: active | Actions: 13 | Chats: 5
2025-10-09 15:27:51,321 - TaskRunner - INFO -     📊 Lv.81 | XP:42391 | ❤️939/939 | 💙68/68 | 📍(290,155)
2025-10-09 15:27:51,321 - TaskRunner - INFO -     🔧 Tool call: harvest_resource(targetInstance=694441890)
2025-10-09 15:27:51,321 - TaskRunner - INFO -     ✅ Result: Error: Resource with instance 694441890 not found in current environment. Found 69 resources total.
2025-10-09 15:27:51,321 - TaskRunner - INFO -     💭 Content: harvest_resource(targetInstance=694441890)  Error: Resource with instance 694441890 not found in c...
2025-10-09 15:27:51,322 - TaskRunner - INFO - 📊 agent_2 observation recorded (round 23)
2025-10-09 15:27:51,322 - TaskRunner - INFO -   🤖 agent_3 executing tool call...
2025-10-09 15:28:29,742 - TaskRunner - INFO -     🔧 Tool called: harvest_resource(targetInstance=613552284)
2025-10-09 15:28:29,754 - TaskRunner - INFO -     📊 State: active | Actions: 11 | Chats: 4
2025-10-09 15:28:29,754 - TaskRunner - INFO -     📊 Lv.65 | XP:49157 | ❤️717/939 | 💙68/68 | 📍(273,81)
2025-10-09 15:28:29,754 - TaskRunner - INFO -     🔧 Tool call: harvest_resource(targetInstance=613552284)
2025-10-09 15:28:29,754 - TaskRunner - INFO -     ✅ Result: Moved closer to Oak2 Tree at (274, 82) from position (273, 81). ⏳ HARVEST IN PROGRESS: Chopping Oak2 Tree at (274, 82)
2025-10-09 15:28:29,755 - TaskRunner - INFO -     💭 Content: harvest_resource(targetInstance=613552284)  Moved closer to Oak2 Tree at (274, 82) from position (...
2025-10-09 15:28:29,755 - TaskRunner - INFO - 📊 agent_3 observation recorded (round 23)
2025-10-09 15:28:29,755 - TaskRunner - INFO -   🤖 agent_4 executing tool call...
2025-10-09 15:28:35,067 - TaskRunner - INFO -     🔧 Tool called: move_character(x=234, y=43)
2025-10-09 15:28:35,101 - TaskRunner - INFO -     📊 State: active | Actions: 8 | Chats: 7
2025-10-09 15:28:35,101 - TaskRunner - INFO -     📊 Lv.58 | XP:38132 | ❤️0/939 | 💙68/68 | 📍(237,44) ⚔️
2025-10-09 15:28:35,101 - TaskRunner - INFO -     🔧 Tool call: move_character(x=234, y=43)
2025-10-09 15:28:35,101 - TaskRunner - INFO -     ✅ Result: Character moved from (237, 44) to (234, 43) (distance: 4 tiles)
2025-10-09 15:28:35,101 - TaskRunner - INFO -     💭 Content: move_character(x=234, y=43)  Character moved from (237, 44) to (234, 43) (distance: 4 tiles)
2025-10-09 15:28:35,102 - TaskRunner - INFO - 📊 agent_4 observation recorded (round 23)
2025-10-09 15:28:35,102 - TaskRunner - INFO -   🤖 agent_5 executing tool call...
2025-10-09 15:28:40,130 - TaskRunner - INFO -     💭 No tool call (thinking/planning)
2025-10-09 15:28:40,151 - TaskRunner - INFO -     📊 State: active | Actions: 12 | Chats: 3
2025-10-09 15:28:40,151 - TaskRunner - INFO -     📊 Lv.81 | XP:45225 | ❤️638/939 | 💙68/68 | 📍(274,82)
2025-10-09 15:28:40,151 - TaskRunner - INFO -     🔧 Tool call: verify_inventory(required_items=['logs'])
2025-10-09 15:28:40,151 - TaskRunner - INFO -     ✅ Result: 📋 INVENTORY VERIFICATION:
2025-10-09 15:28:40,151 - TaskRunner - INFO -     💭 Content: verify_inventory(required_items=['logs'])  📋 INVENTORY VERIFICATION: 🎒 Complete Inventory: flask (...
2025-10-09 15:28:40,151 - TaskRunner - INFO - 📊 agent_5 observation recorded (round 23)
2025-10-09 15:28:40,151 - TaskRunner - INFO - 📊 Round 23 Summary: Active=5, Completed=0, Failed=0
2025-10-09 15:28:40,151 - TaskRunner - INFO - ================================================================================
2025-10-09 15:28:40,151 - TaskRunner - INFO - 🔄 ROUND 24
2025-10-09 15:28:40,151 - TaskRunner - INFO - ================================================================================
2025-10-09 15:28:40,151 - TaskRunner - INFO -   🤖 agent_1 executing tool call...
2025-10-09 15:28:44,977 - TaskRunner - INFO -     🔧 Tool called: move_character(x=250, y=40)
2025-10-09 15:28:45,003 - TaskRunner - INFO -     📊 State: active | Actions: 17 | Chats: 3
2025-10-09 15:28:45,003 - TaskRunner - INFO -     📊 Lv.91 | XP:57112 | ❤️939/939 | 💙68/68 | 📍(250,40)
2025-10-09 15:28:45,003 - TaskRunner - INFO -     🔧 Tool call: move_character(x=250, y=40)
2025-10-09 15:28:45,003 - TaskRunner - INFO -     ✅ Result: Character moved from (235, 42) to (250, 40) (distance: 17 tiles)
2025-10-09 15:28:45,003 - TaskRunner - INFO -     💭 Content: move_character(x=250, y=40)  Character moved from (235, 42) to (250, 40) (distance: 17 tiles)
2025-10-09 15:28:45,004 - TaskRunner - INFO - 📊 agent_1 observation recorded (round 24)
2025-10-09 15:28:45,004 - TaskRunner - INFO -   🤖 agent_2 executing tool call...
2025-10-09 15:28:51,076 - TaskRunner - INFO -     🔧 Tool called: move_character(x=290, y=155)
2025-10-09 15:28:51,105 - TaskRunner - INFO -     📊 State: active | Actions: 14 | Chats: 5
2025-10-09 15:28:51,105 - TaskRunner - INFO -     📊 Lv.81 | XP:42421 | ❤️939/939 | 💙68/68 | 📍(290,155)
2025-10-09 15:28:51,105 - TaskRunner - INFO -     🔧 Tool call: move_character(x=290, y=155)
2025-10-09 15:28:51,105 - TaskRunner - INFO -     ✅ Result: Character moved from (290, 155) to (290, 155) (distance: 0 tiles)
2025-10-09 15:28:51,105 - TaskRunner - INFO -     💭 Content: move_character(x=290, y=155)  Character moved from (290, 155) to (290, 155) (distance: 0 tiles)
2025-10-09 15:28:51,106 - TaskRunner - INFO - 📊 agent_2 observation recorded (round 24)
2025-10-09 15:28:51,106 - TaskRunner - INFO -   🤖 agent_3 executing tool call...
2025-10-09 15:28:56,579 - TaskRunner - INFO -     💭 No tool call (thinking/planning)
2025-10-09 15:28:56,602 - TaskRunner - INFO -     📊 State: active | Actions: 11 | Chats: 4
2025-10-09 15:28:56,602 - TaskRunner - INFO -     📊 Lv.65 | XP:49177 | ❤️737/939 | 💙68/68 | 📍(273,81)
2025-10-09 15:28:56,602 - TaskRunner - INFO -     🔧 Tool call: verify_inventory(required_items=['logs'])
2025-10-09 15:28:56,602 - TaskRunner - INFO -     ✅ Result: 📋 INVENTORY VERIFICATION:
2025-10-09 15:28:56,602 - TaskRunner - INFO -     💭 Content: verify_inventory(required_items=['logs'])  📋 INVENTORY VERIFICATION: 🎒 Complete Inventory: flask (...
2025-10-09 15:28:56,603 - TaskRunner - INFO - 📊 agent_3 observation recorded (round 24)
2025-10-09 15:28:56,603 - TaskRunner - INFO -   🤖 agent_4 executing tool call...
2025-10-09 15:29:03,913 - TaskRunner - ERROR - ❌ [HTTP ERROR] POST /ai/collect - Attempt 1/3
2025-10-09 15:29:03,913 - TaskRunner - ERROR -    📍 URL: http://localhost:7031/ai/collect
2025-10-09 15:29:03,913 - TaskRunner - ERROR -    📊 Status Code: 400
2025-10-09 15:29:03,914 - TaskRunner - ERROR -    💬 Error Message: Too far from resource
2025-10-09 15:29:03,914 - TaskRunner - ERROR -    📤 Request Data: {"token": "e6a6b8d95da1a9cd20191ad2abafea74", "targetInstance": "647177187"}
2025-10-09 15:29:03,914 - TaskRunner - ERROR -    📤 Request Params: None
2025-10-09 15:29:03,914 - TaskRunner - ERROR -    📥 Response Headers: {"X-Powered-By": "Express", "Content-Type": "application/json; charset=utf-8", "Content-Length": "81", "ETag": "W/\"51-TrQi3uoDkJwJhxINJOHVjSM+MjM\"", "Date": "Thu, 09 Oct 2025 19:29:03 GMT", "Connection": "keep-alive", "Keep-Alive": "timeout=5"}
2025-10-09 15:29:03,914 - TaskRunner - ERROR -    📥 Full Response: {"status":"error","message":"Too far from resource","distance":5,"maxDistance":2}
2025-10-09 15:29:03,914 - TaskRunner - ERROR - ❌ [HTTP ERROR] POST /ai/collect - Attempt 1/3
2025-10-09 15:29:03,914 - TaskRunner - ERROR -    📍 URL: http://localhost:7031/ai/collect
2025-10-09 15:29:03,914 - TaskRunner - ERROR -    📊 Status Code: 400
2025-10-09 15:29:03,915 - TaskRunner - ERROR -    💬 Error Message: Too far from resource
2025-10-09 15:29:03,915 - TaskRunner - ERROR -    📤 Request Data: {"token": "e6a6b8d95da1a9cd20191ad2abafea74", "targetInstance": "647177187"}
2025-10-09 15:29:03,915 - TaskRunner - ERROR -    📤 Request Params: None
2025-10-09 15:29:03,915 - TaskRunner - ERROR -    📥 Response Headers: {"X-Powered-By": "Express", "Content-Type": "application/json; charset=utf-8", "Content-Length": "81", "ETag": "W/\"51-TrQi3uoDkJwJhxINJOHVjSM+MjM\"", "Date": "Thu, 09 Oct 2025 19:29:03 GMT", "Connection": "keep-alive", "Keep-Alive": "timeout=5"}
2025-10-09 15:29:03,915 - TaskRunner - ERROR -    📥 Full Response: {"status":"error","message":"Too far from resource","distance":5,"maxDistance":2}
2025-10-09 15:29:04,920 - TaskRunner - ERROR - ❌ [HTTP ERROR] POST /ai/collect - Attempt 2/3
2025-10-09 15:29:04,920 - TaskRunner - ERROR -    📍 URL: http://localhost:7031/ai/collect
2025-10-09 15:29:04,920 - TaskRunner - ERROR -    📊 Status Code: 400
2025-10-09 15:29:04,920 - TaskRunner - ERROR -    💬 Error Message: Too far from resource
2025-10-09 15:29:04,920 - TaskRunner - ERROR -    📤 Request Data: {"token": "e6a6b8d95da1a9cd20191ad2abafea74", "targetInstance": "647177187"}
2025-10-09 15:29:04,920 - TaskRunner - ERROR -    📤 Request Params: None
2025-10-09 15:29:04,920 - TaskRunner - ERROR -    📥 Response Headers: {"X-Powered-By": "Express", "Content-Type": "application/json; charset=utf-8", "Content-Length": "81", "ETag": "W/\"51-TrQi3uoDkJwJhxINJOHVjSM+MjM\"", "Date": "Thu, 09 Oct 2025 19:29:04 GMT", "Connection": "keep-alive", "Keep-Alive": "timeout=5"}
2025-10-09 15:29:04,921 - TaskRunner - ERROR -    📥 Full Response: {"status":"error","message":"Too far from resource","distance":5,"maxDistance":2}
2025-10-09 15:29:04,921 - TaskRunner - ERROR - ❌ [HTTP ERROR] POST /ai/collect - Attempt 2/3
2025-10-09 15:29:04,921 - TaskRunner - ERROR -    📍 URL: http://localhost:7031/ai/collect
2025-10-09 15:29:04,921 - TaskRunner - ERROR -    📊 Status Code: 400
2025-10-09 15:29:04,921 - TaskRunner - ERROR -    💬 Error Message: Too far from resource
2025-10-09 15:29:04,921 - TaskRunner - ERROR -    📤 Request Data: {"token": "e6a6b8d95da1a9cd20191ad2abafea74", "targetInstance": "647177187"}
2025-10-09 15:29:04,921 - TaskRunner - ERROR -    📤 Request Params: None
2025-10-09 15:29:04,921 - TaskRunner - ERROR -    📥 Response Headers: {"X-Powered-By": "Express", "Content-Type": "application/json; charset=utf-8", "Content-Length": "81", "ETag": "W/\"51-TrQi3uoDkJwJhxINJOHVjSM+MjM\"", "Date": "Thu, 09 Oct 2025 19:29:04 GMT", "Connection": "keep-alive", "Keep-Alive": "timeout=5"}
2025-10-09 15:29:04,922 - TaskRunner - ERROR -    📥 Full Response: {"status":"error","message":"Too far from resource","distance":5,"maxDistance":2}
2025-10-09 15:29:05,926 - TaskRunner - ERROR - ❌ [HTTP ERROR] POST /ai/collect - Attempt 3/3
2025-10-09 15:29:05,927 - TaskRunner - ERROR -    📍 URL: http://localhost:7031/ai/collect
2025-10-09 15:29:05,927 - TaskRunner - ERROR -    📊 Status Code: 400
2025-10-09 15:29:05,927 - TaskRunner - ERROR -    💬 Error Message: Too far from resource
2025-10-09 15:29:05,927 - TaskRunner - ERROR -    📤 Request Data: {"token": "e6a6b8d95da1a9cd20191ad2abafea74", "targetInstance": "647177187"}
2025-10-09 15:29:05,927 - TaskRunner - ERROR -    📤 Request Params: None
2025-10-09 15:29:05,927 - TaskRunner - ERROR -    📥 Response Headers: {"X-Powered-By": "Express", "Content-Type": "application/json; charset=utf-8", "Content-Length": "81", "ETag": "W/\"51-TrQi3uoDkJwJhxINJOHVjSM+MjM\"", "Date": "Thu, 09 Oct 2025 19:29:05 GMT", "Connection": "keep-alive", "Keep-Alive": "timeout=5"}
2025-10-09 15:29:05,927 - TaskRunner - ERROR -    📥 Full Response: {"status":"error","message":"Too far from resource","distance":5,"maxDistance":2}
2025-10-09 15:29:05,928 - TaskRunner - ERROR - ❌ [HTTP ERROR] POST /ai/collect - Attempt 3/3
2025-10-09 15:29:05,928 - TaskRunner - ERROR -    📍 URL: http://localhost:7031/ai/collect
2025-10-09 15:29:05,928 - TaskRunner - ERROR -    📊 Status Code: 400
2025-10-09 15:29:05,928 - TaskRunner - ERROR -    💬 Error Message: Too far from resource
2025-10-09 15:29:05,928 - TaskRunner - ERROR -    📤 Request Data: {"token": "e6a6b8d95da1a9cd20191ad2abafea74", "targetInstance": "647177187"}
2025-10-09 15:29:05,928 - TaskRunner - ERROR -    📤 Request Params: None
2025-10-09 15:29:05,928 - TaskRunner - ERROR -    📥 Response Headers: {"X-Powered-By": "Express", "Content-Type": "application/json; charset=utf-8", "Content-Length": "81", "ETag": "W/\"51-TrQi3uoDkJwJhxINJOHVjSM+MjM\"", "Date": "Thu, 09 Oct 2025 19:29:05 GMT", "Connection": "keep-alive", "Keep-Alive": "timeout=5"}
2025-10-09 15:29:05,928 - TaskRunner - ERROR -    📥 Full Response: {"status":"error","message":"Too far from resource","distance":5,"maxDistance":2}
2025-10-09 15:29:05,928 - TaskRunner - ERROR - ❌ FINAL HTTP ERROR: HTTP 400 error after 3 attempts: 400 Client Error: Bad Request for url: http://localhost:7031/ai/collect
2025-10-09 15:29:05,929 - TaskRunner - ERROR - ❌ HARVEST ERROR: Moved closer to Oak2 Tree at (233, 43) from position (234, 44). Failed to start chopping Oak2 Tree: API returned status 'error' with message: HTTP 400 error after 3 attempts: 400 Client Error: Bad Request for url: http://localhost:7031/ai/collect
2025-10-09 15:29:05,967 - TaskRunner - INFO -     🔧 Tool called: harvest_resource(targetInstance=647177187)
2025-10-09 15:29:06,004 - TaskRunner - INFO -     📊 State: active | Actions: 9 | Chats: 7
2025-10-09 15:29:06,005 - TaskRunner - INFO -     📊 Lv.58 | XP:38172 | ❤️0/939 | 💙68/68 | 📍(237,44) ⚔️
2025-10-09 15:29:06,005 - TaskRunner - INFO -     🔧 Tool call: harvest_resource(targetInstance=647177187)
2025-10-09 15:29:06,005 - TaskRunner - INFO -     ✅ Result: Moved closer to Oak2 Tree at (233, 43) from position (234, 44). Failed to start chopping Oak2 Tree: API returned status 'error' with message: HTTP 400 error after 3 attempts: 400 Client Error: Bad Request for url: http://localhost:7031/ai/collect
2025-10-09 15:29:06,005 - TaskRunner - INFO -     💭 Content: harvest_resource(targetInstance=647177187)  Moved closer to Oak2 Tree at (233, 43) from position (...
2025-10-09 15:29:06,005 - TaskRunner - INFO - 📊 agent_4 observation recorded (round 24)
2025-10-09 15:29:06,006 - TaskRunner - INFO -   🤖 agent_5 executing tool call...
2025-10-09 15:29:15,711 - TaskRunner - INFO -     🔧 Tool called: chat(message=Team, I've made multiple attem...)
2025-10-09 15:29:15,712 - TaskRunner - INFO - 💬 agent_5: Team, I've made multiple attempts to harvest Oak2 Trees across different locations including (259, 26), (262, 38), (256, 58), (257, 66), and now at (274, 82), but I haven't successfully obtained any logs. This suggests there might be an issue with the harvesting mechanics or these trees are depleted. I need guidance on how to proceed with obtaining logs for our crafting needs. Should I try different tree types or locations? Please advise.
2025-10-09 15:29:15,735 - TaskRunner - INFO -     📊 State: active | Actions: 12 | Chats: 4
2025-10-09 15:29:15,735 - TaskRunner - INFO -     📊 Lv.81 | XP:45295 | ❤️663/939 | 💙68/68 | 📍(274,82)
2025-10-09 15:29:15,735 - TaskRunner - INFO -     🔧 Tool call: chat(message=Team, I've made multiple attem...)
2025-10-09 15:29:15,735 - TaskRunner - INFO -     ✅ Result: Global chat message sent: Team, I've made multiple attempts to harvest Oak2 Trees across different locations including (259, 26), (262, 38), (256, 58), (257, 66), and now at (274, 82), but I haven't successfully obtained any logs. This suggests there might be an issue with the harvesting mechanics or these trees are depleted. I need guidance on how to proceed with obtaining logs for our crafting needs. Should I try different tree types or locations? Please advise.
2025-10-09 15:29:15,735 - TaskRunner - INFO -     💭 Content: chat(message=Team, I've made multiple attem...)  Global chat message sent: Team, I've made multipl...
2025-10-09 15:29:15,736 - TaskRunner - INFO - 📊 agent_5 observation recorded (round 24)
2025-10-09 15:29:15,736 - TaskRunner - INFO - 📊 Round 24 Summary: Active=5, Completed=0, Failed=0
2025-10-09 15:29:15,736 - TaskRunner - INFO - ================================================================================
2025-10-09 15:29:15,737 - TaskRunner - INFO - 🔄 ROUND 25
2025-10-09 15:29:15,737 - TaskRunner - INFO - ================================================================================
2025-10-09 15:29:15,737 - TaskRunner - INFO -   🤖 agent_1 executing tool call...
2025-10-09 15:29:20,964 - TaskRunner - INFO -     💭 No tool call (thinking/planning)
2025-10-09 15:29:20,993 - TaskRunner - INFO -     📊 State: active | Actions: 17 | Chats: 3
2025-10-09 15:29:20,993 - TaskRunner - INFO -     📊 Lv.91 | XP:57112 | ❤️939/939 | 💙68/68 | 📍(250,40)
2025-10-09 15:29:20,994 - TaskRunner - INFO -     🔧 Tool call: check_inventory_status()
2025-10-09 15:29:20,994 - TaskRunner - INFO -     ✅ Result: 🎒 CURRENT INVENTORY: flask (15x), apple (20x)
2025-10-09 15:29:20,994 - TaskRunner - INFO -     💭 Content: check_inventory_status()  🎒 CURRENT INVENTORY: flask (15x), apple (20x)
2025-10-09 15:29:20,994 - TaskRunner - INFO - 📊 agent_1 observation recorded (round 25)
2025-10-09 15:29:20,995 - TaskRunner - INFO -   🤖 agent_2 executing tool call...
2025-10-09 15:29:28,702 - TaskRunner - INFO -     🔧 Tool called: chat(message=I'm at (290, 155)
2025-10-09 15:29:28,702 - TaskRunner - INFO - 💬 agent_2: I'm at (290, 155) and unable to find coal deposits in the current area. Team, I need assistance locating Coal Rocks for harvesting. Mastersmeltergamma, please advise if you have any information about nearby coal sources. I'm ready to gather fuel as soon as I can locate viable mining spots.
2025-10-09 15:29:28,724 - TaskRunner - INFO -     📊 State: active | Actions: 14 | Chats: 6
2025-10-09 15:29:28,724 - TaskRunner - INFO -     📊 Lv.81 | XP:42451 | ❤️939/939 | 💙68/68 | 📍(290,155)
2025-10-09 15:29:28,724 - TaskRunner - INFO -     🔧 Tool call: chat(message=I'm at (290, 155) and unable t...)
2025-10-09 15:29:28,724 - TaskRunner - INFO -     ✅ Result: Global chat message sent: I'm at (290, 155) and unable to find coal deposits in the current area. Team, I need assistance locating Coal Rocks for harvesting. Mastersmeltergamma, please advise if you have any information about nearby coal sources. I'm ready to gather fuel as soon as I can locate viable mining spots.
2025-10-09 15:29:28,724 - TaskRunner - INFO -     💭 Content: chat(message=I'm at (290, 155) and unable t...)  Global chat message sent: I'm at (290, 155) and u...
2025-10-09 15:29:28,725 - TaskRunner - INFO - 📊 agent_2 observation recorded (round 25)
2025-10-09 15:29:28,725 - TaskRunner - INFO -   🤖 agent_3 executing tool call...
2025-10-09 15:29:36,433 - TaskRunner - INFO -     🔧 Tool called: chat(message=Team, I've attempted to harves...)
2025-10-09 15:29:36,434 - TaskRunner - INFO - 💬 agent_3: Team, I've attempted to harvest multiple Oak2 Trees but haven't successfully obtained any logs. I'm not sure why the harvesting isn't yielding resources. Could someone confirm if they're having success with tree harvesting? I'll continue trying different trees in the area.
2025-10-09 15:29:36,454 - TaskRunner - INFO -     📊 State: active | Actions: 11 | Chats: 5
2025-10-09 15:29:36,454 - TaskRunner - INFO -     📊 Lv.65 | XP:49227 | ❤️767/939 | 💙68/68 | 📍(273,81)
2025-10-09 15:29:36,454 - TaskRunner - INFO -     🔧 Tool call: chat(message=Team, I've attempted to harves...)
2025-10-09 15:29:36,454 - TaskRunner - INFO -     ✅ Result: Global chat message sent: Team, I've attempted to harvest multiple Oak2 Trees but haven't successfully obtained any logs. I'm not sure why the harvesting isn't yielding resources. Could someone confirm if they're having success with tree harvesting? I'll continue trying different trees in the area.
2025-10-09 15:29:36,454 - TaskRunner - INFO -     💭 Content: chat(message=Team, I've attempted to harves...)  Global chat message sent: Team, I've attempted to...
2025-10-09 15:29:36,455 - TaskRunner - INFO - 📊 agent_3 observation recorded (round 25)
2025-10-09 15:29:36,455 - TaskRunner - INFO -   🤖 agent_4 executing tool call...
2025-10-09 15:29:43,043 - TaskRunner - ERROR - ❌ [HTTP ERROR] POST /ai/collect - Attempt 1/3
2025-10-09 15:29:43,043 - TaskRunner - ERROR -    📍 URL: http://localhost:7031/ai/collect
2025-10-09 15:29:43,043 - TaskRunner - ERROR -    📊 Status Code: 400
2025-10-09 15:29:43,043 - TaskRunner - ERROR -    💬 Error Message: Too far from resource
2025-10-09 15:29:43,043 - TaskRunner - ERROR -    📤 Request Data: {"token": "e6a6b8d95da1a9cd20191ad2abafea74", "targetInstance": "66772143"}
2025-10-09 15:29:43,043 - TaskRunner - ERROR -    📤 Request Params: None
2025-10-09 15:29:43,043 - TaskRunner - ERROR -    📥 Response Headers: {"X-Powered-By": "Express", "Content-Type": "application/json; charset=utf-8", "Content-Length": "82", "ETag": "W/\"52-5QusULG3z+fHEQRsXGjQMxTolNg\"", "Date": "Thu, 09 Oct 2025 19:29:43 GMT", "Connection": "keep-alive", "Keep-Alive": "timeout=5"}
2025-10-09 15:29:43,043 - TaskRunner - ERROR -    📥 Full Response: {"status":"error","message":"Too far from resource","distance":16,"maxDistance":2}
2025-10-09 15:29:43,044 - TaskRunner - ERROR - ❌ [HTTP ERROR] POST /ai/collect - Attempt 1/3
2025-10-09 15:29:43,044 - TaskRunner - ERROR -    📍 URL: http://localhost:7031/ai/collect
2025-10-09 15:29:43,044 - TaskRunner - ERROR -    📊 Status Code: 400
2025-10-09 15:29:43,044 - TaskRunner - ERROR -    💬 Error Message: Too far from resource
2025-10-09 15:29:43,044 - TaskRunner - ERROR -    📤 Request Data: {"token": "e6a6b8d95da1a9cd20191ad2abafea74", "targetInstance": "66772143"}
2025-10-09 15:29:43,044 - TaskRunner - ERROR -    📤 Request Params: None
2025-10-09 15:29:43,044 - TaskRunner - ERROR -    📥 Response Headers: {"X-Powered-By": "Express", "Content-Type": "application/json; charset=utf-8", "Content-Length": "82", "ETag": "W/\"52-5QusULG3z+fHEQRsXGjQMxTolNg\"", "Date": "Thu, 09 Oct 2025 19:29:43 GMT", "Connection": "keep-alive", "Keep-Alive": "timeout=5"}
2025-10-09 15:29:43,044 - TaskRunner - ERROR -    📥 Full Response: {"status":"error","message":"Too far from resource","distance":16,"maxDistance":2}
2025-10-09 15:29:44,049 - TaskRunner - ERROR - ❌ [HTTP ERROR] POST /ai/collect - Attempt 2/3
2025-10-09 15:29:44,049 - TaskRunner - ERROR -    📍 URL: http://localhost:7031/ai/collect
2025-10-09 15:29:44,049 - TaskRunner - ERROR -    📊 Status Code: 400
2025-10-09 15:29:44,049 - TaskRunner - ERROR -    💬 Error Message: Too far from resource
2025-10-09 15:29:44,049 - TaskRunner - ERROR -    📤 Request Data: {"token": "e6a6b8d95da1a9cd20191ad2abafea74", "targetInstance": "66772143"}
2025-10-09 15:29:44,049 - TaskRunner - ERROR -    📤 Request Params: None
2025-10-09 15:29:44,049 - TaskRunner - ERROR -    📥 Response Headers: {"X-Powered-By": "Express", "Content-Type": "application/json; charset=utf-8", "Content-Length": "82", "ETag": "W/\"52-5QusULG3z+fHEQRsXGjQMxTolNg\"", "Date": "Thu, 09 Oct 2025 19:29:44 GMT", "Connection": "keep-alive", "Keep-Alive": "timeout=5"}
2025-10-09 15:29:44,050 - TaskRunner - ERROR -    📥 Full Response: {"status":"error","message":"Too far from resource","distance":16,"maxDistance":2}
2025-10-09 15:29:44,050 - TaskRunner - ERROR - ❌ [HTTP ERROR] POST /ai/collect - Attempt 2/3
2025-10-09 15:29:44,050 - TaskRunner - ERROR -    📍 URL: http://localhost:7031/ai/collect
2025-10-09 15:29:44,050 - TaskRunner - ERROR -    📊 Status Code: 400
2025-10-09 15:29:44,050 - TaskRunner - ERROR -    💬 Error Message: Too far from resource
2025-10-09 15:29:44,050 - TaskRunner - ERROR -    📤 Request Data: {"token": "e6a6b8d95da1a9cd20191ad2abafea74", "targetInstance": "66772143"}
2025-10-09 15:29:44,050 - TaskRunner - ERROR -    📤 Request Params: None
2025-10-09 15:29:44,051 - TaskRunner - ERROR -    📥 Response Headers: {"X-Powered-By": "Express", "Content-Type": "application/json; charset=utf-8", "Content-Length": "82", "ETag": "W/\"52-5QusULG3z+fHEQRsXGjQMxTolNg\"", "Date": "Thu, 09 Oct 2025 19:29:44 GMT", "Connection": "keep-alive", "Keep-Alive": "timeout=5"}
2025-10-09 15:29:44,051 - TaskRunner - ERROR -    📥 Full Response: {"status":"error","message":"Too far from resource","distance":16,"maxDistance":2}
2025-10-09 15:29:45,055 - TaskRunner - ERROR - ❌ [HTTP ERROR] POST /ai/collect - Attempt 3/3
2025-10-09 15:29:45,055 - TaskRunner - ERROR -    📍 URL: http://localhost:7031/ai/collect
2025-10-09 15:29:45,055 - TaskRunner - ERROR -    📊 Status Code: 400
2025-10-09 15:29:45,055 - TaskRunner - ERROR -    💬 Error Message: Too far from resource
2025-10-09 15:29:45,056 - TaskRunner - ERROR -    📤 Request Data: {"token": "e6a6b8d95da1a9cd20191ad2abafea74", "targetInstance": "66772143"}
2025-10-09 15:29:45,056 - TaskRunner - ERROR -    📤 Request Params: None
2025-10-09 15:29:45,056 - TaskRunner - ERROR -    📥 Response Headers: {"X-Powered-By": "Express", "Content-Type": "application/json; charset=utf-8", "Content-Length": "82", "ETag": "W/\"52-5QusULG3z+fHEQRsXGjQMxTolNg\"", "Date": "Thu, 09 Oct 2025 19:29:45 GMT", "Connection": "keep-alive", "Keep-Alive": "timeout=5"}
2025-10-09 15:29:45,056 - TaskRunner - ERROR -    📥 Full Response: {"status":"error","message":"Too far from resource","distance":16,"maxDistance":2}
2025-10-09 15:29:45,056 - TaskRunner - ERROR - ❌ [HTTP ERROR] POST /ai/collect - Attempt 3/3
2025-10-09 15:29:45,056 - TaskRunner - ERROR -    📍 URL: http://localhost:7031/ai/collect
2025-10-09 15:29:45,056 - TaskRunner - ERROR -    📊 Status Code: 400
2025-10-09 15:29:45,056 - TaskRunner - ERROR -    💬 Error Message: Too far from resource
2025-10-09 15:29:45,057 - TaskRunner - ERROR -    📤 Request Data: {"token": "e6a6b8d95da1a9cd20191ad2abafea74", "targetInstance": "66772143"}
2025-10-09 15:29:45,057 - TaskRunner - ERROR -    📤 Request Params: None
2025-10-09 15:29:45,057 - TaskRunner - ERROR -    📥 Response Headers: {"X-Powered-By": "Express", "Content-Type": "application/json; charset=utf-8", "Content-Length": "82", "ETag": "W/\"52-5QusULG3z+fHEQRsXGjQMxTolNg\"", "Date": "Thu, 09 Oct 2025 19:29:45 GMT", "Connection": "keep-alive", "Keep-Alive": "timeout=5"}
2025-10-09 15:29:45,057 - TaskRunner - ERROR -    📥 Full Response: {"status":"error","message":"Too far from resource","distance":16,"maxDistance":2}
2025-10-09 15:29:45,057 - TaskRunner - ERROR - ❌ FINAL HTTP ERROR: HTTP 400 error after 3 attempts: 400 Client Error: Bad Request for url: http://localhost:7031/ai/collect
2025-10-09 15:29:45,057 - TaskRunner - ERROR - ❌ HARVEST ERROR: Moved closer to Oak2 Tree at (239, 30) from position (238, 31). Failed to start chopping Oak2 Tree: API returned status 'error' with message: HTTP 400 error after 3 attempts: 400 Client Error: Bad Request for url: http://localhost:7031/ai/collect
2025-10-09 15:29:45,096 - TaskRunner - INFO -     🔧 Tool called: harvest_resource(targetInstance=66772143)
2025-10-09 15:29:45,133 - TaskRunner - INFO -     📊 State: active | Actions: 10 | Chats: 7
2025-10-09 15:29:45,134 - TaskRunner - INFO -     📊 Lv.58 | XP:38252 | ❤️0/939 | 💙68/68 | 📍(237,44) ⚔️
2025-10-09 15:29:45,134 - TaskRunner - INFO -     🔧 Tool call: harvest_resource(targetInstance=66772143)
2025-10-09 15:29:45,134 - TaskRunner - INFO -     ✅ Result: Moved closer to Oak2 Tree at (239, 30) from position (238, 31). Failed to start chopping Oak2 Tree: API returned status 'error' with message: HTTP 400 error after 3 attempts: 400 Client Error: Bad Request for url: http://localhost:7031/ai/collect
2025-10-09 15:29:45,134 - TaskRunner - INFO -     💭 Content: harvest_resource(targetInstance=66772143)  Moved closer to Oak2 Tree at (239, 30) from position (2...
2025-10-09 15:29:45,135 - TaskRunner - INFO - 📊 agent_4 observation recorded (round 25)
2025-10-09 15:29:45,135 - TaskRunner - INFO -   🤖 agent_5 executing tool call...
2025-10-09 15:29:49,990 - TaskRunner - INFO -     🔧 Tool called: move_character(x=285, y=78)
2025-10-09 15:29:50,020 - TaskRunner - INFO -     📊 State: active | Actions: 13 | Chats: 4
2025-10-09 15:29:50,020 - TaskRunner - INFO -     📊 Lv.81 | XP:45365 | ❤️688/939 | 💙68/68 | 📍(257,66)
2025-10-09 15:29:50,020 - TaskRunner - INFO -     🔧 Tool call: move_character(x=285, y=78)
2025-10-09 15:29:50,020 - TaskRunner - INFO -     ✅ Result: Character moved from (274, 82) to (285, 78) (distance: 15 tiles)
2025-10-09 15:29:50,020 - TaskRunner - INFO -     💭 Content: move_character(x=285, y=78)  Character moved from (274, 82) to (285, 78) (distance: 15 tiles)
2025-10-09 15:29:50,021 - TaskRunner - INFO - 📊 agent_5 observation recorded (round 25)
2025-10-09 15:29:50,021 - TaskRunner - INFO - 📊 Round 25 Summary: Active=5, Completed=0, Failed=0
2025-10-09 15:29:50,021 - TaskRunner - INFO - ================================================================================
2025-10-09 15:29:50,022 - TaskRunner - INFO - 🔄 ROUND 26
2025-10-09 15:29:50,022 - TaskRunner - INFO - ================================================================================
2025-10-09 15:29:50,022 - TaskRunner - INFO -   🤖 agent_1 executing tool call...
2025-10-09 15:29:57,709 - TaskRunner - INFO -     🔧 Tool called: chat(message=I've searched multiple rock ty...)
2025-10-09 15:29:57,709 - TaskRunner - INFO - 💬 agent_1: I've searched multiple rock types but haven't found Iron Rocks yet. Team, I need help locating actual Iron Rocks to get ironore for our smelting operations. Should we try a different region? What's our next move for establishing the mining pipeline?
2025-10-09 15:29:57,743 - TaskRunner - INFO -     📊 State: active | Actions: 17 | Chats: 4
2025-10-09 15:29:57,744 - TaskRunner - INFO -     📊 Lv.91 | XP:57112 | ❤️939/939 | 💙68/68 | 📍(250,40)
2025-10-09 15:29:57,744 - TaskRunner - INFO -     🔧 Tool call: chat(message=I've searched multiple rock ty...)
2025-10-09 15:29:57,744 - TaskRunner - INFO -     ✅ Result: Global chat message sent: I've searched multiple rock types but haven't found Iron Rocks yet. Team, I need help locating actual Iron Rocks to get ironore for our smelting operations. Should we try a different region? What's our next move for establishing the mining pipeline?
2025-10-09 15:29:57,744 - TaskRunner - INFO -     💭 Content: chat(message=I've searched multiple rock ty...)  Global chat message sent: I've searched multiple...
2025-10-09 15:29:57,745 - TaskRunner - INFO - 📊 agent_1 observation recorded (round 26)
2025-10-09 15:29:57,745 - TaskRunner - INFO -   🤖 agent_2 executing tool call...
2025-10-09 15:30:04,036 - TaskRunner - INFO -     💭 No tool call (thinking/planning)
2025-10-09 15:30:04,052 - TaskRunner - INFO -     📊 State: active | Actions: 14 | Chats: 6
2025-10-09 15:30:04,052 - TaskRunner - INFO -     📊 Lv.81 | XP:42466 | ❤️939/939 | 💙68/68 | 📍(290,155)
2025-10-09 15:30:04,052 - TaskRunner - INFO -     🔧 Tool call: check_inventory_status()
2025-10-09 15:30:04,052 - TaskRunner - INFO -     ✅ Result: 🎒 CURRENT INVENTORY: flask (15x), apple (20x)
2025-10-09 15:30:04,052 - TaskRunner - INFO -     💭 Content: check_inventory_status()  🎒 CURRENT INVENTORY: flask (15x), apple (20x)
2025-10-09 15:30:04,052 - TaskRunner - INFO - 📊 agent_2 observation recorded (round 26)
2025-10-09 15:30:04,052 - TaskRunner - INFO -   🤖 agent_3 executing tool call...
2025-10-09 15:30:42,936 - TaskRunner - INFO -     🔧 Tool called: harvest_resource(targetInstance=689247175)
2025-10-09 15:30:42,961 - TaskRunner - INFO -     📊 State: active | Actions: 12 | Chats: 5
2025-10-09 15:30:42,962 - TaskRunner - INFO -     📊 Lv.65 | XP:49277 | ❤️812/939 | 💙68/68 | 📍(263,39)
2025-10-09 15:30:42,962 - TaskRunner - INFO -     🔧 Tool call: harvest_resource(targetInstance=689247175)
2025-10-09 15:30:42,962 - TaskRunner - INFO -     ✅ Result: Moved closer to Oak2 Tree at (262, 38) from position (263, 39). ⏳ HARVEST IN PROGRESS: Chopping Oak2 Tree at (262, 38)
2025-10-09 15:30:42,962 - TaskRunner - INFO -     💭 Content: harvest_resource(targetInstance=689247175)  Moved closer to Oak2 Tree at (262, 38) from position (...
2025-10-09 15:30:42,963 - TaskRunner - INFO - 📊 agent_3 observation recorded (round 26)
2025-10-09 15:30:42,963 - TaskRunner - INFO -   🤖 agent_4 executing tool call...
2025-10-09 15:30:50,198 - TaskRunner - INFO -     🔧 Tool called: chat(message=Team, I've attempted to harves...)
2025-10-09 15:30:50,198 - TaskRunner - INFO - 💬 agent_4: Team, I've attempted to harvest multiple Oak2 Trees but haven't successfully obtained any logs. I'm not sure why the harvesting isn't yielding resources. Could someone confirm if they're having success with tree harvesting? I'll continue trying different trees in the area.
2025-10-09 15:30:50,235 - TaskRunner - INFO -     📊 State: active | Actions: 10 | Chats: 8
2025-10-09 15:30:50,235 - TaskRunner - INFO -     📊 Lv.58 | XP:38432 | ❤️0/939 | 💙68/68 | 📍(237,44) ⚔️
2025-10-09 15:30:50,235 - TaskRunner - INFO -     🔧 Tool call: chat(message=Team, I've attempted to harves...)
2025-10-09 15:30:50,235 - TaskRunner - INFO -     ✅ Result: Global chat message sent: Team, I've attempted to harvest multiple Oak2 Trees but haven't successfully obtained any logs. I'm not sure why the harvesting isn't yielding resources. Could someone confirm if they're having success with tree harvesting? I'll continue trying different trees in the area.
2025-10-09 15:30:50,235 - TaskRunner - INFO -     💭 Content: chat(message=Team, I've attempted to harves...)  Global chat message sent: Team, I've attempted to...
2025-10-09 15:30:50,236 - TaskRunner - INFO - 📊 agent_4 observation recorded (round 26)
2025-10-09 15:30:50,236 - TaskRunner - INFO -   🤖 agent_5 executing tool call...
2025-10-09 15:31:28,977 - TaskRunner - INFO -     🔧 Tool called: harvest_resource(targetInstance=620679909)
2025-10-09 15:31:29,000 - TaskRunner - INFO -     📊 State: active | Actions: 14 | Chats: 4
2025-10-09 15:31:29,000 - TaskRunner - INFO -     📊 Lv.81 | XP:45570 | ❤️758/939 | 💙68/68 | 📍(284,77)
2025-10-09 15:31:29,000 - TaskRunner - INFO -     🔧 Tool call: harvest_resource(targetInstance=620679909)
2025-10-09 15:31:29,000 - TaskRunner - INFO -     ✅ Result: Moved closer to Gold Rock at (285, 78) from position (284, 77). ⏳ HARVEST IN PROGRESS: Mining Gold Rock at (285, 78)
2025-10-09 15:31:29,001 - TaskRunner - INFO -     💭 Content: harvest_resource(targetInstance=620679909)  Moved closer to Gold Rock at (285, 78) from position (...
2025-10-09 15:31:29,001 - TaskRunner - INFO - 📊 agent_5 observation recorded (round 26)
2025-10-09 15:31:29,002 - TaskRunner - INFO - 📊 Round 26 Summary: Active=5, Completed=0, Failed=0
2025-10-09 15:31:29,002 - TaskRunner - INFO - ================================================================================
2025-10-09 15:31:29,002 - TaskRunner - INFO - 🔄 ROUND 27
2025-10-09 15:31:29,002 - TaskRunner - INFO - ================================================================================
2025-10-09 15:31:29,002 - TaskRunner - INFO -   🤖 agent_1 executing tool call...
2025-10-09 15:31:34,360 - TaskRunner - INFO -     🔧 Tool called: move_character(x=290, y=155)
2025-10-09 15:31:34,378 - TaskRunner - INFO -     📊 State: active | Actions: 18 | Chats: 4
2025-10-09 15:31:34,378 - TaskRunner - INFO -     📊 Lv.91 | XP:57152 | ❤️733/939 | 💙68/68 | 📍(290,155)
2025-10-09 15:31:34,378 - TaskRunner - INFO -     🔧 Tool call: move_character(x=290, y=155)
2025-10-09 15:31:34,378 - TaskRunner - INFO -     ✅ Result: Character moved from (250, 40) to (290, 155) (distance: 155 tiles)
2025-10-09 15:31:34,379 - TaskRunner - INFO -     💭 Content: move_character(x=290, y=155)  Character moved from (250, 40) to (290, 155) (distance: 155 tiles)
2025-10-09 15:31:34,379 - TaskRunner - INFO - 📊 agent_1 observation recorded (round 27)
2025-10-09 15:31:34,379 - TaskRunner - INFO -   🤖 agent_2 executing tool call...
2025-10-09 15:31:41,686 - TaskRunner - INFO -     🔧 Tool called: move_character(x=285, y=78)
2025-10-09 15:31:41,712 - TaskRunner - INFO -     📊 State: active | Actions: 15 | Chats: 6
2025-10-09 15:31:41,713 - TaskRunner - INFO -     📊 Lv.81 | XP:42576 | ❤️939/939 | 💙68/68 | 📍(405,27)
2025-10-09 15:31:41,713 - TaskRunner - INFO -     🔧 Tool call: move_character(x=285, y=78)
2025-10-09 15:31:41,713 - TaskRunner - INFO -     ✅ Result: Character moved from (290, 155) to (285, 78) (distance: 82 tiles)
2025-10-09 15:31:41,713 - TaskRunner - INFO -     💭 Content: move_character(x=285, y=78)  Character moved from (290, 155) to (285, 78) (distance: 82 tiles)
2025-10-09 15:31:41,714 - TaskRunner - INFO - 📊 agent_2 observation recorded (round 27)
2025-10-09 15:31:41,714 - TaskRunner - INFO -   🤖 agent_3 executing tool call...
2025-10-09 15:31:47,498 - TaskRunner - INFO -     💭 No tool call (thinking/planning)
2025-10-09 15:31:47,525 - TaskRunner - INFO -     📊 State: active | Actions: 12 | Chats: 5
2025-10-09 15:31:47,526 - TaskRunner - INFO -     📊 Lv.65 | XP:49302 | ❤️857/939 | 💙68/68 | 📍(263,39)
2025-10-09 15:31:47,526 - TaskRunner - INFO -     🔧 Tool call: verify_inventory(required_items=['logs'])
2025-10-09 15:31:47,526 - TaskRunner - INFO -     ✅ Result: 📋 INVENTORY VERIFICATION:
2025-10-09 15:31:47,526 - TaskRunner - INFO -     💭 Content: verify_inventory(required_items=['logs'])  📋 INVENTORY VERIFICATION: 🎒 Complete Inventory: flask (...
2025-10-09 15:31:47,526 - TaskRunner - INFO - 📊 agent_3 observation recorded (round 27)
2025-10-09 15:31:47,526 - TaskRunner - INFO -   🤖 agent_4 executing tool call...
2025-10-09 15:31:53,039 - TaskRunner - INFO -     🔧 Tool called: move_character(x=256, y=58)
2025-10-09 15:31:53,069 - TaskRunner - INFO -     📊 State: active | Actions: 11 | Chats: 8
2025-10-09 15:31:53,069 - TaskRunner - INFO -     📊 Lv.58 | XP:38582 | ❤️0/939 | 💙68/68 | 📍(237,44) ⚔️
2025-10-09 15:31:53,069 - TaskRunner - INFO -     🔧 Tool call: move_character(x=256, y=58)
2025-10-09 15:31:53,069 - TaskRunner - INFO -     ✅ Result: Character moved from (237, 44) to (256, 58) (distance: 33 tiles)
2025-10-09 15:31:53,069 - TaskRunner - INFO -     💭 Content: move_character(x=256, y=58)  Character moved from (237, 44) to (256, 58) (distance: 33 tiles)
2025-10-09 15:31:53,070 - TaskRunner - INFO - 📊 agent_4 observation recorded (round 27)
2025-10-09 15:31:53,070 - TaskRunner - INFO -   🤖 agent_5 executing tool call...
2025-10-09 15:31:58,334 - TaskRunner - INFO -     💭 No tool call (thinking/planning)
2025-10-09 15:31:58,360 - TaskRunner - INFO -     📊 State: active | Actions: 14 | Chats: 4
2025-10-09 15:31:58,360 - TaskRunner - INFO -     📊 Lv.81 | XP:45615 | ❤️783/939 | 💙68/68 | 📍(284,77)
2025-10-09 15:31:58,360 - TaskRunner - INFO -     🔧 Tool call: verify_inventory(required_items=['coal'])
2025-10-09 15:31:58,360 - TaskRunner - INFO -     ✅ Result: 📋 INVENTORY VERIFICATION:
2025-10-09 15:31:58,360 - TaskRunner - INFO -     💭 Content: verify_inventory(required_items=['coal'])  📋 INVENTORY VERIFICATION: 🎒 Complete Inventory: flask (...
2025-10-09 15:31:58,361 - TaskRunner - INFO - 📊 agent_5 observation recorded (round 27)
2025-10-09 15:31:58,361 - TaskRunner - INFO - 📊 Round 27 Summary: Active=5, Completed=0, Failed=0
2025-10-09 15:31:58,361 - TaskRunner - INFO - ================================================================================
2025-10-09 15:31:58,361 - TaskRunner - INFO - 🔄 ROUND 28
2025-10-09 15:31:58,361 - TaskRunner - INFO - ================================================================================
2025-10-09 15:31:58,361 - TaskRunner - INFO -   🤖 agent_1 executing tool call...
2025-10-09 15:32:04,926 - TaskRunner - INFO -     💭 No tool call (thinking/planning)
2025-10-09 15:32:04,952 - TaskRunner - INFO -     📊 State: active | Actions: 18 | Chats: 4
2025-10-09 15:32:04,953 - TaskRunner - INFO -     📊 Lv.91 | XP:57152 | ❤️753/939 | 💙68/68 | 📍(290,155)
2025-10-09 15:32:04,953 - TaskRunner - INFO -     🔧 Tool call: check_inventory_status()
2025-10-09 15:32:04,953 - TaskRunner - INFO -     ✅ Result: 🎒 CURRENT INVENTORY: flask (15x), apple (20x)
2025-10-09 15:32:04,953 - TaskRunner - INFO -     💭 Content: check_inventory_status()  🎒 CURRENT INVENTORY: flask (15x), apple (20x)
2025-10-09 15:32:04,953 - TaskRunner - INFO - 📊 agent_1 observation recorded (round 28)
2025-10-09 15:32:04,953 - TaskRunner - INFO -   🤖 agent_2 executing tool call...
2025-10-09 15:32:08,690 - TaskRunner - INFO -     💭 No tool call (thinking/planning)
2025-10-09 15:32:08,716 - TaskRunner - INFO -     📊 State: active | Actions: 15 | Chats: 6
2025-10-09 15:32:08,716 - TaskRunner - INFO -     📊 Lv.81 | XP:42576 | ❤️939/939 | 💙68/68 | 📍(405,27)
2025-10-09 15:32:08,716 - TaskRunner - INFO -     🔧 Tool call: check_inventory_status()
2025-10-09 15:32:08,717 - TaskRunner - INFO -     ✅ Result: 🎒 CURRENT INVENTORY: flask (15x), apple (20x)
2025-10-09 15:32:08,717 - TaskRunner - INFO -     💭 Content: check_inventory_status()  🎒 CURRENT INVENTORY: flask (15x), apple (20x)
2025-10-09 15:32:08,717 - TaskRunner - INFO - 📊 agent_2 observation recorded (round 28)
2025-10-09 15:32:08,718 - TaskRunner - INFO -   🤖 agent_3 executing tool call...
2025-10-09 15:32:48,355 - TaskRunner - INFO -     🔧 Tool called: harvest_resource(targetInstance=655360133)
2025-10-09 15:32:48,381 - TaskRunner - INFO -     📊 State: active | Actions: 13 | Chats: 5
2025-10-09 15:32:48,382 - TaskRunner - INFO -     📊 Lv.65 | XP:49392 | ❤️902/939 | 💙68/68 | 📍(260,27)
2025-10-09 15:32:48,382 - TaskRunner - INFO -     🔧 Tool call: harvest_resource(targetInstance=655360133)
2025-10-09 15:32:48,382 - TaskRunner - INFO -     ✅ Result: Moved closer to Oak2 Tree at (259, 26) from position (260, 27). ⏳ HARVEST IN PROGRESS: Chopping Oak2 Tree at (259, 26)
2025-10-09 15:32:48,382 - TaskRunner - INFO -     💭 Content: harvest_resource(targetInstance=655360133)  Moved closer to Oak2 Tree at (259, 26) from position (...
2025-10-09 15:32:48,382 - TaskRunner - INFO - 📊 agent_3 observation recorded (round 28)
2025-10-09 15:32:48,383 - TaskRunner - INFO -   🤖 agent_4 executing tool call...
2025-10-09 15:32:56,227 - TaskRunner - ERROR - ❌ [HTTP ERROR] POST /ai/collect - Attempt 1/3
2025-10-09 15:32:56,228 - TaskRunner - ERROR -    📍 URL: http://localhost:7031/ai/collect
2025-10-09 15:32:56,228 - TaskRunner - ERROR -    📊 Status Code: 400
2025-10-09 15:32:56,228 - TaskRunner - ERROR -    💬 Error Message: Too far from resource
2025-10-09 15:32:56,228 - TaskRunner - ERROR -    📤 Request Data: {"token": "e6a6b8d95da1a9cd20191ad2abafea74", "targetInstance": "622166231"}
2025-10-09 15:32:56,228 - TaskRunner - ERROR -    📤 Request Params: None
2025-10-09 15:32:56,228 - TaskRunner - ERROR -    📥 Response Headers: {"X-Powered-By": "Express", "Content-Type": "application/json; charset=utf-8", "Content-Length": "82", "ETag": "W/\"52-+w9aj3VhiWvCMUbY4Y8NywmkJes\"", "Date": "Thu, 09 Oct 2025 19:32:56 GMT", "Connection": "keep-alive", "Keep-Alive": "timeout=5"}
2025-10-09 15:32:56,229 - TaskRunner - ERROR -    📥 Full Response: {"status":"error","message":"Too far from resource","distance":33,"maxDistance":2}
2025-10-09 15:32:56,229 - TaskRunner - ERROR - ❌ [HTTP ERROR] POST /ai/collect - Attempt 1/3
2025-10-09 15:32:56,229 - TaskRunner - ERROR -    📍 URL: http://localhost:7031/ai/collect
2025-10-09 15:32:56,229 - TaskRunner - ERROR -    📊 Status Code: 400
2025-10-09 15:32:56,229 - TaskRunner - ERROR -    💬 Error Message: Too far from resource
2025-10-09 15:32:56,229 - TaskRunner - ERROR -    📤 Request Data: {"token": "e6a6b8d95da1a9cd20191ad2abafea74", "targetInstance": "622166231"}
2025-10-09 15:32:56,230 - TaskRunner - ERROR -    📤 Request Params: None
2025-10-09 15:32:56,230 - TaskRunner - ERROR -    📥 Response Headers: {"X-Powered-By": "Express", "Content-Type": "application/json; charset=utf-8", "Content-Length": "82", "ETag": "W/\"52-+w9aj3VhiWvCMUbY4Y8NywmkJes\"", "Date": "Thu, 09 Oct 2025 19:32:56 GMT", "Connection": "keep-alive", "Keep-Alive": "timeout=5"}
2025-10-09 15:32:56,230 - TaskRunner - ERROR -    📥 Full Response: {"status":"error","message":"Too far from resource","distance":33,"maxDistance":2}
2025-10-09 15:32:57,235 - TaskRunner - ERROR - ❌ [HTTP ERROR] POST /ai/collect - Attempt 2/3
2025-10-09 15:32:57,235 - TaskRunner - ERROR -    📍 URL: http://localhost:7031/ai/collect
2025-10-09 15:32:57,235 - TaskRunner - ERROR -    📊 Status Code: 400
2025-10-09 15:32:57,235 - TaskRunner - ERROR -    💬 Error Message: Too far from resource
2025-10-09 15:32:57,236 - TaskRunner - ERROR -    📤 Request Data: {"token": "e6a6b8d95da1a9cd20191ad2abafea74", "targetInstance": "622166231"}
2025-10-09 15:32:57,236 - TaskRunner - ERROR -    📤 Request Params: None
2025-10-09 15:32:57,236 - TaskRunner - ERROR -    📥 Response Headers: {"X-Powered-By": "Express", "Content-Type": "application/json; charset=utf-8", "Content-Length": "82", "ETag": "W/\"52-+w9aj3VhiWvCMUbY4Y8NywmkJes\"", "Date": "Thu, 09 Oct 2025 19:32:57 GMT", "Connection": "keep-alive", "Keep-Alive": "timeout=5"}
2025-10-09 15:32:57,236 - TaskRunner - ERROR -    📥 Full Response: {"status":"error","message":"Too far from resource","distance":33,"maxDistance":2}
2025-10-09 15:32:57,236 - TaskRunner - ERROR - ❌ [HTTP ERROR] POST /ai/collect - Attempt 2/3
2025-10-09 15:32:57,237 - TaskRunner - ERROR -    📍 URL: http://localhost:7031/ai/collect
2025-10-09 15:32:57,237 - TaskRunner - ERROR -    📊 Status Code: 400
2025-10-09 15:32:57,237 - TaskRunner - ERROR -    💬 Error Message: Too far from resource
2025-10-09 15:32:57,237 - TaskRunner - ERROR -    📤 Request Data: {"token": "e6a6b8d95da1a9cd20191ad2abafea74", "targetInstance": "622166231"}
2025-10-09 15:32:57,237 - TaskRunner - ERROR -    📤 Request Params: None
2025-10-09 15:32:57,237 - TaskRunner - ERROR -    📥 Response Headers: {"X-Powered-By": "Express", "Content-Type": "application/json; charset=utf-8", "Content-Length": "82", "ETag": "W/\"52-+w9aj3VhiWvCMUbY4Y8NywmkJes\"", "Date": "Thu, 09 Oct 2025 19:32:57 GMT", "Connection": "keep-alive", "Keep-Alive": "timeout=5"}
2025-10-09 15:32:57,237 - TaskRunner - ERROR -    📥 Full Response: {"status":"error","message":"Too far from resource","distance":33,"maxDistance":2}
2025-10-09 15:32:58,242 - TaskRunner - ERROR - ❌ [HTTP ERROR] POST /ai/collect - Attempt 3/3
2025-10-09 15:32:58,242 - TaskRunner - ERROR -    📍 URL: http://localhost:7031/ai/collect
2025-10-09 15:32:58,242 - TaskRunner - ERROR -    📊 Status Code: 400
2025-10-09 15:32:58,242 - TaskRunner - ERROR -    💬 Error Message: Too far from resource
2025-10-09 15:32:58,242 - TaskRunner - ERROR -    📤 Request Data: {"token": "e6a6b8d95da1a9cd20191ad2abafea74", "targetInstance": "622166231"}
2025-10-09 15:32:58,242 - TaskRunner - ERROR -    📤 Request Params: None
2025-10-09 15:32:58,243 - TaskRunner - ERROR -    📥 Response Headers: {"X-Powered-By": "Express", "Content-Type": "application/json; charset=utf-8", "Content-Length": "82", "ETag": "W/\"52-+w9aj3VhiWvCMUbY4Y8NywmkJes\"", "Date": "Thu, 09 Oct 2025 19:32:58 GMT", "Connection": "keep-alive", "Keep-Alive": "timeout=5"}
2025-10-09 15:32:58,243 - TaskRunner - ERROR -    📥 Full Response: {"status":"error","message":"Too far from resource","distance":33,"maxDistance":2}
2025-10-09 15:32:58,243 - TaskRunner - ERROR - ❌ [HTTP ERROR] POST /ai/collect - Attempt 3/3
2025-10-09 15:32:58,243 - TaskRunner - ERROR -    📍 URL: http://localhost:7031/ai/collect
2025-10-09 15:32:58,243 - TaskRunner - ERROR -    📊 Status Code: 400
2025-10-09 15:32:58,243 - TaskRunner - ERROR -    💬 Error Message: Too far from resource
2025-10-09 15:32:58,244 - TaskRunner - ERROR -    📤 Request Data: {"token": "e6a6b8d95da1a9cd20191ad2abafea74", "targetInstance": "622166231"}
2025-10-09 15:32:58,244 - TaskRunner - ERROR -    📤 Request Params: None
2025-10-09 15:32:58,244 - TaskRunner - ERROR -    📥 Response Headers: {"X-Powered-By": "Express", "Content-Type": "application/json; charset=utf-8", "Content-Length": "82", "ETag": "W/\"52-+w9aj3VhiWvCMUbY4Y8NywmkJes\"", "Date": "Thu, 09 Oct 2025 19:32:58 GMT", "Connection": "keep-alive", "Keep-Alive": "timeout=5"}
2025-10-09 15:32:58,244 - TaskRunner - ERROR -    📥 Full Response: {"status":"error","message":"Too far from resource","distance":33,"maxDistance":2}
2025-10-09 15:32:58,244 - TaskRunner - ERROR - ❌ FINAL HTTP ERROR: HTTP 400 error after 3 attempts: 400 Client Error: Bad Request for url: http://localhost:7031/ai/collect
2025-10-09 15:32:58,244 - TaskRunner - ERROR - ❌ HARVEST ERROR: Moved closer to Oak2 Tree at (256, 58) from position (255, 57). Failed to start chopping Oak2 Tree: API returned status 'error' with message: HTTP 400 error after 3 attempts: 400 Client Error: Bad Request for url: http://localhost:7031/ai/collect
2025-10-09 15:32:58,285 - TaskRunner - INFO -     🔧 Tool called: harvest_resource(targetInstance=622166231)
2025-10-09 15:32:58,322 - TaskRunner - INFO -     📊 State: active | Actions: 12 | Chats: 8
2025-10-09 15:32:58,322 - TaskRunner - INFO -     📊 Lv.58 | XP:38742 | ❤️0/939 | 💙68/68 | 📍(237,44) ⚔️
2025-10-09 15:32:58,322 - TaskRunner - INFO -     🔧 Tool call: harvest_resource(targetInstance=622166231)
2025-10-09 15:32:58,322 - TaskRunner - INFO -     ✅ Result: Moved closer to Oak2 Tree at (256, 58) from position (255, 57). Failed to start chopping Oak2 Tree: API returned status 'error' with message: HTTP 400 error after 3 attempts: 400 Client Error: Bad Request for url: http://localhost:7031/ai/collect
2025-10-09 15:32:58,322 - TaskRunner - INFO -     💭 Content: harvest_resource(targetInstance=622166231)  Moved closer to Oak2 Tree at (256, 58) from position (...
2025-10-09 15:32:58,323 - TaskRunner - INFO - 📊 agent_4 observation recorded (round 28)
2025-10-09 15:32:58,323 - TaskRunner - INFO -   🤖 agent_5 executing tool call...
2025-10-09 15:33:07,399 - TaskRunner - INFO -     🔧 Tool called: chat(message=Team, I've attempted to harves...)
2025-10-09 15:33:07,399 - TaskRunner - INFO - 💬 agent_5: Team, I've attempted to harvest a Gold Rock at (285, 78) but didn't obtain coal. I now understand that different rock types yield different resources - Gold Rock produces gold, not coal. I'll continue searching for the correct Coal Rocks to support our smelting operations. Does anyone know where we can find Coal Rocks in this region? I'm ready to assist with gathering fuel for our team.
2025-10-09 15:33:07,426 - TaskRunner - INFO -     📊 State: active | Actions: 14 | Chats: 5
2025-10-09 15:33:07,426 - TaskRunner - INFO -     📊 Lv.81 | XP:45805 | ❤️828/939 | 💙68/68 | 📍(284,77)
2025-10-09 15:33:07,426 - TaskRunner - INFO -     🔧 Tool call: chat(message=Team, I've attempted to harves...)
2025-10-09 15:33:07,427 - TaskRunner - INFO -     ✅ Result: Global chat message sent: Team, I've attempted to harvest a Gold Rock at (285, 78) but didn't obtain coal. I now understand that different rock types yield different resources - Gold Rock produces gold, not coal. I'll continue searching for the correct Coal Rocks to support our smelting operations. Does anyone know where we can find Coal Rocks in this region? I'm ready to assist with gathering fuel for our team.
2025-10-09 15:33:07,427 - TaskRunner - INFO -     💭 Content: chat(message=Team, I've attempted to harves...)  Global chat message sent: Team, I've attempted to...
2025-10-09 15:33:07,427 - TaskRunner - INFO - 📊 agent_5 observation recorded (round 28)
2025-10-09 15:33:07,428 - TaskRunner - INFO - 📊 Round 28 Summary: Active=5, Completed=0, Failed=0
2025-10-09 15:33:07,428 - TaskRunner - INFO - ================================================================================
2025-10-09 15:33:07,428 - TaskRunner - INFO - 🔄 ROUND 29
2025-10-09 15:33:07,428 - TaskRunner - INFO - ================================================================================
2025-10-09 15:33:07,428 - TaskRunner - INFO -   🤖 agent_1 executing tool call...
2025-10-09 15:33:16,482 - TaskRunner - INFO -     🔧 Tool called: chat(message=I'm now at location (290, 155)
2025-10-09 15:33:16,482 - TaskRunner - INFO - 💬 agent_1: I'm now at location (290, 155) and have been unable to locate Iron Rocks in the current area. Team, I need assistance finding viable iron ore sources. Should we coordinate a search pattern or try a different region known for mining? Our smelting operations are waiting on ironore.
2025-10-09 15:33:16,514 - TaskRunner - INFO -     📊 State: active | Actions: 18 | Chats: 5
2025-10-09 15:33:16,514 - TaskRunner - INFO -     📊 Lv.91 | XP:57167 | ❤️803/939 | 💙68/68 | 📍(290,155)
2025-10-09 15:33:16,514 - TaskRunner - INFO -     🔧 Tool call: chat(message=I'm now at location (290, 155)...)
2025-10-09 15:33:16,514 - TaskRunner - INFO -     ✅ Result: Global chat message sent: I'm now at location (290, 155) and have been unable to locate Iron Rocks in the current area. Team, I need assistance finding viable iron ore sources. Should we coordinate a search pattern or try a different region known for mining? Our smelting operations are waiting on ironore.
2025-10-09 15:33:16,514 - TaskRunner - INFO -     💭 Content: chat(message=I'm now at location (290, 155)...)  Global chat message sent: I'm now at location (29...
2025-10-09 15:33:16,515 - TaskRunner - INFO - 📊 agent_1 observation recorded (round 29)
2025-10-09 15:33:16,515 - TaskRunner - INFO -   🤖 agent_2 executing tool call...
2025-10-09 15:33:22,213 - TaskRunner - INFO -     🔧 Tool called: chat(message=Team, I'm now at coordinates (...)
2025-10-09 15:33:22,214 - TaskRunner - INFO - 💬 agent_2: Team, I'm now at coordinates (285, 78) and ready to assist with resource gathering. I've been unable to locate Coal Rocks in previous areas. Should we coordinate a search for mining sites or consider moving to a different region known for coal deposits? I'm ready to support our team's fuel needs.
2025-10-09 15:33:22,247 - TaskRunner - INFO -     📊 State: active | Actions: 15 | Chats: 7
2025-10-09 15:33:22,247 - TaskRunner - INFO -     📊 Lv.81 | XP:42596 | ❤️939/939 | 💙68/68 | 📍(405,27)
2025-10-09 15:33:22,247 - TaskRunner - INFO -     🔧 Tool call: chat(message=Team, I'm now at coordinates (...)
2025-10-09 15:33:22,247 - TaskRunner - INFO -     ✅ Result: Global chat message sent: Team, I'm now at coordinates (285, 78) and ready to assist with resource gathering. I've been unable to locate Coal Rocks in previous areas. Should we coordinate a search for mining sites or consider moving to a different region known for coal deposits? I'm ready to support our team's fuel needs.
2025-10-09 15:33:22,247 - TaskRunner - INFO -     💭 Content: chat(message=Team, I'm now at coordinates (...)  Global chat message sent: Team, I'm now at coordi...
2025-10-09 15:33:22,248 - TaskRunner - INFO - 📊 agent_2 observation recorded (round 29)
2025-10-09 15:33:22,248 - TaskRunner - INFO -   🤖 agent_3 executing tool call...
2025-10-09 15:33:28,336 - TaskRunner - INFO -     💭 No tool call (thinking/planning)
2025-10-09 15:33:28,359 - TaskRunner - INFO -     📊 State: active | Actions: 13 | Chats: 5
2025-10-09 15:33:28,360 - TaskRunner - INFO -     📊 Lv.65 | XP:49452 | ❤️932/939 | 💙68/68 | 📍(260,27)
2025-10-09 15:33:28,360 - TaskRunner - INFO -     🔧 Tool call: verify_inventory(required_items=['logs'])
2025-10-09 15:33:28,360 - TaskRunner - INFO -     ✅ Result: 📋 INVENTORY VERIFICATION:
2025-10-09 15:33:28,360 - TaskRunner - INFO -     💭 Content: verify_inventory(required_items=['logs'])  📋 INVENTORY VERIFICATION: 🎒 Complete Inventory: flask (...
2025-10-09 15:33:28,360 - TaskRunner - INFO - 📊 agent_3 observation recorded (round 29)
2025-10-09 15:33:28,360 - TaskRunner - INFO -   🤖 agent_4 executing tool call...
2025-10-09 15:33:34,039 - TaskRunner - INFO -     🔧 Tool called: move_character(x=262, y=38)
2025-10-09 15:33:34,061 - TaskRunner - INFO -     📊 State: active | Actions: 13 | Chats: 8
2025-10-09 15:33:34,061 - TaskRunner - INFO -     📊 Lv.58 | XP:38852 | ❤️0/939 | 💙68/68 | 📍(237,44) ⚔️
2025-10-09 15:33:34,061 - TaskRunner - INFO -     🔧 Tool call: move_character(x=262, y=38)
2025-10-09 15:33:34,061 - TaskRunner - INFO -     ✅ Result: Character moved from (237, 44) to (262, 38) (distance: 31 tiles)
2025-10-09 15:33:34,061 - TaskRunner - INFO -     💭 Content: move_character(x=262, y=38)  Character moved from (237, 44) to (262, 38) (distance: 31 tiles)
2025-10-09 15:33:34,062 - TaskRunner - INFO - 📊 agent_4 observation recorded (round 29)
2025-10-09 15:33:34,062 - TaskRunner - INFO -   🤖 agent_5 executing tool call...
2025-10-09 15:33:39,449 - TaskRunner - INFO -     🔧 Tool called: move_character(x=290, y=155)
2025-10-09 15:33:39,468 - TaskRunner - INFO -     📊 State: active | Actions: 15 | Chats: 5
2025-10-09 15:33:39,468 - TaskRunner - INFO -     📊 Lv.81 | XP:45905 | ❤️853/939 | 💙68/68 | 📍(290,155)
2025-10-09 15:33:39,468 - TaskRunner - INFO -     🔧 Tool call: move_character(x=290, y=155)
2025-10-09 15:33:39,468 - TaskRunner - INFO -     ✅ Result: Character moved from (284, 77) to (290, 155) (distance: 84 tiles)
2025-10-09 15:33:39,469 - TaskRunner - INFO -     💭 Content: move_character(x=290, y=155)  Character moved from (284, 77) to (290, 155) (distance: 84 tiles)
2025-10-09 15:33:39,469 - TaskRunner - INFO - 📊 agent_5 observation recorded (round 29)
2025-10-09 15:33:39,469 - TaskRunner - INFO - 📊 Round 29 Summary: Active=5, Completed=0, Failed=0
2025-10-09 15:33:39,470 - TaskRunner - INFO - ================================================================================
2025-10-09 15:33:39,470 - TaskRunner - INFO - 🔄 ROUND 30
2025-10-09 15:33:39,470 - TaskRunner - INFO - ================================================================================
2025-10-09 15:33:39,470 - TaskRunner - INFO -   🤖 agent_1 executing tool call...
2025-10-09 15:33:45,528 - TaskRunner - INFO -     🔧 Tool called: move_character(x=285, y=78)
2025-10-09 15:33:45,552 - TaskRunner - INFO -     📊 State: active | Actions: 19 | Chats: 5
2025-10-09 15:33:45,552 - TaskRunner - INFO -     📊 Lv.91 | XP:57182 | ❤️828/939 | 💙68/68 | 📍(250,40)
2025-10-09 15:33:45,552 - TaskRunner - INFO -     🔧 Tool call: move_character(x=285, y=78)
2025-10-09 15:33:45,552 - TaskRunner - INFO -     ✅ Result: Character moved from (290, 155) to (285, 78) (distance: 82 tiles)
2025-10-09 15:33:45,552 - TaskRunner - INFO -     💭 Content: move_character(x=285, y=78)  Character moved from (290, 155) to (285, 78) (distance: 82 tiles)
2025-10-09 15:33:45,553 - TaskRunner - INFO - 📊 agent_1 observation recorded (round 30)
2025-10-09 15:33:45,553 - TaskRunner - INFO -   🤖 agent_2 executing tool call...
2025-10-09 15:33:49,709 - TaskRunner - INFO -     💭 No tool call (thinking/planning)
2025-10-09 15:33:49,736 - TaskRunner - INFO -     📊 State: active | Actions: 15 | Chats: 7
2025-10-09 15:33:49,736 - TaskRunner - INFO -     📊 Lv.81 | XP:42616 | ❤️939/939 | 💙68/68 | 📍(405,27)
2025-10-09 15:33:49,736 - TaskRunner - INFO -     🔧 Tool call: check_inventory_status()
2025-10-09 15:33:49,736 - TaskRunner - INFO -     ✅ Result: 🎒 CURRENT INVENTORY: flask (15x), apple (20x)
2025-10-09 15:33:49,736 - TaskRunner - INFO -     💭 Content: check_inventory_status()  🎒 CURRENT INVENTORY: flask (15x), apple (20x)
2025-10-09 15:33:49,736 - TaskRunner - INFO - 📊 agent_2 observation recorded (round 30)
2025-10-09 15:33:49,736 - TaskRunner - INFO -   🤖 agent_3 executing tool call...
2025-10-09 15:33:55,934 - TaskRunner - INFO -     🔧 Tool called: chat(message=Team, I'm now at coordinates (...)
2025-10-09 15:33:55,934 - TaskRunner - INFO - 💬 agent_3: Team, I'm now at coordinates (258, 66) with LogisticsCoordinatorEpsilon. I have 1 iron bar and 3 iron ore available. Still waiting for coal to continue smelting operations. Team, please coordinate resource delivery to this location.
2025-10-09 15:33:55,965 - TaskRunner - INFO -     📊 State: active | Actions: 13 | Chats: 6
2025-10-09 15:33:55,965 - TaskRunner - INFO -     📊 Lv.65 | XP:49487 | ❤️939/939 | 💙68/68 | 📍(260,27)
2025-10-09 15:33:55,966 - TaskRunner - INFO -     🔧 Tool call: chat(message=Team, I'm now at coordinates (...)
2025-10-09 15:33:55,966 - TaskRunner - INFO -     ✅ Result: Global chat message sent: Team, I'm now at coordinates (258, 66) with LogisticsCoordinatorEpsilon. I have 1 iron bar and 3 iron ore available. Still waiting for coal to continue smelting operations. Team, please coordinate resource delivery to this location.
2025-10-09 15:33:55,966 - TaskRunner - INFO -     💭 Content: chat(message=Team, I'm now at coordinates (...)  Global chat message sent: Team, I'm now at coordi...
2025-10-09 15:33:55,966 - TaskRunner - INFO - 📊 agent_3 observation recorded (round 30)
2025-10-09 15:33:55,966 - TaskRunner - INFO -   🤖 agent_4 executing tool call...
2025-10-09 15:34:03,288 - TaskRunner - ERROR - ❌ [HTTP ERROR] POST /ai/collect - Attempt 1/3
2025-10-09 15:34:03,288 - TaskRunner - ERROR -    📍 URL: http://localhost:7031/ai/collect
2025-10-09 15:34:03,288 - TaskRunner - ERROR -    📊 Status Code: 400
2025-10-09 15:34:03,288 - TaskRunner - ERROR -    💬 Error Message: Too far from resource
2025-10-09 15:34:03,288 - TaskRunner - ERROR -    📤 Request Data: {"token": "e6a6b8d95da1a9cd20191ad2abafea74", "targetInstance": "689247175"}
2025-10-09 15:34:03,288 - TaskRunner - ERROR -    📤 Request Params: None
2025-10-09 15:34:03,288 - TaskRunner - ERROR -    📥 Response Headers: {"X-Powered-By": "Express", "Content-Type": "application/json; charset=utf-8", "Content-Length": "82", "ETag": "W/\"52-AwORU3P5bdjc+qOrqotqVDip6tc\"", "Date": "Thu, 09 Oct 2025 19:34:03 GMT", "Connection": "keep-alive", "Keep-Alive": "timeout=5"}
2025-10-09 15:34:03,289 - TaskRunner - ERROR -    📥 Full Response: {"status":"error","message":"Too far from resource","distance":31,"maxDistance":2}
2025-10-09 15:34:03,289 - TaskRunner - ERROR - ❌ [HTTP ERROR] POST /ai/collect - Attempt 1/3
2025-10-09 15:34:03,289 - TaskRunner - ERROR -    📍 URL: http://localhost:7031/ai/collect
2025-10-09 15:34:03,289 - TaskRunner - ERROR -    📊 Status Code: 400
2025-10-09 15:34:03,289 - TaskRunner - ERROR -    💬 Error Message: Too far from resource
2025-10-09 15:34:03,289 - TaskRunner - ERROR -    📤 Request Data: {"token": "e6a6b8d95da1a9cd20191ad2abafea74", "targetInstance": "689247175"}
2025-10-09 15:34:03,289 - TaskRunner - ERROR -    📤 Request Params: None
2025-10-09 15:34:03,289 - TaskRunner - ERROR -    📥 Response Headers: {"X-Powered-By": "Express", "Content-Type": "application/json; charset=utf-8", "Content-Length": "82", "ETag": "W/\"52-AwORU3P5bdjc+qOrqotqVDip6tc\"", "Date": "Thu, 09 Oct 2025 19:34:03 GMT", "Connection": "keep-alive", "Keep-Alive": "timeout=5"}
2025-10-09 15:34:03,290 - TaskRunner - ERROR -    📥 Full Response: {"status":"error","message":"Too far from resource","distance":31,"maxDistance":2}
2025-10-09 15:34:04,312 - TaskRunner - ERROR - ❌ [HTTP ERROR] POST /ai/collect - Attempt 2/3
2025-10-09 15:34:04,312 - TaskRunner - ERROR -    📍 URL: http://localhost:7031/ai/collect
2025-10-09 15:34:04,313 - TaskRunner - ERROR -    📊 Status Code: 400
2025-10-09 15:34:04,313 - TaskRunner - ERROR -    💬 Error Message: Too far from resource
2025-10-09 15:34:04,313 - TaskRunner - ERROR -    📤 Request Data: {"token": "e6a6b8d95da1a9cd20191ad2abafea74", "targetInstance": "689247175"}
2025-10-09 15:34:04,313 - TaskRunner - ERROR -    📤 Request Params: None
2025-10-09 15:34:04,313 - TaskRunner - ERROR -    📥 Response Headers: {"X-Powered-By": "Express", "Content-Type": "application/json; charset=utf-8", "Content-Length": "82", "ETag": "W/\"52-AwORU3P5bdjc+qOrqotqVDip6tc\"", "Date": "Thu, 09 Oct 2025 19:34:04 GMT", "Connection": "keep-alive", "Keep-Alive": "timeout=5"}
2025-10-09 15:34:04,313 - TaskRunner - ERROR -    📥 Full Response: {"status":"error","message":"Too far from resource","distance":31,"maxDistance":2}
2025-10-09 15:34:04,313 - TaskRunner - ERROR - ❌ [HTTP ERROR] POST /ai/collect - Attempt 2/3
2025-10-09 15:34:04,314 - TaskRunner - ERROR -    📍 URL: http://localhost:7031/ai/collect
2025-10-09 15:34:04,314 - TaskRunner - ERROR -    📊 Status Code: 400
2025-10-09 15:34:04,314 - TaskRunner - ERROR -    💬 Error Message: Too far from resource
2025-10-09 15:34:04,314 - TaskRunner - ERROR -    📤 Request Data: {"token": "e6a6b8d95da1a9cd20191ad2abafea74", "targetInstance": "689247175"}
2025-10-09 15:34:04,314 - TaskRunner - ERROR -    📤 Request Params: None
2025-10-09 15:34:04,314 - TaskRunner - ERROR -    📥 Response Headers: {"X-Powered-By": "Express", "Content-Type": "application/json; charset=utf-8", "Content-Length": "82", "ETag": "W/\"52-AwORU3P5bdjc+qOrqotqVDip6tc\"", "Date": "Thu, 09 Oct 2025 19:34:04 GMT", "Connection": "keep-alive", "Keep-Alive": "timeout=5"}
2025-10-09 15:34:04,314 - TaskRunner - ERROR -    📥 Full Response: {"status":"error","message":"Too far from resource","distance":31,"maxDistance":2}
2025-10-09 15:34:05,319 - TaskRunner - ERROR - ❌ [HTTP ERROR] POST /ai/collect - Attempt 3/3
2025-10-09 15:34:05,319 - TaskRunner - ERROR -    📍 URL: http://localhost:7031/ai/collect
2025-10-09 15:34:05,319 - TaskRunner - ERROR -    📊 Status Code: 400
2025-10-09 15:34:05,320 - TaskRunner - ERROR -    💬 Error Message: Too far from resource
2025-10-09 15:34:05,320 - TaskRunner - ERROR -    📤 Request Data: {"token": "e6a6b8d95da1a9cd20191ad2abafea74", "targetInstance": "689247175"}
2025-10-09 15:34:05,320 - TaskRunner - ERROR -    📤 Request Params: None
2025-10-09 15:34:05,320 - TaskRunner - ERROR -    📥 Response Headers: {"X-Powered-By": "Express", "Content-Type": "application/json; charset=utf-8", "Content-Length": "82", "ETag": "W/\"52-AwORU3P5bdjc+qOrqotqVDip6tc\"", "Date": "Thu, 09 Oct 2025 19:34:05 GMT", "Connection": "keep-alive", "Keep-Alive": "timeout=5"}
2025-10-09 15:34:05,320 - TaskRunner - ERROR -    📥 Full Response: {"status":"error","message":"Too far from resource","distance":31,"maxDistance":2}
2025-10-09 15:34:05,320 - TaskRunner - ERROR - ❌ [HTTP ERROR] POST /ai/collect - Attempt 3/3
2025-10-09 15:34:05,320 - TaskRunner - ERROR -    📍 URL: http://localhost:7031/ai/collect
2025-10-09 15:34:05,320 - TaskRunner - ERROR -    📊 Status Code: 400
2025-10-09 15:34:05,321 - TaskRunner - ERROR -    💬 Error Message: Too far from resource
2025-10-09 15:34:05,321 - TaskRunner - ERROR -    📤 Request Data: {"token": "e6a6b8d95da1a9cd20191ad2abafea74", "targetInstance": "689247175"}
2025-10-09 15:34:05,321 - TaskRunner - ERROR -    📤 Request Params: None
2025-10-09 15:34:05,321 - TaskRunner - ERROR -    📥 Response Headers: {"X-Powered-By": "Express", "Content-Type": "application/json; charset=utf-8", "Content-Length": "82", "ETag": "W/\"52-AwORU3P5bdjc+qOrqotqVDip6tc\"", "Date": "Thu, 09 Oct 2025 19:34:05 GMT", "Connection": "keep-alive", "Keep-Alive": "timeout=5"}
2025-10-09 15:34:05,321 - TaskRunner - ERROR -    📥 Full Response: {"status":"error","message":"Too far from resource","distance":31,"maxDistance":2}
2025-10-09 15:34:05,321 - TaskRunner - ERROR - ❌ FINAL HTTP ERROR: HTTP 400 error after 3 attempts: 400 Client Error: Bad Request for url: http://localhost:7031/ai/collect
2025-10-09 15:34:05,321 - TaskRunner - ERROR - ❌ HARVEST ERROR: Moved closer to Oak2 Tree at (262, 38) from position (261, 39). Failed to start chopping Oak2 Tree: API returned status 'error' with message: HTTP 400 error after 3 attempts: 400 Client Error: Bad Request for url: http://localhost:7031/ai/collect
2025-10-09 15:34:05,360 - TaskRunner - INFO -     🔧 Tool called: harvest_resource(targetInstance=689247175)
2025-10-09 15:34:05,394 - TaskRunner - INFO -     📊 State: active | Actions: 14 | Chats: 8
2025-10-09 15:34:05,394 - TaskRunner - INFO -     📊 Lv.58 | XP:38967 | ❤️0/939 | 💙68/68 | 📍(237,44) ⚔️
2025-10-09 15:34:05,394 - TaskRunner - INFO -     🔧 Tool call: harvest_resource(targetInstance=689247175)
2025-10-09 15:34:05,395 - TaskRunner - INFO -     ✅ Result: Moved closer to Oak2 Tree at (262, 38) from position (261, 39). Failed to start chopping Oak2 Tree: API returned status 'error' with message: HTTP 400 error after 3 attempts: 400 Client Error: Bad Request for url: http://localhost:7031/ai/collect
2025-10-09 15:34:05,395 - TaskRunner - INFO -     💭 Content: harvest_resource(targetInstance=689247175)  Moved closer to Oak2 Tree at (262, 38) from position (...
2025-10-09 15:34:05,395 - TaskRunner - INFO - 📊 agent_4 observation recorded (round 30)
2025-10-09 15:34:05,395 - TaskRunner - INFO -   🤖 agent_5 executing tool call...
2025-10-09 15:34:11,190 - TaskRunner - INFO -     💭 No tool call (thinking/planning)
2025-10-09 15:34:11,220 - TaskRunner - INFO -     📊 State: active | Actions: 15 | Chats: 5
2025-10-09 15:34:11,220 - TaskRunner - INFO -     📊 Lv.81 | XP:45905 | ❤️878/939 | 💙68/68 | 📍(290,155)
2025-10-09 15:34:11,220 - TaskRunner - INFO -     🔧 Tool call: check_inventory_status()
2025-10-09 15:34:11,221 - TaskRunner - INFO -     ✅ Result: 🎒 CURRENT INVENTORY: flask (15x), apple (20x)
2025-10-09 15:34:11,221 - TaskRunner - INFO -     💭 Content: check_inventory_status()  🎒 CURRENT INVENTORY: flask (15x), apple (20x)
2025-10-09 15:34:11,221 - TaskRunner - INFO - 📊 agent_5 observation recorded (round 30)
2025-10-09 15:34:11,222 - TaskRunner - INFO - 📊 Round 30 Summary: Active=5, Completed=0, Failed=0
2025-10-09 15:34:11,222 - TaskRunner - WARNING - ⚠️ Execution stopped after maximum rounds (30)
2025-10-09 15:34:11,230 - TaskRunner - INFO - Logout result for agent_1: Successfully logged out (token: f0480616cf...)
2025-10-09 15:34:11,238 - TaskRunner - INFO - Logout result for agent_2: Successfully logged out (token: d00292cd18...)
2025-10-09 15:34:11,247 - TaskRunner - INFO - Logout result for agent_3: Successfully logged out (token: 0a5fd88d91...)
2025-10-09 15:34:11,254 - TaskRunner - INFO - Logout result for agent_4: Successfully logged out (token: e6a6b8d95d...)
2025-10-09 15:34:11,262 - TaskRunner - INFO - Logout result for agent_5: Successfully logged out (token: ed9f1c7514...)
2025-10-09 15:34:11,263 - TaskRunner - INFO - 📊 Multi-agent execution completed:
2025-10-09 15:34:11,263 - TaskRunner - INFO -   Duration: 1461.27s
2025-10-09 15:34:11,263 - TaskRunner - INFO -   Rounds: 30
2025-10-09 15:34:11,263 - TaskRunner - INFO -   Successful agents: 0/5
2025-10-09 15:34:11,263 - TaskRunner - INFO -   Total actions: 76
2025-10-09 15:34:11,263 - TaskRunner - INFO -   Total chats: 31
2025-10-09 15:34:11,264 - TaskRunner - INFO - 📊 Final Agent Status Details:
2025-10-09 15:34:11,264 - TaskRunner - INFO -   agent_1: active
2025-10-09 15:34:11,264 - TaskRunner - INFO -     Actions: 19, Chats: 5, Duration: 1455.5s
2025-10-09 15:34:11,264 - TaskRunner - INFO -     📊 Status: Session inactive
2025-10-09 15:34:11,264 - TaskRunner - INFO -   agent_2: active
2025-10-09 15:34:11,264 - TaskRunner - INFO -     Actions: 15, Chats: 7, Duration: 1450.1s
2025-10-09 15:34:11,265 - TaskRunner - INFO -     📊 Status: Session inactive
2025-10-09 15:34:11,265 - TaskRunner - INFO -   agent_3: active
2025-10-09 15:34:11,265 - TaskRunner - INFO -     Actions: 13, Chats: 6, Duration: 1444.7s
2025-10-09 15:34:11,265 - TaskRunner - INFO -     📊 Status: Session inactive
2025-10-09 15:34:11,265 - TaskRunner - INFO -   agent_4: active
2025-10-09 15:34:11,265 - TaskRunner - INFO -     Actions: 14, Chats: 8, Duration: 1439.2s
2025-10-09 15:34:11,265 - TaskRunner - INFO -     📊 Status: Session inactive
2025-10-09 15:34:11,266 - TaskRunner - INFO -   agent_5: active
2025-10-09 15:34:11,266 - TaskRunner - INFO -     Actions: 15, Chats: 5, Duration: 1433.4s
2025-10-09 15:34:11,266 - TaskRunner - INFO -     📊 Status: Session inactive
2025-10-09 15:34:11,267 - TaskRunner - INFO - 📄 Task summary saved to: task46_logs/repeat_tree_avoid/run_20251009_150949/task_summary_20251009_150949.json
2025-10-09 15:34:11,416 - TaskRunner - INFO - 📊 Trajectory saved to: task46_logs/repeat_tree_avoid/run_20251009_150949/task_46_trajectory.json
